<?xml version="1.0" encoding="UTF-8"?>
<gpx version="1.1"
  creator="BC Backroads research map"
  xmlns="http://www.topografix.com/GPX/1/1"
  xmlns:xsi="http://www.w3.org/2001/XMLSchema-instance"
  xmlns:bcbr="https://konradstaniszewski.com/ns/bc-backroads/1"
  xsi:schemaLocation="http://www.topografix.com/GPX/1/1 http://www.topografix.com/GPX/1/1/gpx.xsd">
  <metadata>
    <name>RI-12 · Lac du Bois road circuit</name>
    <desc>Road-only circuit northwest of Kamloops; off-route motorized travel is prohibited in the protected area. Road geometry derived from OpenStreetMap contributors under ODbL; route selection is an independently authored research overview. Verify land access, closures, gates, weather and field signage.</desc>
    <copyright author="OpenStreetMap contributors">
      <year>2026</year>
      <license>https://opendatacommons.org/licenses/odbl/1-0/</license>
    </copyright>
    <time>2026-09-09T00:00:00Z</time>
  </metadata>
  <trk>
    <name>Lac du Bois road circuit</name>
    <type>candidate</type>
    <extensions>
      <bcbr:routeId>RI-12</bcbr:routeId>
      <bcbr:geometryPolicy>overview</bcbr:geometryPolicy>
      <bcbr:geometrySource>OpenStreetMap optimized loop routing</bcbr:geometrySource>
      <bcbr:geometryUpdatedAt>2026-09-09</bcbr:geometryUpdatedAt>
      <bcbr:pointCount>2256</bcbr:pointCount>
    </extensions>
    <trkseg>
      <trkpt lat="50.678891" lon="-120.328875" />
      <trkpt lat="50.678833" lon="-120.328872" />
      <trkpt lat="50.678717" lon="-120.328868" />
      <trkpt lat="50.678617" lon="-120.328864" />
      <trkpt lat="50.678258" lon="-120.32885" />
      <trkpt lat="50.678235" lon="-120.328849" />
      <trkpt lat="50.678178" lon="-120.328846" />
      <trkpt lat="50.678154" lon="-120.329662" />
      <trkpt lat="50.678142" lon="-120.33007" />
      <trkpt lat="50.67812" lon="-120.33107" />
      <trkpt lat="50.678108" lon="-120.331635" />
      <trkpt lat="50.678097" lon="-120.332143" />
      <trkpt lat="50.678095" lon="-120.332222" />
      <trkpt lat="50.678095" lon="-120.332361" />
      <trkpt lat="50.678093" lon="-120.332819" />
      <trkpt lat="50.678091" lon="-120.3329" />
      <trkpt lat="50.67809" lon="-120.332976" />
      <trkpt lat="50.678135" lon="-120.333993" />
      <trkpt lat="50.678146" lon="-120.334088" />
      <trkpt lat="50.678161" lon="-120.334167" />
      <trkpt lat="50.678181" lon="-120.334247" />
      <trkpt lat="50.678195" lon="-120.334266" />
      <trkpt lat="50.678207" lon="-120.334288" />
      <trkpt lat="50.678217" lon="-120.334313" />
      <trkpt lat="50.678227" lon="-120.334363" />
      <trkpt lat="50.678229" lon="-120.334416" />
      <trkpt lat="50.67822" lon="-120.334468" />
      <trkpt lat="50.678203" lon="-120.334514" />
      <trkpt lat="50.678185" lon="-120.334543" />
      <trkpt lat="50.678163" lon="-120.334564" />
      <trkpt lat="50.678137" lon="-120.334647" />
      <trkpt lat="50.678123" lon="-120.334699" />
      <trkpt lat="50.678121" lon="-120.334711" />
      <trkpt lat="50.678113" lon="-120.334754" />
      <trkpt lat="50.678106" lon="-120.334795" />
      <trkpt lat="50.678099" lon="-120.334841" />
      <trkpt lat="50.678086" lon="-120.334934" />
      <trkpt lat="50.677994" lon="-120.335389" />
      <trkpt lat="50.677971" lon="-120.335473" />
      <trkpt lat="50.677953" lon="-120.335532" />
      <trkpt lat="50.677921" lon="-120.335639" />
      <trkpt lat="50.677756" lon="-120.33613" />
      <trkpt lat="50.677608" lon="-120.336614" />
      <trkpt lat="50.677599" lon="-120.336645" />
      <trkpt lat="50.677574" lon="-120.336727" />
      <trkpt lat="50.677542" lon="-120.336836" />
      <trkpt lat="50.677538" lon="-120.336848" />
      <trkpt lat="50.677474" lon="-120.337052" />
      <trkpt lat="50.677429" lon="-120.33721" />
      <trkpt lat="50.677413" lon="-120.337269" />
      <trkpt lat="50.677399" lon="-120.337328" />
      <trkpt lat="50.677393" lon="-120.337356" />
      <trkpt lat="50.677378" lon="-120.337432" />
      <trkpt lat="50.677367" lon="-120.337521" />
      <trkpt lat="50.677363" lon="-120.337571" />
      <trkpt lat="50.677361" lon="-120.337628" />
      <trkpt lat="50.677361" lon="-120.337682" />
      <trkpt lat="50.677363" lon="-120.337737" />
      <trkpt lat="50.677366" lon="-120.3378" />
      <trkpt lat="50.677374" lon="-120.337864" />
      <trkpt lat="50.677385" lon="-120.337938" />
      <trkpt lat="50.677398" lon="-120.33801" />
      <trkpt lat="50.677405" lon="-120.33807" />
      <trkpt lat="50.677412" lon="-120.338126" />
      <trkpt lat="50.677416" lon="-120.338175" />
      <trkpt lat="50.67742" lon="-120.338219" />
      <trkpt lat="50.677421" lon="-120.338266" />
      <trkpt lat="50.67742" lon="-120.33831" />
      <trkpt lat="50.677419" lon="-120.338348" />
      <trkpt lat="50.677416" lon="-120.338386" />
      <trkpt lat="50.677413" lon="-120.33842" />
      <trkpt lat="50.677408" lon="-120.33846" />
      <trkpt lat="50.677399" lon="-120.338504" />
      <trkpt lat="50.677389" lon="-120.338552" />
      <trkpt lat="50.677379" lon="-120.338591" />
      <trkpt lat="50.677364" lon="-120.338641" />
      <trkpt lat="50.677314" lon="-120.338751" />
      <trkpt lat="50.677273" lon="-120.33883" />
      <trkpt lat="50.677248" lon="-120.338871" />
      <trkpt lat="50.67722" lon="-120.338914" />
      <trkpt lat="50.677192" lon="-120.338952" />
      <trkpt lat="50.677163" lon="-120.338984" />
      <trkpt lat="50.677135" lon="-120.339008" />
      <trkpt lat="50.677109" lon="-120.339027" />
      <trkpt lat="50.677079" lon="-120.339049" />
      <trkpt lat="50.677049" lon="-120.339066" />
      <trkpt lat="50.676985" lon="-120.339088" />
      <trkpt lat="50.676923" lon="-120.339102" />
      <trkpt lat="50.676875" lon="-120.339109" />
      <trkpt lat="50.676731" lon="-120.339157" />
      <trkpt lat="50.676706" lon="-120.339156" />
      <trkpt lat="50.676639" lon="-120.339137" />
      <trkpt lat="50.67664" lon="-120.339277" />
      <trkpt lat="50.676631" lon="-120.339585" />
      <trkpt lat="50.676629" lon="-120.339846" />
      <trkpt lat="50.676631" lon="-120.34" />
      <trkpt lat="50.676631" lon="-120.340155" />
      <trkpt lat="50.676647" lon="-120.340426" />
      <trkpt lat="50.676679" lon="-120.340697" />
      <trkpt lat="50.67673" lon="-120.341012" />
      <trkpt lat="50.676779" lon="-120.341287" />
      <trkpt lat="50.676812" lon="-120.34146" />
      <trkpt lat="50.676833" lon="-120.341575" />
      <trkpt lat="50.676922" lon="-120.341973" />
      <trkpt lat="50.676966" lon="-120.342164" />
      <trkpt lat="50.677064" lon="-120.342556" />
      <trkpt lat="50.677119" lon="-120.342796" />
      <trkpt lat="50.677127" lon="-120.342831" />
      <trkpt lat="50.677272" lon="-120.34349" />
      <trkpt lat="50.677315" lon="-120.343664" />
      <trkpt lat="50.677407" lon="-120.344068" />
      <trkpt lat="50.677449" lon="-120.344248" />
      <trkpt lat="50.677467" lon="-120.344457" />
      <trkpt lat="50.677531" lon="-120.34469" />
      <trkpt lat="50.677673" lon="-120.345203" />
      <trkpt lat="50.677755" lon="-120.345483" />
      <trkpt lat="50.677835" lon="-120.345756" />
      <trkpt lat="50.678001" lon="-120.346318" />
      <trkpt lat="50.678114" lon="-120.346672" />
      <trkpt lat="50.678167" lon="-120.346838" />
      <trkpt lat="50.678226" lon="-120.347021" />
      <trkpt lat="50.678289" lon="-120.34716" />
      <trkpt lat="50.678567" lon="-120.348052" />
      <trkpt lat="50.678612" lon="-120.348192" />
      <trkpt lat="50.678651" lon="-120.348437" />
      <trkpt lat="50.678679" lon="-120.348665" />
      <trkpt lat="50.678688" lon="-120.348948" />
      <trkpt lat="50.678667" lon="-120.349364" />
      <trkpt lat="50.67864" lon="-120.349758" />
      <trkpt lat="50.678607" lon="-120.350391" />
      <trkpt lat="50.678615" lon="-120.350625" />
      <trkpt lat="50.678647" lon="-120.350818" />
      <trkpt lat="50.678706" lon="-120.350999" />
      <trkpt lat="50.678843" lon="-120.351246" />
      <trkpt lat="50.678904" lon="-120.35137" />
      <trkpt lat="50.67902" lon="-120.351482" />
      <trkpt lat="50.679139" lon="-120.351534" />
      <trkpt lat="50.679255" lon="-120.351566" />
      <trkpt lat="50.679345" lon="-120.351562" />
      <trkpt lat="50.679426" lon="-120.351555" />
      <trkpt lat="50.679513" lon="-120.351522" />
      <trkpt lat="50.679626" lon="-120.351459" />
      <trkpt lat="50.682882" lon="-120.34894" />
      <trkpt lat="50.683027" lon="-120.348833" />
      <trkpt lat="50.683621" lon="-120.348387" />
      <trkpt lat="50.683863" lon="-120.348221" />
      <trkpt lat="50.684703" lon="-120.3476" />
      <trkpt lat="50.684978" lon="-120.347439" />
      <trkpt lat="50.685307" lon="-120.347336" />
      <trkpt lat="50.685423" lon="-120.347305" />
      <trkpt lat="50.685635" lon="-120.347248" />
      <trkpt lat="50.68585" lon="-120.34723" />
      <trkpt lat="50.686155" lon="-120.34723" />
      <trkpt lat="50.686453" lon="-120.347255" />
      <trkpt lat="50.686738" lon="-120.347318" />
      <trkpt lat="50.687123" lon="-120.347439" />
      <trkpt lat="50.687478" lon="-120.347609" />
      <trkpt lat="50.687796" lon="-120.347793" />
      <trkpt lat="50.688063" lon="-120.347983" />
      <trkpt lat="50.688132" lon="-120.348042" />
      <trkpt lat="50.688224" lon="-120.348122" />
      <trkpt lat="50.688521" lon="-120.348414" />
      <trkpt lat="50.688969" lon="-120.348987" />
      <trkpt lat="50.689334" lon="-120.349495" />
      <trkpt lat="50.689692" lon="-120.349996" />
      <trkpt lat="50.690068" lon="-120.35052" />
      <trkpt lat="50.690804" lon="-120.351547" />
      <trkpt lat="50.691076" lon="-120.351927" />
      <trkpt lat="50.691484" lon="-120.352524" />
      <trkpt lat="50.691547" lon="-120.35261" />
      <trkpt lat="50.691573" lon="-120.352649" />
      <trkpt lat="50.691612" lon="-120.352702" />
      <trkpt lat="50.691691" lon="-120.352809" />
      <trkpt lat="50.691859" lon="-120.353052" />
      <trkpt lat="50.692229" lon="-120.353563" />
      <trkpt lat="50.6926" lon="-120.354091" />
      <trkpt lat="50.692869" lon="-120.354473" />
      <trkpt lat="50.692953" lon="-120.354587" />
      <trkpt lat="50.693214" lon="-120.354948" />
      <trkpt lat="50.693482" lon="-120.35531" />
      <trkpt lat="50.69362" lon="-120.35545" />
      <trkpt lat="50.693761" lon="-120.35557" />
      <trkpt lat="50.694033" lon="-120.355724" />
      <trkpt lat="50.694113" lon="-120.355768" />
      <trkpt lat="50.694204" lon="-120.355812" />
      <trkpt lat="50.694229" lon="-120.355821" />
      <trkpt lat="50.694402" lon="-120.355864" />
      <trkpt lat="50.694821" lon="-120.355945" />
      <trkpt lat="50.694976" lon="-120.355982" />
      <trkpt lat="50.695179" lon="-120.355981" />
      <trkpt lat="50.695343" lon="-120.356051" />
      <trkpt lat="50.69557" lon="-120.356165" />
      <trkpt lat="50.696023" lon="-120.356421" />
      <trkpt lat="50.696298" lon="-120.356572" />
      <trkpt lat="50.696888" lon="-120.35691" />
      <trkpt lat="50.69692" lon="-120.356929" />
      <trkpt lat="50.696996" lon="-120.356972" />
      <trkpt lat="50.697068" lon="-120.357027" />
      <trkpt lat="50.697293" lon="-120.3572" />
      <trkpt lat="50.697464" lon="-120.357345" />
      <trkpt lat="50.697592" lon="-120.357463" />
      <trkpt lat="50.697664" lon="-120.357537" />
      <trkpt lat="50.697839" lon="-120.357726" />
      <trkpt lat="50.697963" lon="-120.35788" />
      <trkpt lat="50.698096" lon="-120.358069" />
      <trkpt lat="50.698276" lon="-120.358373" />
      <trkpt lat="50.6983" lon="-120.358414" />
      <trkpt lat="50.698358" lon="-120.358512" />
      <trkpt lat="50.698451" lon="-120.358691" />
      <trkpt lat="50.698471" lon="-120.358731" />
      <trkpt lat="50.698614" lon="-120.359051" />
      <trkpt lat="50.698737" lon="-120.35939" />
      <trkpt lat="50.6988" lon="-120.359592" />
      <trkpt lat="50.698864" lon="-120.359848" />
      <trkpt lat="50.698941" lon="-120.360167" />
      <trkpt lat="50.698994" lon="-120.360424" />
      <trkpt lat="50.699028" lon="-120.360609" />
      <trkpt lat="50.699095" lon="-120.360995" />
      <trkpt lat="50.699185" lon="-120.361535" />
      <trkpt lat="50.699297" lon="-120.362212" />
      <trkpt lat="50.699387" lon="-120.362504" />
      <trkpt lat="50.699466" lon="-120.362693" />
      <trkpt lat="50.699534" lon="-120.362794" />
      <trkpt lat="50.69971" lon="-120.362897" />
      <trkpt lat="50.699843" lon="-120.362925" />
      <trkpt lat="50.700263" lon="-120.36303" />
      <trkpt lat="50.700975" lon="-120.363186" />
      <trkpt lat="50.701405" lon="-120.36326" />
      <trkpt lat="50.701613" lon="-120.363295" />
      <trkpt lat="50.701872" lon="-120.36334" />
      <trkpt lat="50.702249" lon="-120.363401" />
      <trkpt lat="50.702694" lon="-120.36348" />
      <trkpt lat="50.703128" lon="-120.363558" />
      <trkpt lat="50.703215" lon="-120.363574" />
      <trkpt lat="50.7033" lon="-120.363588" />
      <trkpt lat="50.70353" lon="-120.363628" />
      <trkpt lat="50.703831" lon="-120.363681" />
      <trkpt lat="50.704371" lon="-120.363774" />
      <trkpt lat="50.704608" lon="-120.363816" />
      <trkpt lat="50.704939" lon="-120.363873" />
      <trkpt lat="50.705151" lon="-120.36391" />
      <trkpt lat="50.70534" lon="-120.363943" />
      <trkpt lat="50.705658" lon="-120.363993" />
      <trkpt lat="50.706153" lon="-120.364071" />
      <trkpt lat="50.706527" lon="-120.364142" />
      <trkpt lat="50.707193" lon="-120.364269" />
      <trkpt lat="50.707357" lon="-120.364297" />
      <trkpt lat="50.707399" lon="-120.364304" />
      <trkpt lat="50.70826" lon="-120.36445" />
      <trkpt lat="50.708523" lon="-120.364499" />
      <trkpt lat="50.708788" lon="-120.364662" />
      <trkpt lat="50.70914" lon="-120.36482" />
      <trkpt lat="50.709362" lon="-120.36495" />
      <trkpt lat="50.709793" lon="-120.365211" />
      <trkpt lat="50.710038" lon="-120.365364" />
      <trkpt lat="50.710152" lon="-120.365365" />
      <trkpt lat="50.710599" lon="-120.36561" />
      <trkpt lat="50.710841" lon="-120.365743" />
      <trkpt lat="50.711155" lon="-120.365872" />
      <trkpt lat="50.71134" lon="-120.36591" />
      <trkpt lat="50.71151" lon="-120.365915" />
      <trkpt lat="50.711681" lon="-120.365893" />
      <trkpt lat="50.711883" lon="-120.365842" />
      <trkpt lat="50.712019" lon="-120.365778" />
      <trkpt lat="50.712227" lon="-120.365652" />
      <trkpt lat="50.712504" lon="-120.365425" />
      <trkpt lat="50.712764" lon="-120.365174" />
      <trkpt lat="50.713057" lon="-120.364863" />
      <trkpt lat="50.713505" lon="-120.364371" />
      <trkpt lat="50.713942" lon="-120.363817" />
      <trkpt lat="50.715081" lon="-120.362299" />
      <trkpt lat="50.71514" lon="-120.362222" />
      <trkpt lat="50.715214" lon="-120.362124" />
      <trkpt lat="50.716538" lon="-120.360382" />
      <trkpt lat="50.716693" lon="-120.360192" />
      <trkpt lat="50.716855" lon="-120.359996" />
      <trkpt lat="50.717036" lon="-120.359836" />
      <trkpt lat="50.717198" lon="-120.359713" />
      <trkpt lat="50.717293" lon="-120.359648" />
      <trkpt lat="50.717328" lon="-120.359626" />
      <trkpt lat="50.717488" lon="-120.359545" />
      <trkpt lat="50.717656" lon="-120.359483" />
      <trkpt lat="50.717832" lon="-120.359445" />
      <trkpt lat="50.718029" lon="-120.359414" />
      <trkpt lat="50.718265" lon="-120.359423" />
      <trkpt lat="50.718577" lon="-120.359487" />
      <trkpt lat="50.718603" lon="-120.359494" />
      <trkpt lat="50.718694" lon="-120.359516" />
      <trkpt lat="50.719147" lon="-120.359664" />
      <trkpt lat="50.719718" lon="-120.359832" />
      <trkpt lat="50.7199" lon="-120.359872" />
      <trkpt lat="50.720185" lon="-120.359906" />
      <trkpt lat="50.720496" lon="-120.359924" />
      <trkpt lat="50.721016" lon="-120.359892" />
      <trkpt lat="50.721094" lon="-120.359875" />
      <trkpt lat="50.721203" lon="-120.359856" />
      <trkpt lat="50.72145" lon="-120.359788" />
      <trkpt lat="50.721658" lon="-120.359719" />
      <trkpt lat="50.72209" lon="-120.359574" />
      <trkpt lat="50.72253" lon="-120.359414" />
      <trkpt lat="50.723706" lon="-120.359011" />
      <trkpt lat="50.724195" lon="-120.358847" />
      <trkpt lat="50.724264" lon="-120.358823" />
      <trkpt lat="50.724416" lon="-120.358783" />
      <trkpt lat="50.724703" lon="-120.358699" />
      <trkpt lat="50.725589" lon="-120.35848" />
      <trkpt lat="50.726023" lon="-120.358399" />
      <trkpt lat="50.726756" lon="-120.358286" />
      <trkpt lat="50.72701" lon="-120.358282" />
      <trkpt lat="50.727209" lon="-120.358298" />
      <trkpt lat="50.727525" lon="-120.358366" />
      <trkpt lat="50.728062" lon="-120.358619" />
      <trkpt lat="50.728419" lon="-120.358823" />
      <trkpt lat="50.728641" lon="-120.358937" />
      <trkpt lat="50.728837" lon="-120.359051" />
      <trkpt lat="50.728995" lon="-120.359093" />
      <trkpt lat="50.729065" lon="-120.359112" />
      <trkpt lat="50.729281" lon="-120.359162" />
      <trkpt lat="50.729796" lon="-120.359132" />
      <trkpt lat="50.730702" lon="-120.358948" />
      <trkpt lat="50.730805" lon="-120.358927" />
      <trkpt lat="50.731407" lon="-120.35881" />
      <trkpt lat="50.733315" lon="-120.35844" />
      <trkpt lat="50.734319" lon="-120.358245" />
      <trkpt lat="50.734802" lon="-120.358151" />
      <trkpt lat="50.73486" lon="-120.35814" />
      <trkpt lat="50.735078" lon="-120.358134" />
      <trkpt lat="50.735145" lon="-120.358132" />
      <trkpt lat="50.73532" lon="-120.358128" />
      <trkpt lat="50.735657" lon="-120.358178" />
      <trkpt lat="50.735724" lon="-120.358188" />
      <trkpt lat="50.736532" lon="-120.358304" />
      <trkpt lat="50.736578" lon="-120.35831" />
      <trkpt lat="50.736579" lon="-120.35831" />
      <trkpt lat="50.736658" lon="-120.358322" />
      <trkpt lat="50.737353" lon="-120.358331" />
      <trkpt lat="50.738739" lon="-120.358122" />
      <trkpt lat="50.739508" lon="-120.358012" />
      <trkpt lat="50.740175" lon="-120.357911" />
      <trkpt lat="50.740582" lon="-120.357809" />
      <trkpt lat="50.74095" lon="-120.357603" />
      <trkpt lat="50.741288" lon="-120.357411" />
      <trkpt lat="50.741346" lon="-120.357378" />
      <trkpt lat="50.741859" lon="-120.357093" />
      <trkpt lat="50.742273" lon="-120.356999" />
      <trkpt lat="50.744448" lon="-120.357171" />
      <trkpt lat="50.744457" lon="-120.357172" />
      <trkpt lat="50.744467" lon="-120.357174" />
      <trkpt lat="50.744579" lon="-120.357198" />
      <trkpt lat="50.744647" lon="-120.357212" />
      <trkpt lat="50.744711" lon="-120.357226" />
      <trkpt lat="50.744777" lon="-120.35724" />
      <trkpt lat="50.745025" lon="-120.357308" />
      <trkpt lat="50.745411" lon="-120.35751" />
      <trkpt lat="50.746139" lon="-120.358079" />
      <trkpt lat="50.746466" lon="-120.358266" />
      <trkpt lat="50.746769" lon="-120.358357" />
      <trkpt lat="50.747102" lon="-120.358378" />
      <trkpt lat="50.74754" lon="-120.358328" />
      <trkpt lat="50.747825" lon="-120.358235" />
      <trkpt lat="50.74807" lon="-120.358104" />
      <trkpt lat="50.748436" lon="-120.357818" />
      <trkpt lat="50.748781" lon="-120.357426" />
      <trkpt lat="50.74913" lon="-120.356949" />
      <trkpt lat="50.749174" lon="-120.356888" />
      <trkpt lat="50.749675" lon="-120.356206" />
      <trkpt lat="50.750015" lon="-120.35588" />
      <trkpt lat="50.750084" lon="-120.355813" />
      <trkpt lat="50.750558" lon="-120.355355" />
      <trkpt lat="50.750621" lon="-120.355295" />
      <trkpt lat="50.751269" lon="-120.354668" />
      <trkpt lat="50.752411" lon="-120.353563" />
      <trkpt lat="50.753258" lon="-120.35275" />
      <trkpt lat="50.754008" lon="-120.352032" />
      <trkpt lat="50.754036" lon="-120.352001" />
      <trkpt lat="50.754307" lon="-120.351741" />
      <trkpt lat="50.75463" lon="-120.351431" />
      <trkpt lat="50.755719" lon="-120.3504" />
      <trkpt lat="50.755786" lon="-120.350337" />
      <trkpt lat="50.756623" lon="-120.349539" />
      <trkpt lat="50.756701" lon="-120.349464" />
      <trkpt lat="50.756991" lon="-120.349186" />
      <trkpt lat="50.757305" lon="-120.34899" />
      <trkpt lat="50.757397" lon="-120.348937" />
      <trkpt lat="50.757431" lon="-120.348921" />
      <trkpt lat="50.757764" lon="-120.348844" />
      <trkpt lat="50.758868" lon="-120.348844" />
      <trkpt lat="50.759597" lon="-120.348844" />
      <trkpt lat="50.759895" lon="-120.348846" />
      <trkpt lat="50.759966" lon="-120.348847" />
      <trkpt lat="50.760521" lon="-120.348838" />
      <trkpt lat="50.761386" lon="-120.348838" />
      <trkpt lat="50.761878" lon="-120.348754" />
      <trkpt lat="50.762348" lon="-120.348542" />
      <trkpt lat="50.763708" lon="-120.347645" />
      <trkpt lat="50.764257" lon="-120.347279" />
      <trkpt lat="50.765448" lon="-120.346486" />
      <trkpt lat="50.765496" lon="-120.346455" />
      <trkpt lat="50.765627" lon="-120.346368" />
      <trkpt lat="50.766079" lon="-120.346069" />
      <trkpt lat="50.7661" lon="-120.346055" />
      <trkpt lat="50.766382" lon="-120.345869" />
      <trkpt lat="50.766428" lon="-120.345838" />
      <trkpt lat="50.767092" lon="-120.345399" />
      <trkpt lat="50.767297" lon="-120.345264" />
      <trkpt lat="50.767492" lon="-120.345135" />
      <trkpt lat="50.767529" lon="-120.34511" />
      <trkpt lat="50.767783" lon="-120.344942" />
      <trkpt lat="50.767853" lon="-120.344897" />
      <trkpt lat="50.768134" lon="-120.344709" />
      <trkpt lat="50.768232" lon="-120.344647" />
      <trkpt lat="50.768581" lon="-120.344418" />
      <trkpt lat="50.768718" lon="-120.344329" />
      <trkpt lat="50.768784" lon="-120.344285" />
      <trkpt lat="50.769169" lon="-120.344027" />
      <trkpt lat="50.769632" lon="-120.343719" />
      <trkpt lat="50.770462" lon="-120.343171" />
      <trkpt lat="50.770484" lon="-120.343157" />
      <trkpt lat="50.770622" lon="-120.343064" />
      <trkpt lat="50.771434" lon="-120.342504" />
      <trkpt lat="50.77152" lon="-120.342456" />
      <trkpt lat="50.772003" lon="-120.342157" />
      <trkpt lat="50.772558" lon="-120.341791" />
      <trkpt lat="50.77295" lon="-120.341532" />
      <trkpt lat="50.773796" lon="-120.340975" />
      <trkpt lat="50.77507" lon="-120.340155" />
      <trkpt lat="50.775507" lon="-120.339976" />
      <trkpt lat="50.775887" lon="-120.339923" />
      <trkpt lat="50.776304" lon="-120.339982" />
      <trkpt lat="50.776352" lon="-120.339981" />
      <trkpt lat="50.776673" lon="-120.339975" />
      <trkpt lat="50.776736" lon="-120.339974" />
      <trkpt lat="50.777254" lon="-120.339968" />
      <trkpt lat="50.777636" lon="-120.339858" />
      <trkpt lat="50.781409" lon="-120.337785" />
      <trkpt lat="50.781454" lon="-120.337761" />
      <trkpt lat="50.781895" lon="-120.337487" />
      <trkpt lat="50.782385" lon="-120.337214" />
      <trkpt lat="50.78574" lon="-120.334909" />
      <trkpt lat="50.785825" lon="-120.334851" />
      <trkpt lat="50.786115" lon="-120.334609" />
      <trkpt lat="50.787491" lon="-120.333456" />
      <trkpt lat="50.789703" lon="-120.330973" />
      <trkpt lat="50.790207" lon="-120.330574" />
      <trkpt lat="50.790331" lon="-120.330476" />
      <trkpt lat="50.790963" lon="-120.330025" />
      <trkpt lat="50.79102" lon="-120.329984" />
      <trkpt lat="50.791444" lon="-120.329728" />
      <trkpt lat="50.791889" lon="-120.32946" />
      <trkpt lat="50.792204" lon="-120.329341" />
      <trkpt lat="50.792383" lon="-120.32932" />
      <trkpt lat="50.79243" lon="-120.329314" />
      <trkpt lat="50.792529" lon="-120.329302" />
      <trkpt lat="50.792978" lon="-120.329323" />
      <trkpt lat="50.793307" lon="-120.32927" />
      <trkpt lat="50.794146" lon="-120.328819" />
      <trkpt lat="50.794891" lon="-120.328603" />
      <trkpt lat="50.796306" lon="-120.328503" />
      <trkpt lat="50.796525" lon="-120.328487" />
      <trkpt lat="50.797292" lon="-120.328589" />
      <trkpt lat="50.799245" lon="-120.329325" />
      <trkpt lat="50.799572" lon="-120.329379" />
      <trkpt lat="50.799635" lon="-120.329369" />
      <trkpt lat="50.800003" lon="-120.32931" />
      <trkpt lat="50.80043" lon="-120.329242" />
      <trkpt lat="50.802694" lon="-120.3292" />
      <trkpt lat="50.802976" lon="-120.329199" />
      <trkpt lat="50.803382" lon="-120.329285" />
      <trkpt lat="50.803529" lon="-120.329316" />
      <trkpt lat="50.803892" lon="-120.32929" />
      <trkpt lat="50.8047" lon="-120.328919" />
      <trkpt lat="50.806014" lon="-120.328317" />
      <trkpt lat="50.808071" lon="-120.328094" />
      <trkpt lat="50.8097" lon="-120.327574" />
      <trkpt lat="50.81022" lon="-120.327503" />
      <trkpt lat="50.810744" lon="-120.327615" />
      <trkpt lat="50.810768" lon="-120.327613" />
      <trkpt lat="50.810995" lon="-120.327592" />
      <trkpt lat="50.811656" lon="-120.327256" />
      <trkpt lat="50.812059" lon="-120.327185" />
      <trkpt lat="50.812657" lon="-120.327231" />
      <trkpt lat="50.813425" lon="-120.32729" />
      <trkpt lat="50.813809" lon="-120.327262" />
      <trkpt lat="50.814377" lon="-120.327023" />
      <trkpt lat="50.81483" lon="-120.326699" />
      <trkpt lat="50.815524" lon="-120.325915" />
      <trkpt lat="50.815763" lon="-120.325745" />
      <trkpt lat="50.81602" lon="-120.325616" />
      <trkpt lat="50.817007" lon="-120.325119" />
      <trkpt lat="50.817157" lon="-120.325005" />
      <trkpt lat="50.817446" lon="-120.324787" />
      <trkpt lat="50.81779" lon="-120.324528" />
      <trkpt lat="50.81823" lon="-120.32406" />
      <trkpt lat="50.818385" lon="-120.323872" />
      <trkpt lat="50.819096" lon="-120.322947" />
      <trkpt lat="50.820162" lon="-120.321936" />
      <trkpt lat="50.820794" lon="-120.321251" />
      <trkpt lat="50.821447" lon="-120.320451" />
      <trkpt lat="50.821893" lon="-120.32004" />
      <trkpt lat="50.82555" lon="-120.31754" />
      <trkpt lat="50.82603" lon="-120.317108" />
      <trkpt lat="50.826993" lon="-120.316239" />
      <trkpt lat="50.827205" lon="-120.316018" />
      <trkpt lat="50.828894" lon="-120.314249" />
      <trkpt lat="50.829003" lon="-120.314135" />
      <trkpt lat="50.82935" lon="-120.313771" />
      <trkpt lat="50.829857" lon="-120.31324" />
      <trkpt lat="50.830514" lon="-120.312552" />
      <trkpt lat="50.831429" lon="-120.311797" />
      <trkpt lat="50.831835" lon="-120.311505" />
      <trkpt lat="50.831937" lon="-120.311432" />
      <trkpt lat="50.832188" lon="-120.311251" />
      <trkpt lat="50.833312" lon="-120.310442" />
      <trkpt lat="50.83364" lon="-120.310255" />
      <trkpt lat="50.834252" lon="-120.309905" />
      <trkpt lat="50.835447" lon="-120.309379" />
      <trkpt lat="50.836072" lon="-120.308993" />
      <trkpt lat="50.836112" lon="-120.308966" />
      <trkpt lat="50.837125" lon="-120.308277" />
      <trkpt lat="50.837684" lon="-120.307788" />
      <trkpt lat="50.837702" lon="-120.307773" />
      <trkpt lat="50.83808" lon="-120.30729" />
      <trkpt lat="50.838467" lon="-120.3067" />
      <trkpt lat="50.838941" lon="-120.305979" />
      <trkpt lat="50.839068" lon="-120.305726" />
      <trkpt lat="50.839861" lon="-120.304148" />
      <trkpt lat="50.839938" lon="-120.304026" />
      <trkpt lat="50.840187" lon="-120.303636" />
      <trkpt lat="50.840468" lon="-120.303339" />
      <trkpt lat="50.84055" lon="-120.303253" />
      <trkpt lat="50.840798" lon="-120.303076" />
      <trkpt lat="50.841025" lon="-120.302983" />
      <trkpt lat="50.841251" lon="-120.302918" />
      <trkpt lat="50.841727" lon="-120.302924" />
      <trkpt lat="50.841781" lon="-120.302924" />
      <trkpt lat="50.842198" lon="-120.302975" />
      <trkpt lat="50.842351" lon="-120.302988" />
      <trkpt lat="50.842468" lon="-120.303002" />
      <trkpt lat="50.842614" lon="-120.302986" />
      <trkpt lat="50.84277" lon="-120.302951" />
      <trkpt lat="50.842898" lon="-120.302892" />
      <trkpt lat="50.8432" lon="-120.302674" />
      <trkpt lat="50.843575" lon="-120.302219" />
      <trkpt lat="50.844025" lon="-120.301824" />
      <trkpt lat="50.84465" lon="-120.301499" />
      <trkpt lat="50.845178" lon="-120.301225" />
      <trkpt lat="50.846539" lon="-120.300537" />
      <trkpt lat="50.84703" lon="-120.300389" />
      <trkpt lat="50.847561" lon="-120.300291" />
      <trkpt lat="50.847852" lon="-120.300238" />
      <trkpt lat="50.84905" lon="-120.299934" />
      <trkpt lat="50.850101" lon="-120.299432" />
      <trkpt lat="50.8508" lon="-120.298838" />
      <trkpt lat="50.850965" lon="-120.298698" />
      <trkpt lat="50.850997" lon="-120.29867" />
      <trkpt lat="50.851774" lon="-120.297848" />
      <trkpt lat="50.852021" lon="-120.29759" />
      <trkpt lat="50.852062" lon="-120.297547" />
      <trkpt lat="50.852189" lon="-120.297523" />
      <trkpt lat="50.852356" lon="-120.297491" />
      <trkpt lat="50.852623" lon="-120.297356" />
      <trkpt lat="50.852772" lon="-120.297203" />
      <trkpt lat="50.85331" lon="-120.297101" />
      <trkpt lat="50.853624" lon="-120.297075" />
      <trkpt lat="50.854362" lon="-120.297267" />
      <trkpt lat="50.854557" lon="-120.29727" />
      <trkpt lat="50.855039" lon="-120.297284" />
      <trkpt lat="50.855125" lon="-120.297299" />
      <trkpt lat="50.856198" lon="-120.297635" />
      <trkpt lat="50.856772" lon="-120.297907" />
      <trkpt lat="50.858132" lon="-120.297515" />
      <trkpt lat="50.859101" lon="-120.296967" />
      <trkpt lat="50.859366" lon="-120.296545" />
      <trkpt lat="50.859805" lon="-120.296206" />
      <trkpt lat="50.860192" lon="-120.296094" />
      <trkpt lat="50.860895" lon="-120.296474" />
      <trkpt lat="50.861146" lon="-120.296946" />
      <trkpt lat="50.861154" lon="-120.29736" />
      <trkpt lat="50.861025" lon="-120.29765" />
      <trkpt lat="50.860015" lon="-120.298609" />
      <trkpt lat="50.85959" lon="-120.299377" />
      <trkpt lat="50.859175" lon="-120.299757" />
      <trkpt lat="50.859087" lon="-120.300079" />
      <trkpt lat="50.859102" lon="-120.30075" />
      <trkpt lat="50.859433" lon="-120.302407" />
      <trkpt lat="50.859798" lon="-120.302772" />
      <trkpt lat="50.860387" lon="-120.302782" />
      <trkpt lat="50.860788" lon="-120.302875" />
      <trkpt lat="50.861139" lon="-120.303212" />
      <trkpt lat="50.861376" lon="-120.303555" />
      <trkpt lat="50.8616" lon="-120.304242" />
      <trkpt lat="50.861769" lon="-120.306076" />
      <trkpt lat="50.861633" lon="-120.307331" />
      <trkpt lat="50.86143" lon="-120.308018" />
      <trkpt lat="50.861432" lon="-120.308422" />
      <trkpt lat="50.861574" lon="-120.308808" />
      <trkpt lat="50.861823" lon="-120.309102" />
      <trkpt lat="50.862196" lon="-120.309713" />
      <trkpt lat="50.862365" lon="-120.310142" />
      <trkpt lat="50.862621" lon="-120.310415" />
      <trkpt lat="50.862989" lon="-120.310578" />
      <trkpt lat="50.863618" lon="-120.310851" />
      <trkpt lat="50.864127" lon="-120.311157" />
      <trkpt lat="50.864323" lon="-120.311232" />
      <trkpt lat="50.864547" lon="-120.311232" />
      <trkpt lat="50.865996" lon="-120.310857" />
      <trkpt lat="50.867106" lon="-120.310782" />
      <trkpt lat="50.867843" lon="-120.310432" />
      <trkpt lat="50.868115" lon="-120.310363" />
      <trkpt lat="50.86842" lon="-120.310449" />
      <trkpt lat="50.869063" lon="-120.310846" />
      <trkpt lat="50.869307" lon="-120.310921" />
      <trkpt lat="50.869909" lon="-120.310932" />
      <trkpt lat="50.871357" lon="-120.310325" />
      <trkpt lat="50.871696" lon="-120.310336" />
      <trkpt lat="50.872921" lon="-120.310775" />
      <trkpt lat="50.873381" lon="-120.311001" />
      <trkpt lat="50.873794" lon="-120.311301" />
      <trkpt lat="50.87439" lon="-120.311537" />
      <trkpt lat="50.874805" lon="-120.311844" />
      <trkpt lat="50.876171" lon="-120.312267" />
      <trkpt lat="50.877125" lon="-120.312846" />
      <trkpt lat="50.877606" lon="-120.313383" />
      <trkpt lat="50.878311" lon="-120.314762" />
      <trkpt lat="50.878784" lon="-120.315357" />
      <trkpt lat="50.879325" lon="-120.315721" />
      <trkpt lat="50.879813" lon="-120.315979" />
      <trkpt lat="50.882339" lon="-120.316693" />
      <trkpt lat="50.882866" lon="-120.316955" />
      <trkpt lat="50.883279" lon="-120.317266" />
      <trkpt lat="50.883847" lon="-120.317846" />
      <trkpt lat="50.884295" lon="-120.318099" />
      <trkpt lat="50.885134" lon="-120.318732" />
      <trkpt lat="50.885411" lon="-120.318919" />
      <trkpt lat="50.885668" lon="-120.319004" />
      <trkpt lat="50.885959" lon="-120.318994" />
      <trkpt lat="50.88667" lon="-120.318822" />
      <trkpt lat="50.886996" lon="-120.318882" />
      <trkpt lat="50.887429" lon="-120.319183" />
      <trkpt lat="50.887943" lon="-120.319698" />
      <trkpt lat="50.888769" lon="-120.320481" />
      <trkpt lat="50.889744" lon="-120.321661" />
      <trkpt lat="50.891725" lon="-120.322985" />
      <trkpt lat="50.892693" lon="-120.323532" />
      <trkpt lat="50.892918" lon="-120.323828" />
      <trkpt lat="50.89362" lon="-120.325581" />
      <trkpt lat="50.893811" lon="-120.326425" />
      <trkpt lat="50.893797" lon="-120.328152" />
      <trkpt lat="50.893986" lon="-120.331064" />
      <trkpt lat="50.894021" lon="-120.331971" />
      <trkpt lat="50.893906" lon="-120.332379" />
      <trkpt lat="50.893661" lon="-120.332673" />
      <trkpt lat="50.89318" lon="-120.332888" />
      <trkpt lat="50.892593" lon="-120.333409" />
      <trkpt lat="50.892321" lon="-120.334121" />
      <trkpt lat="50.892206" lon="-120.33513" />
      <trkpt lat="50.892233" lon="-120.336804" />
      <trkpt lat="50.892321" lon="-120.337812" />
      <trkpt lat="50.892504" lon="-120.338349" />
      <trkpt lat="50.892537" lon="-120.338864" />
      <trkpt lat="50.892368" lon="-120.339539" />
      <trkpt lat="50.891908" lon="-120.340537" />
      <trkpt lat="50.891766" lon="-120.341224" />
      <trkpt lat="50.891786" lon="-120.341986" />
      <trkpt lat="50.891719" lon="-120.34249" />
      <trkpt lat="50.891603" lon="-120.343177" />
      <trkpt lat="50.891185" lon="-120.344524" />
      <trkpt lat="50.89113" lon="-120.34499" />
      <trkpt lat="50.891177" lon="-120.34632" />
      <trkpt lat="50.891157" lon="-120.346653" />
      <trkpt lat="50.891042" lon="-120.347028" />
      <trkpt lat="50.890387" lon="-120.348569" />
      <trkpt lat="50.890244" lon="-120.349137" />
      <trkpt lat="50.890278" lon="-120.350253" />
      <trkpt lat="50.890538" lon="-120.351543" />
      <trkpt lat="50.891082" lon="-120.352554" />
      <trkpt lat="50.891515" lon="-120.353315" />
      <trkpt lat="50.89241" lon="-120.354169" />
      <trkpt lat="50.892835" lon="-120.355" />
      <trkpt lat="50.893547" lon="-120.3558" />
      <trkpt lat="50.894224" lon="-120.356369" />
      <trkpt lat="50.894574" lon="-120.356942" />
      <trkpt lat="50.895232" lon="-120.357849" />
      <trkpt lat="50.895442" lon="-120.3586" />
      <trkpt lat="50.895469" lon="-120.359083" />
      <trkpt lat="50.895346" lon="-120.359431" />
      <trkpt lat="50.89517" lon="-120.359635" />
      <trkpt lat="50.895036" lon="-120.360306" />
      <trkpt lat="50.895043" lon="-120.36139" />
      <trkpt lat="50.895177" lon="-120.362209" />
      <trkpt lat="50.895677" lon="-120.363368" />
      <trkpt lat="50.896185" lon="-120.364205" />
      <trkpt lat="50.896599" lon="-120.364437" />
      <trkpt lat="50.897044" lon="-120.364377" />
      <trkpt lat="50.897268" lon="-120.364495" />
      <trkpt lat="50.897431" lon="-120.364748" />
      <trkpt lat="50.897498" lon="-120.365073" />
      <trkpt lat="50.897479" lon="-120.365381" />
      <trkpt lat="50.89741" lon="-120.365648" />
      <trkpt lat="50.89731" lon="-120.365887" />
      <trkpt lat="50.897082" lon="-120.366141" />
      <trkpt lat="50.896666" lon="-120.366206" />
      <trkpt lat="50.89627" lon="-120.366281" />
      <trkpt lat="50.895914" lon="-120.366437" />
      <trkpt lat="50.895522" lon="-120.367145" />
      <trkpt lat="50.894616" lon="-120.36993" />
      <trkpt lat="50.894352" lon="-120.370842" />
      <trkpt lat="50.894305" lon="-120.371668" />
      <trkpt lat="50.893857" lon="-120.373325" />
      <trkpt lat="50.893723" lon="-120.373664" />
      <trkpt lat="50.893276" lon="-120.3745" />
      <trkpt lat="50.892823" lon="-120.375895" />
      <trkpt lat="50.892382" lon="-120.376972" />
      <trkpt lat="50.89195" lon="-120.378652" />
      <trkpt lat="50.891935" lon="-120.379504" />
      <trkpt lat="50.892031" lon="-120.380058" />
      <trkpt lat="50.89224" lon="-120.380373" />
      <trkpt lat="50.892619" lon="-120.380695" />
      <trkpt lat="50.892822" lon="-120.381296" />
      <trkpt lat="50.893092" lon="-120.381693" />
      <trkpt lat="50.893743" lon="-120.382032" />
      <trkpt lat="50.894183" lon="-120.382118" />
      <trkpt lat="50.894562" lon="-120.382354" />
      <trkpt lat="50.894892" lon="-120.382294" />
      <trkpt lat="50.895244" lon="-120.382466" />
      <trkpt lat="50.895489" lon="-120.382665" />
      <trkpt lat="50.895839" lon="-120.382854" />
      <trkpt lat="50.89598" lon="-120.38307" />
      <trkpt lat="50.896029" lon="-120.383431" />
      <trkpt lat="50.89599" lon="-120.38391" />
      <trkpt lat="50.896043" lon="-120.384279" />
      <trkpt lat="50.896247" lon="-120.384693" />
      <trkpt lat="50.896889" lon="-120.385523" />
      <trkpt lat="50.897139" lon="-120.386124" />
      <trkpt lat="50.897249" lon="-120.386849" />
      <trkpt lat="50.897113" lon="-120.387364" />
      <trkpt lat="50.89691" lon="-120.387847" />
      <trkpt lat="50.896848" lon="-120.388313" />
      <trkpt lat="50.897132" lon="-120.390223" />
      <trkpt lat="50.897506" lon="-120.39139" />
      <trkpt lat="50.897849" lon="-120.391725" />
      <trkpt lat="50.898309" lon="-120.392025" />
      <trkpt lat="50.898783" lon="-120.392562" />
      <trkpt lat="50.898783" lon="-120.392562" />
      <trkpt lat="50.899135" lon="-120.393377" />
      <trkpt lat="50.899595" lon="-120.393957" />
      <trkpt lat="50.900348" lon="-120.39433" />
      <trkpt lat="50.901462" lon="-120.395437" />
      <trkpt lat="50.90172" lon="-120.396317" />
      <trkpt lat="50.902112" lon="-120.397325" />
      <trkpt lat="50.903059" lon="-120.398527" />
      <trkpt lat="50.903506" lon="-120.398978" />
      <trkpt lat="50.903776" lon="-120.399042" />
      <trkpt lat="50.904142" lon="-120.39887" />
      <trkpt lat="50.90444" lon="-120.398827" />
      <trkpt lat="50.904981" lon="-120.399106" />
      <trkpt lat="50.905801" lon="-120.399609" />
      <trkpt lat="50.905698" lon="-120.401338" />
      <trkpt lat="50.905739" lon="-120.402603" />
      <trkpt lat="50.905955" lon="-120.403043" />
      <trkpt lat="50.906287" lon="-120.403226" />
      <trkpt lat="50.906661" lon="-120.403299" />
      <trkpt lat="50.907072" lon="-120.403526" />
      <trkpt lat="50.908176" lon="-120.404512" />
      <trkpt lat="50.909108" lon="-120.404835" />
      <trkpt lat="50.909827" lon="-120.405306" />
      <trkpt lat="50.910211" lon="-120.405661" />
      <trkpt lat="50.910488" lon="-120.406047" />
      <trkpt lat="50.910529" lon="-120.406552" />
      <trkpt lat="50.910292" lon="-120.407153" />
      <trkpt lat="50.910028" lon="-120.407989" />
      <trkpt lat="50.910008" lon="-120.408644" />
      <trkpt lat="50.910055" lon="-120.409277" />
      <trkpt lat="50.910395" lon="-120.410144" />
      <trkpt lat="50.91072" lon="-120.410734" />
      <trkpt lat="50.911078" lon="-120.411056" />
      <trkpt lat="50.911503" lon="-120.411251" />
      <trkpt lat="50.911902" lon="-120.411111" />
      <trkpt lat="50.912188" lon="-120.411067" />
      <trkpt lat="50.912856" lon="-120.411734" />
      <trkpt lat="50.913054" lon="-120.411829" />
      <trkpt lat="50.913541" lon="-120.41185" />
      <trkpt lat="50.913744" lon="-120.412097" />
      <trkpt lat="50.914303" lon="-120.413472" />
      <trkpt lat="50.914305" lon="-120.413953" />
      <trkpt lat="50.914175" lon="-120.414673" />
      <trkpt lat="50.914236" lon="-120.415221" />
      <trkpt lat="50.914121" lon="-120.415746" />
      <trkpt lat="50.914067" lon="-120.416497" />
      <trkpt lat="50.91421" lon="-120.417708" />
      <trkpt lat="50.914082" lon="-120.418513" />
      <trkpt lat="50.913782" lon="-120.419244" />
      <trkpt lat="50.913223" lon="-120.420165" />
      <trkpt lat="50.912984" lon="-120.421508" />
      <trkpt lat="50.912876" lon="-120.42199" />
      <trkpt lat="50.911843" lon="-120.423566" />
      <trkpt lat="50.911302" lon="-120.424671" />
      <trkpt lat="50.91122" lon="-120.425047" />
      <trkpt lat="50.911246" lon="-120.42552" />
      <trkpt lat="50.911361" lon="-120.427398" />
      <trkpt lat="50.911329" lon="-120.428727" />
      <trkpt lat="50.911212" lon="-120.430059" />
      <trkpt lat="50.910975" lon="-120.430509" />
      <trkpt lat="50.910907" lon="-120.43082" />
      <trkpt lat="50.910968" lon="-120.431131" />
      <trkpt lat="50.911165" lon="-120.431421" />
      <trkpt lat="50.9112" lon="-120.431709" />
      <trkpt lat="50.910874" lon="-120.433181" />
      <trkpt lat="50.910596" lon="-120.43406" />
      <trkpt lat="50.910562" lon="-120.434511" />
      <trkpt lat="50.910468" lon="-120.434951" />
      <trkpt lat="50.910165" lon="-120.435357" />
      <trkpt lat="50.908988" lon="-120.437449" />
      <trkpt lat="50.908546" lon="-120.438289" />
      <trkpt lat="50.908426" lon="-120.439005" />
      <trkpt lat="50.908215" lon="-120.439682" />
      <trkpt lat="50.907457" lon="-120.441249" />
      <trkpt lat="50.907094" lon="-120.441923" />
      <trkpt lat="50.906842" lon="-120.442118" />
      <trkpt lat="50.906167" lon="-120.442299" />
      <trkpt lat="50.905916" lon="-120.442578" />
      <trkpt lat="50.90581" lon="-120.443134" />
      <trkpt lat="50.905509" lon="-120.444564" />
      <trkpt lat="50.905319" lon="-120.445133" />
      <trkpt lat="50.904812" lon="-120.445519" />
      <trkpt lat="50.904563" lon="-120.445861" />
      <trkpt lat="50.904453" lon="-120.446602" />
      <trkpt lat="50.904367" lon="-120.446966" />
      <trkpt lat="50.904103" lon="-120.447298" />
      <trkpt lat="50.903635" lon="-120.447579" />
      <trkpt lat="50.903154" lon="-120.448244" />
      <trkpt lat="50.90243" lon="-120.449006" />
      <trkpt lat="50.902241" lon="-120.449478" />
      <trkpt lat="50.902161" lon="-120.450678" />
      <trkpt lat="50.902053" lon="-120.45145" />
      <trkpt lat="50.901837" lon="-120.452244" />
      <trkpt lat="50.901613" lon="-120.452695" />
      <trkpt lat="50.901179" lon="-120.45452" />
      <trkpt lat="50.900903" lon="-120.454991" />
      <trkpt lat="50.900781" lon="-120.455613" />
      <trkpt lat="50.900367" lon="-120.456698" />
      <trkpt lat="50.899954" lon="-120.457245" />
      <trkpt lat="50.899685" lon="-120.457415" />
      <trkpt lat="50.899406" lon="-120.457374" />
      <trkpt lat="50.899035" lon="-120.457491" />
      <trkpt lat="50.897594" lon="-120.459722" />
      <trkpt lat="50.897254" lon="-120.460024" />
      <trkpt lat="50.896383" lon="-120.460098" />
      <trkpt lat="50.89532" lon="-120.459701" />
      <trkpt lat="50.894982" lon="-120.459722" />
      <trkpt lat="50.89452" lon="-120.460024" />
      <trkpt lat="50.894238" lon="-120.460355" />
      <trkpt lat="50.893891" lon="-120.460861" />
      <trkpt lat="50.892368" lon="-120.461709" />
      <trkpt lat="50.89197" lon="-120.462108" />
      <trkpt lat="50.891867" lon="-120.462213" />
      <trkpt lat="50.891739" lon="-120.462642" />
      <trkpt lat="50.891828" lon="-120.464175" />
      <trkpt lat="50.891835" lon="-120.464657" />
      <trkpt lat="50.891739" lon="-120.46526" />
      <trkpt lat="50.891321" lon="-120.466299" />
      <trkpt lat="50.89096" lon="-120.467792" />
      <trkpt lat="50.890548" lon="-120.469777" />
      <trkpt lat="50.890279" lon="-120.471738" />
      <trkpt lat="50.890116" lon="-120.472844" />
      <trkpt lat="50.88971" lon="-120.47368" />
      <trkpt lat="50.889514" lon="-120.474507" />
      <trkpt lat="50.889297" lon="-120.474957" />
      <trkpt lat="50.888607" lon="-120.475687" />
      <trkpt lat="50.888282" lon="-120.476041" />
      <trkpt lat="50.887793" lon="-120.476675" />
      <trkpt lat="50.88728" lon="-120.477661" />
      <trkpt lat="50.886651" lon="-120.478562" />
      <trkpt lat="50.886365" lon="-120.479261" />
      <trkpt lat="50.886148" lon="-120.480355" />
      <trkpt lat="50.88602" lon="-120.480924" />
      <trkpt lat="50.885744" lon="-120.481491" />
      <trkpt lat="50.884539" lon="-120.4831" />
      <trkpt lat="50.884003" lon="-120.483574" />
      <trkpt lat="50.883529" lon="-120.483799" />
      <trkpt lat="50.882737" lon="-120.484325" />
      <trkpt lat="50.882175" lon="-120.484346" />
      <trkpt lat="50.881505" lon="-120.484186" />
      <trkpt lat="50.881024" lon="-120.484143" />
      <trkpt lat="50.880625" lon="-120.484228" />
      <trkpt lat="50.880011" lon="-120.484581" />
      <trkpt lat="50.879359" lon="-120.48513" />
      <trkpt lat="50.877389" lon="-120.485891" />
      <trkpt lat="50.875968" lon="-120.486557" />
      <trkpt lat="50.875263" lon="-120.486728" />
      <trkpt lat="50.874322" lon="-120.486868" />
      <trkpt lat="50.873612" lon="-120.487168" />
      <trkpt lat="50.873146" lon="-120.487564" />
      <trkpt lat="50.872691" lon="-120.487855" />
      <trkpt lat="50.872291" lon="-120.487833" />
      <trkpt lat="50.871777" lon="-120.487608" />
      <trkpt lat="50.871426" lon="-120.487413" />
      <trkpt lat="50.871174" lon="-120.487383" />
      <trkpt lat="50.870897" lon="-120.487479" />
      <trkpt lat="50.870573" lon="-120.487789" />
      <trkpt lat="50.870017" lon="-120.488563" />
      <trkpt lat="50.869421" lon="-120.489132" />
      <trkpt lat="50.86861" lon="-120.489741" />
      <trkpt lat="50.868371" lon="-120.490226" />
      <trkpt lat="50.868332" lon="-120.490814" />
      <trkpt lat="50.868148" lon="-120.491363" />
      <trkpt lat="50.86701" lon="-120.492822" />
      <trkpt lat="50.866795" lon="-120.492896" />
      <trkpt lat="50.866469" lon="-120.492844" />
      <trkpt lat="50.865861" lon="-120.493057" />
      <trkpt lat="50.865685" lon="-120.493357" />
      <trkpt lat="50.865454" lon="-120.493539" />
      <trkpt lat="50.864803" lon="-120.493563" />
      <trkpt lat="50.864187" lon="-120.493316" />
      <trkpt lat="50.863924" lon="-120.492939" />
      <trkpt lat="50.863335" lon="-120.492445" />
      <trkpt lat="50.862738" lon="-120.492264" />
      <trkpt lat="50.862257" lon="-120.492286" />
      <trkpt lat="50.861297" lon="-120.492767" />
      <trkpt lat="50.860579" lon="-120.493647" />
      <trkpt lat="50.859785" lon="-120.494142" />
      <trkpt lat="50.859541" lon="-120.494474" />
      <trkpt lat="50.859365" lon="-120.495043" />
      <trkpt lat="50.859177" lon="-120.495353" />
      <trkpt lat="50.858966" lon="-120.49544" />
      <trkpt lat="50.858601" lon="-120.495288" />
      <trkpt lat="50.857489" lon="-120.494281" />
      <trkpt lat="50.856481" lon="-120.493454" />
      <trkpt lat="50.856175" lon="-120.493391" />
      <trkpt lat="50.855899" lon="-120.493507" />
      <trkpt lat="50.855518" lon="-120.494153" />
      <trkpt lat="50.855274" lon="-120.49456" />
      <trkpt lat="50.855005" lon="-120.495084" />
      <trkpt lat="50.854953" lon="-120.495475" />
      <trkpt lat="50.854902" lon="-120.496782" />
      <trkpt lat="50.854834" lon="-120.497468" />
      <trkpt lat="50.854617" lon="-120.497962" />
      <trkpt lat="50.854292" lon="-120.498005" />
      <trkpt lat="50.853818" lon="-120.497876" />
      <trkpt lat="50.853425" lon="-120.497468" />
      <trkpt lat="50.853033" lon="-120.49734" />
      <trkpt lat="50.85222" lon="-120.496825" />
      <trkpt lat="50.851808" lon="-120.49649" />
      <trkpt lat="50.851393" lon="-120.495816" />
      <trkpt lat="50.850946" lon="-120.495344" />
      <trkpt lat="50.85073" lon="-120.494829" />
      <trkpt lat="50.850513" lon="-120.493971" />
      <trkpt lat="50.850201" lon="-120.493477" />
      <trkpt lat="50.849835" lon="-120.49307" />
      <trkpt lat="50.849551" lon="-120.492705" />
      <trkpt lat="50.848378" lon="-120.49181" />
      <trkpt lat="50.848413" lon="-120.491845" />
      <trkpt lat="50.849104" lon="-120.492982" />
      <trkpt lat="50.849591" lon="-120.493969" />
      <trkpt lat="50.849835" lon="-120.495407" />
      <trkpt lat="50.849957" lon="-120.495999" />
      <trkpt lat="50.850052" lon="-120.496459" />
      <trkpt lat="50.850431" lon="-120.497531" />
      <trkpt lat="50.850811" lon="-120.498926" />
      <trkpt lat="50.850859" lon="-120.499633" />
      <trkpt lat="50.850725" lon="-120.500488" />
      <trkpt lat="50.850648" lon="-120.501673" />
      <trkpt lat="50.850946" lon="-120.502767" />
      <trkpt lat="50.851393" lon="-120.504248" />
      <trkpt lat="50.851854" lon="-120.505149" />
      <trkpt lat="50.852612" lon="-120.505557" />
      <trkpt lat="50.85313" lon="-120.505484" />
      <trkpt lat="50.853534" lon="-120.505428" />
      <trkpt lat="50.854306" lon="-120.505149" />
      <trkpt lat="50.855403" lon="-120.505492" />
      <trkpt lat="50.856283" lon="-120.505943" />
      <trkpt lat="50.856744" lon="-120.506887" />
      <trkpt lat="50.85712" lon="-120.508517" />
      <trkpt lat="50.85715" lon="-120.508647" />
      <trkpt lat="50.857408" lon="-120.509805" />
      <trkpt lat="50.857408" lon="-120.510835" />
      <trkpt lat="50.857096" lon="-120.512251" />
      <trkpt lat="50.85692" lon="-120.513818" />
      <trkpt lat="50.856866" lon="-120.515277" />
      <trkpt lat="50.85692" lon="-120.516736" />
      <trkpt lat="50.857096" lon="-120.517423" />
      <trkpt lat="50.857448" lon="-120.518238" />
      <trkpt lat="50.857543" lon="-120.519182" />
      <trkpt lat="50.857462" lon="-120.520942" />
      <trkpt lat="50.856934" lon="-120.522229" />
      <trkpt lat="50.856541" lon="-120.523474" />
      <trkpt lat="50.856107" lon="-120.52592" />
      <trkpt lat="50.85478" lon="-120.529589" />
      <trkpt lat="50.854414" lon="-120.530984" />
      <trkpt lat="50.854468" lon="-120.532357" />
      <trkpt lat="50.855078" lon="-120.534632" />
      <trkpt lat="50.85524" lon="-120.536327" />
      <trkpt lat="50.855498" lon="-120.538816" />
      <trkpt lat="50.855769" lon="-120.540339" />
      <trkpt lat="50.856568" lon="-120.542464" />
      <trkpt lat="50.856934" lon="-120.54388" />
      <trkpt lat="50.85757" lon="-120.545768" />
      <trkpt lat="50.858478" lon="-120.546734" />
      <trkpt lat="50.859331" lon="-120.547249" />
      <trkpt lat="50.860198" lon="-120.547249" />
      <trkpt lat="50.861281" lon="-120.546991" />
      <trkpt lat="50.861891" lon="-120.546734" />
      <trkpt lat="50.862649" lon="-120.546948" />
      <trkpt lat="50.865128" lon="-120.547936" />
      <trkpt lat="50.868094" lon="-120.549523" />
      <trkpt lat="50.869123" lon="-120.54991" />
      <trkpt lat="50.870558" lon="-120.551369" />
      <trkpt lat="50.871953" lon="-120.552656" />
      <trkpt lat="50.872468" lon="-120.553514" />
      <trkpt lat="50.87347" lon="-120.555317" />
      <trkpt lat="50.874079" lon="-120.556111" />
      <trkpt lat="50.87504" lon="-120.556798" />
      <trkpt lat="50.876503" lon="-120.558214" />
      <trkpt lat="50.878655" lon="-120.560596" />
      <trkpt lat="50.88051" lon="-120.563085" />
      <trkpt lat="50.881011" lon="-120.564115" />
      <trkpt lat="50.880997" lon="-120.565595" />
      <trkpt lat="50.881241" lon="-120.566883" />
      <trkpt lat="50.881742" lon="-120.568213" />
      <trkpt lat="50.88246" lon="-120.56993" />
      <trkpt lat="50.882839" lon="-120.570445" />
      <trkpt lat="50.884314" lon="-120.571453" />
      <trkpt lat="50.884788" lon="-120.571968" />
      <trkpt lat="50.886426" lon="-120.574929" />
      <trkpt lat="50.887078" lon="-120.576062" />
      <trkpt lat="50.887685" lon="-120.577118" />
      <trkpt lat="50.888186" lon="-120.57877" />
      <trkpt lat="50.888944" lon="-120.580637" />
      <trkpt lat="50.891394" lon="-120.583963" />
      <trkpt lat="50.892043" lon="-120.58495" />
      <trkpt lat="50.892382" lon="-120.58613" />
      <trkpt lat="50.893329" lon="-120.58834" />
      <trkpt lat="50.894331" lon="-120.59025" />
      <trkpt lat="50.895462" lon="-120.592278" />
      <trkpt lat="50.895671" lon="-120.592653" />
      <trkpt lat="50.897227" lon="-120.595979" />
      <trkpt lat="50.897944" lon="-120.597546" />
      <trkpt lat="50.898729" lon="-120.599262" />
      <trkpt lat="50.899433" lon="-120.601065" />
      <trkpt lat="50.89988" lon="-120.602781" />
      <trkpt lat="50.900407" lon="-120.605206" />
      <trkpt lat="50.901192" lon="-120.608446" />
      <trkpt lat="50.90149" lon="-120.61012" />
      <trkpt lat="50.901531" lon="-120.612309" />
      <trkpt lat="50.901625" lon="-120.615634" />
      <trkpt lat="50.901869" lon="-120.617458" />
      <trkpt lat="50.901855" lon="-120.618145" />
      <trkpt lat="50.902356" lon="-120.619947" />
      <trkpt lat="50.902911" lon="-120.622158" />
      <trkpt lat="50.903141" lon="-120.623617" />
      <trkpt lat="50.90329" lon="-120.624861" />
      <trkpt lat="50.9031" lon="-120.626728" />
      <trkpt lat="50.90306" lon="-120.627801" />
      <trkpt lat="50.90333" lon="-120.629067" />
      <trkpt lat="50.904048" lon="-120.631728" />
      <trkpt lat="50.904156" lon="-120.632307" />
      <trkpt lat="50.904508" lon="-120.632908" />
      <trkpt lat="50.905455" lon="-120.63368" />
      <trkpt lat="50.906537" lon="-120.634453" />
      <trkpt lat="50.906997" lon="-120.635032" />
      <trkpt lat="50.907647" lon="-120.636513" />
      <trkpt lat="50.908405" lon="-120.638208" />
      <trkpt lat="50.909041" lon="-120.639088" />
      <trkpt lat="50.910231" lon="-120.640182" />
      <trkpt lat="50.91153" lon="-120.641469" />
      <trkpt lat="50.914466" lon="-120.643701" />
      <trkpt lat="50.916522" lon="-120.645246" />
      <trkpt lat="50.918132" lon="-120.646255" />
      <trkpt lat="50.91916" lon="-120.646598" />
      <trkpt lat="50.91985" lon="-120.646984" />
      <trkpt lat="50.920499" lon="-120.647757" />
      <trkpt lat="50.921257" lon="-120.648679" />
      <trkpt lat="50.922136" lon="-120.649323" />
      <trkpt lat="50.923353" lon="-120.649795" />
      <trkpt lat="50.926613" lon="-120.650696" />
      <trkpt lat="50.927884" lon="-120.650868" />
      <trkpt lat="50.928831" lon="-120.650739" />
      <trkpt lat="50.929832" lon="-120.649945" />
      <trkpt lat="50.930995" lon="-120.649151" />
      <trkpt lat="50.931698" lon="-120.648958" />
      <trkpt lat="50.932185" lon="-120.649409" />
      <trkpt lat="50.932902" lon="-120.650932" />
      <trkpt lat="50.933943" lon="-120.652627" />
      <trkpt lat="50.935106" lon="-120.654516" />
      <trkpt lat="50.935295" lon="-120.655224" />
      <trkpt lat="50.935458" lon="-120.656447" />
      <trkpt lat="50.935647" lon="-120.657584" />
      <trkpt lat="50.936012" lon="-120.658936" />
      <trkpt lat="50.936418" lon="-120.659751" />
      <trkpt lat="50.936986" lon="-120.660352" />
      <trkpt lat="50.93754" lon="-120.660567" />
      <trkpt lat="50.938824" lon="-120.660996" />
      <trkpt lat="50.939284" lon="-120.661597" />
      <trkpt lat="50.939609" lon="-120.662412" />
      <trkpt lat="50.939947" lon="-120.663571" />
      <trkpt lat="50.940204" lon="-120.664687" />
      <trkpt lat="50.940569" lon="-120.665996" />
      <trkpt lat="50.940974" lon="-120.667283" />
      <trkpt lat="50.941718" lon="-120.669364" />
      <trkpt lat="50.942637" lon="-120.670974" />
      <trkpt lat="50.94357" lon="-120.673613" />
      <trkpt lat="50.943935" lon="-120.675287" />
      <trkpt lat="50.94426" lon="-120.675759" />
      <trkpt lat="50.945936" lon="-120.677411" />
      <trkpt lat="50.950316" lon="-120.682604" />
      <trkpt lat="50.952412" lon="-120.684964" />
      <trkpt lat="50.955615" lon="-120.688462" />
      <trkpt lat="50.95748" lon="-120.690372" />
      <trkpt lat="50.958548" lon="-120.691251" />
      <trkpt lat="50.95963" lon="-120.692324" />
      <trkpt lat="50.96063" lon="-120.693311" />
      <trkpt lat="50.962103" lon="-120.69477" />
      <trkpt lat="50.96463" lon="-120.697646" />
      <trkpt lat="50.965138" lon="-120.69823" />
      <trkpt lat="50.965738" lon="-120.69844" />
      <trkpt lat="50.96686" lon="-120.69844" />
      <trkpt lat="50.967968" lon="-120.698118" />
      <trkpt lat="50.968585" lon="-120.69759" />
      <trkpt lat="50.96917" lon="-120.696809" />
      <trkpt lat="50.970116" lon="-120.695178" />
      <trkpt lat="50.971562" lon="-120.693204" />
      <trkpt lat="50.972157" lon="-120.692045" />
      <trkpt lat="50.97313" lon="-120.691123" />
      <trkpt lat="50.973805" lon="-120.689685" />
      <trkpt lat="50.974494" lon="-120.688848" />
      <trkpt lat="50.9749" lon="-120.688033" />
      <trkpt lat="50.97694" lon="-120.685651" />
      <trkpt lat="50.979358" lon="-120.683355" />
      <trkpt lat="50.982154" lon="-120.68078" />
      <trkpt lat="50.982934" lon="-120.679876" />
      <trkpt lat="50.983354" lon="-120.679253" />
      <trkpt lat="50.983415" lon="-120.679167" />
      <trkpt lat="50.983563" lon="-120.678888" />
      <trkpt lat="50.983834" lon="-120.678556" />
      <trkpt lat="50.984158" lon="-120.678191" />
      <trkpt lat="50.984523" lon="-120.677916" />
      <trkpt lat="50.984929" lon="-120.677259" />
      <trkpt lat="50.985801" lon="-120.675879" />
      <trkpt lat="50.98638" lon="-120.674721" />
      <trkpt lat="50.98659" lon="-120.674401" />
      <trkpt lat="50.986934" lon="-120.673771" />
      <trkpt lat="50.98715" lon="-120.673041" />
      <trkpt lat="50.98744" lon="-120.672086" />
      <trkpt lat="50.987751" lon="-120.671507" />
      <trkpt lat="50.988359" lon="-120.670949" />
      <trkpt lat="50.988528" lon="-120.670563" />
      <trkpt lat="50.988642" lon="-120.669951" />
      <trkpt lat="50.988879" lon="-120.669104" />
      <trkpt lat="50.989149" lon="-120.668825" />
      <trkpt lat="50.989669" lon="-120.668749" />
      <trkpt lat="50.990655" lon="-120.668964" />
      <trkpt lat="50.99158" lon="-120.66934" />
      <trkpt lat="50.99285" lon="-120.66994" />
      <trkpt lat="50.993545" lon="-120.670144" />
      <trkpt lat="50.993944" lon="-120.670198" />
      <trkpt lat="50.994389" lon="-120.670187" />
      <trkpt lat="50.994612" lon="-120.669962" />
      <trkpt lat="50.994707" lon="-120.669565" />
      <trkpt lat="50.994713" lon="-120.668975" />
      <trkpt lat="50.994599" lon="-120.667687" />
      <trkpt lat="50.994477" lon="-120.667076" />
      <trkpt lat="50.994187" lon="-120.665939" />
      <trkpt lat="50.993944" lon="-120.664876" />
      <trkpt lat="50.993928" lon="-120.664735" />
      <trkpt lat="50.993599" lon="-120.664168" />
      <trkpt lat="50.992654" lon="-120.663074" />
      <trkpt lat="50.991762" lon="-120.662301" />
      <trkpt lat="50.990743" lon="-120.661304" />
      <trkpt lat="50.989966" lon="-120.660649" />
      <trkpt lat="50.989723" lon="-120.660166" />
      <trkpt lat="50.989595" lon="-120.659523" />
      <trkpt lat="50.989473" lon="-120.659126" />
      <trkpt lat="50.989284" lon="-120.658804" />
      <trkpt lat="50.988149" lon="-120.657388" />
      <trkpt lat="50.987305" lon="-120.65654" />
      <trkpt lat="50.987062" lon="-120.656068" />
      <trkpt lat="50.986427" lon="-120.654931" />
      <trkpt lat="50.985691" lon="-120.654276" />
      <trkpt lat="50.984975" lon="-120.653836" />
      <trkpt lat="50.984151" lon="-120.653654" />
      <trkpt lat="50.98353" lon="-120.653268" />
      <trkpt lat="50.982598" lon="-120.65257" />
      <trkpt lat="50.982206" lon="-120.652195" />
      <trkpt lat="50.981861" lon="-120.651819" />
      <trkpt lat="50.981355" lon="-120.65139" />
      <trkpt lat="50.981064" lon="-120.65094" />
      <trkpt lat="50.980828" lon="-120.650425" />
      <trkpt lat="50.980389" lon="-120.648665" />
      <trkpt lat="50.979929" lon="-120.646755" />
      <trkpt lat="50.97945" lon="-120.64506" />
      <trkpt lat="50.979078" lon="-120.643193" />
      <trkpt lat="50.978734" lon="-120.642228" />
      <trkpt lat="50.978322" lon="-120.641895" />
      <trkpt lat="50.977471" lon="-120.641584" />
      <trkpt lat="50.976924" lon="-120.641294" />
      <trkpt lat="50.976674" lon="-120.64108" />
      <trkpt lat="50.976572" lon="-120.640865" />
      <trkpt lat="50.976491" lon="-120.640436" />
      <trkpt lat="50.976478" lon="-120.639792" />
      <trkpt lat="50.976444" lon="-120.63932" />
      <trkpt lat="50.97639" lon="-120.638902" />
      <trkpt lat="50.976167" lon="-120.638076" />
      <trkpt lat="50.97566" lon="-120.636981" />
      <trkpt lat="50.975383" lon="-120.636155" />
      <trkpt lat="50.975235" lon="-120.635651" />
      <trkpt lat="50.974937" lon="-120.634932" />
      <trkpt lat="50.97435" lon="-120.63401" />
      <trkpt lat="50.974039" lon="-120.633044" />
      <trkpt lat="50.973681" lon="-120.631199" />
      <trkpt lat="50.973255" lon="-120.629611" />
      <trkpt lat="50.972992" lon="-120.628752" />
      <trkpt lat="50.972701" lon="-120.62769" />
      <trkpt lat="50.972316" lon="-120.626574" />
      <trkpt lat="50.972019" lon="-120.625845" />
      <trkpt lat="50.971877" lon="-120.625223" />
      <trkpt lat="50.971779" lon="-120.624797" />
      <trkpt lat="50.971792" lon="-120.624293" />
      <trkpt lat="50.972231" lon="-120.623488" />
      <trkpt lat="50.973093" lon="-120.622283" />
      <trkpt lat="50.973589" lon="-120.622061" />
      <trkpt lat="50.974052" lon="-120.621693" />
      <trkpt lat="50.974762" lon="-120.620963" />
      <trkpt lat="50.975343" lon="-120.620234" />
      <trkpt lat="50.975917" lon="-120.619311" />
      <trkpt lat="50.975947" lon="-120.618403" />
      <trkpt lat="50.975812" lon="-120.617416" />
      <trkpt lat="50.975785" lon="-120.616268" />
      <trkpt lat="50.976123" lon="-120.615539" />
      <trkpt lat="50.976514" lon="-120.614959" />
      <trkpt lat="50.976595" lon="-120.614652" />
      <trkpt lat="50.976643" lon="-120.614466" />
      <trkpt lat="50.97665" lon="-120.612374" />
      <trkpt lat="50.976467" lon="-120.61143" />
      <trkpt lat="50.976285" lon="-120.6107" />
      <trkpt lat="50.976069" lon="-120.610325" />
      <trkpt lat="50.975819" lon="-120.610024" />
      <trkpt lat="50.974697" lon="-120.609155" />
      <trkpt lat="50.974049" lon="-120.608501" />
      <trkpt lat="50.973312" lon="-120.607449" />
      <trkpt lat="50.973047" lon="-120.607228" />
      <trkpt lat="50.97263" lon="-120.606881" />
      <trkpt lat="50.97215" lon="-120.606527" />
      <trkpt lat="50.971353" lon="-120.60614" />
      <trkpt lat="50.970738" lon="-120.605776" />
      <trkpt lat="50.970394" lon="-120.605293" />
      <trkpt lat="50.969867" lon="-120.605003" />
      <trkpt lat="50.968502" lon="-120.605368" />
      <trkpt lat="50.967982" lon="-120.605786" />
      <trkpt lat="50.967036" lon="-120.606516" />
      <trkpt lat="50.966549" lon="-120.606612" />
      <trkpt lat="50.96607" lon="-120.606387" />
      <trkpt lat="50.965826" lon="-120.606108" />
      <trkpt lat="50.965657" lon="-120.605733" />
      <trkpt lat="50.965407" lon="-120.604917" />
      <trkpt lat="50.965434" lon="-120.604091" />
      <trkpt lat="50.96563" lon="-120.603243" />
      <trkpt lat="50.96609" lon="-120.601795" />
      <trkpt lat="50.966333" lon="-120.600357" />
      <trkpt lat="50.966705" lon="-120.599231" />
      <trkpt lat="50.966718" lon="-120.598673" />
      <trkpt lat="50.966272" lon="-120.597321" />
      <trkpt lat="50.965522" lon="-120.596238" />
      <trkpt lat="50.964597" lon="-120.595154" />
      <trkpt lat="50.963806" lon="-120.594124" />
      <trkpt lat="50.963806" lon="-120.594124" />
      <trkpt lat="50.963806" lon="-120.594124" />
      <trkpt lat="50.964597" lon="-120.595154" />
      <trkpt lat="50.965522" lon="-120.596238" />
      <trkpt lat="50.966272" lon="-120.597321" />
      <trkpt lat="50.966718" lon="-120.598673" />
      <trkpt lat="50.966705" lon="-120.599231" />
      <trkpt lat="50.966333" lon="-120.600357" />
      <trkpt lat="50.96609" lon="-120.601795" />
      <trkpt lat="50.96563" lon="-120.603243" />
      <trkpt lat="50.965434" lon="-120.604091" />
      <trkpt lat="50.965407" lon="-120.604917" />
      <trkpt lat="50.965657" lon="-120.605733" />
      <trkpt lat="50.965826" lon="-120.606108" />
      <trkpt lat="50.96607" lon="-120.606387" />
      <trkpt lat="50.966549" lon="-120.606612" />
      <trkpt lat="50.967036" lon="-120.606516" />
      <trkpt lat="50.967982" lon="-120.605786" />
      <trkpt lat="50.968502" lon="-120.605368" />
      <trkpt lat="50.969867" lon="-120.605003" />
      <trkpt lat="50.970394" lon="-120.605293" />
      <trkpt lat="50.970738" lon="-120.605776" />
      <trkpt lat="50.971353" lon="-120.60614" />
      <trkpt lat="50.97215" lon="-120.606527" />
      <trkpt lat="50.97263" lon="-120.606881" />
      <trkpt lat="50.973047" lon="-120.607228" />
      <trkpt lat="50.973312" lon="-120.607449" />
      <trkpt lat="50.974049" lon="-120.608501" />
      <trkpt lat="50.974697" lon="-120.609155" />
      <trkpt lat="50.975819" lon="-120.610024" />
      <trkpt lat="50.976069" lon="-120.610325" />
      <trkpt lat="50.976285" lon="-120.6107" />
      <trkpt lat="50.976467" lon="-120.61143" />
      <trkpt lat="50.97665" lon="-120.612374" />
      <trkpt lat="50.976643" lon="-120.614466" />
      <trkpt lat="50.976595" lon="-120.614652" />
      <trkpt lat="50.976514" lon="-120.614959" />
      <trkpt lat="50.976123" lon="-120.615539" />
      <trkpt lat="50.975785" lon="-120.616268" />
      <trkpt lat="50.975812" lon="-120.617416" />
      <trkpt lat="50.975947" lon="-120.618403" />
      <trkpt lat="50.975917" lon="-120.619311" />
      <trkpt lat="50.975343" lon="-120.620234" />
      <trkpt lat="50.974762" lon="-120.620963" />
      <trkpt lat="50.974052" lon="-120.621693" />
      <trkpt lat="50.973589" lon="-120.622061" />
      <trkpt lat="50.973093" lon="-120.622283" />
      <trkpt lat="50.972231" lon="-120.623488" />
      <trkpt lat="50.971792" lon="-120.624293" />
      <trkpt lat="50.971779" lon="-120.624797" />
      <trkpt lat="50.971877" lon="-120.625223" />
      <trkpt lat="50.972019" lon="-120.625845" />
      <trkpt lat="50.972316" lon="-120.626574" />
      <trkpt lat="50.972701" lon="-120.62769" />
      <trkpt lat="50.972992" lon="-120.628752" />
      <trkpt lat="50.973255" lon="-120.629611" />
      <trkpt lat="50.973681" lon="-120.631199" />
      <trkpt lat="50.974039" lon="-120.633044" />
      <trkpt lat="50.97435" lon="-120.63401" />
      <trkpt lat="50.974937" lon="-120.634932" />
      <trkpt lat="50.975235" lon="-120.635651" />
      <trkpt lat="50.975383" lon="-120.636155" />
      <trkpt lat="50.97566" lon="-120.636981" />
      <trkpt lat="50.976167" lon="-120.638076" />
      <trkpt lat="50.97639" lon="-120.638902" />
      <trkpt lat="50.976444" lon="-120.63932" />
      <trkpt lat="50.976478" lon="-120.639792" />
      <trkpt lat="50.976491" lon="-120.640436" />
      <trkpt lat="50.976572" lon="-120.640865" />
      <trkpt lat="50.976674" lon="-120.64108" />
      <trkpt lat="50.976924" lon="-120.641294" />
      <trkpt lat="50.977471" lon="-120.641584" />
      <trkpt lat="50.978322" lon="-120.641895" />
      <trkpt lat="50.978734" lon="-120.642228" />
      <trkpt lat="50.979078" lon="-120.643193" />
      <trkpt lat="50.97945" lon="-120.64506" />
      <trkpt lat="50.979929" lon="-120.646755" />
      <trkpt lat="50.980389" lon="-120.648665" />
      <trkpt lat="50.980828" lon="-120.650425" />
      <trkpt lat="50.981064" lon="-120.65094" />
      <trkpt lat="50.981355" lon="-120.65139" />
      <trkpt lat="50.981861" lon="-120.651819" />
      <trkpt lat="50.982206" lon="-120.652195" />
      <trkpt lat="50.982598" lon="-120.65257" />
      <trkpt lat="50.98353" lon="-120.653268" />
      <trkpt lat="50.984151" lon="-120.653654" />
      <trkpt lat="50.984975" lon="-120.653836" />
      <trkpt lat="50.985691" lon="-120.654276" />
      <trkpt lat="50.986427" lon="-120.654931" />
      <trkpt lat="50.987062" lon="-120.656068" />
      <trkpt lat="50.987305" lon="-120.65654" />
      <trkpt lat="50.988149" lon="-120.657388" />
      <trkpt lat="50.989284" lon="-120.658804" />
      <trkpt lat="50.989473" lon="-120.659126" />
      <trkpt lat="50.989595" lon="-120.659523" />
      <trkpt lat="50.989723" lon="-120.660166" />
      <trkpt lat="50.989966" lon="-120.660649" />
      <trkpt lat="50.990743" lon="-120.661304" />
      <trkpt lat="50.991762" lon="-120.662301" />
      <trkpt lat="50.992654" lon="-120.663074" />
      <trkpt lat="50.993599" lon="-120.664168" />
      <trkpt lat="50.993928" lon="-120.664735" />
      <trkpt lat="50.993944" lon="-120.664876" />
      <trkpt lat="50.994187" lon="-120.665939" />
      <trkpt lat="50.994477" lon="-120.667076" />
      <trkpt lat="50.994599" lon="-120.667687" />
      <trkpt lat="50.994713" lon="-120.668975" />
      <trkpt lat="50.994707" lon="-120.669565" />
      <trkpt lat="50.994612" lon="-120.669962" />
      <trkpt lat="50.994389" lon="-120.670187" />
      <trkpt lat="50.993944" lon="-120.670198" />
      <trkpt lat="50.993545" lon="-120.670144" />
      <trkpt lat="50.99285" lon="-120.66994" />
      <trkpt lat="50.99158" lon="-120.66934" />
      <trkpt lat="50.990655" lon="-120.668964" />
      <trkpt lat="50.989669" lon="-120.668749" />
      <trkpt lat="50.989149" lon="-120.668825" />
      <trkpt lat="50.988879" lon="-120.669104" />
      <trkpt lat="50.988642" lon="-120.669951" />
      <trkpt lat="50.988528" lon="-120.670563" />
      <trkpt lat="50.988359" lon="-120.670949" />
      <trkpt lat="50.987751" lon="-120.671507" />
      <trkpt lat="50.98744" lon="-120.672086" />
      <trkpt lat="50.98715" lon="-120.673041" />
      <trkpt lat="50.986934" lon="-120.673771" />
      <trkpt lat="50.98659" lon="-120.674401" />
      <trkpt lat="50.98638" lon="-120.674721" />
      <trkpt lat="50.985801" lon="-120.675879" />
      <trkpt lat="50.984929" lon="-120.677259" />
      <trkpt lat="50.984523" lon="-120.677916" />
      <trkpt lat="50.984158" lon="-120.678191" />
      <trkpt lat="50.983834" lon="-120.678556" />
      <trkpt lat="50.983563" lon="-120.678888" />
      <trkpt lat="50.983415" lon="-120.679167" />
      <trkpt lat="50.983354" lon="-120.679253" />
      <trkpt lat="50.982934" lon="-120.679876" />
      <trkpt lat="50.982154" lon="-120.68078" />
      <trkpt lat="50.979358" lon="-120.683355" />
      <trkpt lat="50.97694" lon="-120.685651" />
      <trkpt lat="50.9749" lon="-120.688033" />
      <trkpt lat="50.974494" lon="-120.688848" />
      <trkpt lat="50.973805" lon="-120.689685" />
      <trkpt lat="50.97313" lon="-120.691123" />
      <trkpt lat="50.972157" lon="-120.692045" />
      <trkpt lat="50.971562" lon="-120.693204" />
      <trkpt lat="50.970116" lon="-120.695178" />
      <trkpt lat="50.96917" lon="-120.696809" />
      <trkpt lat="50.968585" lon="-120.69759" />
      <trkpt lat="50.967968" lon="-120.698118" />
      <trkpt lat="50.96686" lon="-120.69844" />
      <trkpt lat="50.965738" lon="-120.69844" />
      <trkpt lat="50.965138" lon="-120.69823" />
      <trkpt lat="50.96463" lon="-120.697646" />
      <trkpt lat="50.962103" lon="-120.69477" />
      <trkpt lat="50.96063" lon="-120.693311" />
      <trkpt lat="50.95963" lon="-120.692324" />
      <trkpt lat="50.958548" lon="-120.691251" />
      <trkpt lat="50.95748" lon="-120.690372" />
      <trkpt lat="50.955615" lon="-120.688462" />
      <trkpt lat="50.952412" lon="-120.684964" />
      <trkpt lat="50.950316" lon="-120.682604" />
      <trkpt lat="50.945936" lon="-120.677411" />
      <trkpt lat="50.94426" lon="-120.675759" />
      <trkpt lat="50.943935" lon="-120.675287" />
      <trkpt lat="50.94357" lon="-120.673613" />
      <trkpt lat="50.942637" lon="-120.670974" />
      <trkpt lat="50.941718" lon="-120.669364" />
      <trkpt lat="50.940974" lon="-120.667283" />
      <trkpt lat="50.940569" lon="-120.665996" />
      <trkpt lat="50.940204" lon="-120.664687" />
      <trkpt lat="50.939947" lon="-120.663571" />
      <trkpt lat="50.939609" lon="-120.662412" />
      <trkpt lat="50.939284" lon="-120.661597" />
      <trkpt lat="50.938824" lon="-120.660996" />
      <trkpt lat="50.93754" lon="-120.660567" />
      <trkpt lat="50.936986" lon="-120.660352" />
      <trkpt lat="50.936418" lon="-120.659751" />
      <trkpt lat="50.936012" lon="-120.658936" />
      <trkpt lat="50.935647" lon="-120.657584" />
      <trkpt lat="50.935458" lon="-120.656447" />
      <trkpt lat="50.935295" lon="-120.655224" />
      <trkpt lat="50.935106" lon="-120.654516" />
      <trkpt lat="50.933943" lon="-120.652627" />
      <trkpt lat="50.932902" lon="-120.650932" />
      <trkpt lat="50.932185" lon="-120.649409" />
      <trkpt lat="50.931698" lon="-120.648958" />
      <trkpt lat="50.930995" lon="-120.649151" />
      <trkpt lat="50.929832" lon="-120.649945" />
      <trkpt lat="50.928831" lon="-120.650739" />
      <trkpt lat="50.927884" lon="-120.650868" />
      <trkpt lat="50.926613" lon="-120.650696" />
      <trkpt lat="50.923353" lon="-120.649795" />
      <trkpt lat="50.922136" lon="-120.649323" />
      <trkpt lat="50.921257" lon="-120.648679" />
      <trkpt lat="50.920499" lon="-120.647757" />
      <trkpt lat="50.91985" lon="-120.646984" />
      <trkpt lat="50.91916" lon="-120.646598" />
      <trkpt lat="50.918132" lon="-120.646255" />
      <trkpt lat="50.916522" lon="-120.645246" />
      <trkpt lat="50.914466" lon="-120.643701" />
      <trkpt lat="50.91153" lon="-120.641469" />
      <trkpt lat="50.910231" lon="-120.640182" />
      <trkpt lat="50.909041" lon="-120.639088" />
      <trkpt lat="50.908405" lon="-120.638208" />
      <trkpt lat="50.907647" lon="-120.636513" />
      <trkpt lat="50.906997" lon="-120.635032" />
      <trkpt lat="50.906537" lon="-120.634453" />
      <trkpt lat="50.905455" lon="-120.63368" />
      <trkpt lat="50.904508" lon="-120.632908" />
      <trkpt lat="50.904156" lon="-120.632307" />
      <trkpt lat="50.904048" lon="-120.631728" />
      <trkpt lat="50.90333" lon="-120.629067" />
      <trkpt lat="50.90306" lon="-120.627801" />
      <trkpt lat="50.9031" lon="-120.626728" />
      <trkpt lat="50.90329" lon="-120.624861" />
      <trkpt lat="50.903141" lon="-120.623617" />
      <trkpt lat="50.902911" lon="-120.622158" />
      <trkpt lat="50.902356" lon="-120.619947" />
      <trkpt lat="50.901855" lon="-120.618145" />
      <trkpt lat="50.901869" lon="-120.617458" />
      <trkpt lat="50.901625" lon="-120.615634" />
      <trkpt lat="50.901531" lon="-120.612309" />
      <trkpt lat="50.90149" lon="-120.61012" />
      <trkpt lat="50.901192" lon="-120.608446" />
      <trkpt lat="50.900407" lon="-120.605206" />
      <trkpt lat="50.89988" lon="-120.602781" />
      <trkpt lat="50.899433" lon="-120.601065" />
      <trkpt lat="50.898729" lon="-120.599262" />
      <trkpt lat="50.897944" lon="-120.597546" />
      <trkpt lat="50.897227" lon="-120.595979" />
      <trkpt lat="50.895671" lon="-120.592653" />
      <trkpt lat="50.895462" lon="-120.592278" />
      <trkpt lat="50.894331" lon="-120.59025" />
      <trkpt lat="50.893329" lon="-120.58834" />
      <trkpt lat="50.892382" lon="-120.58613" />
      <trkpt lat="50.892043" lon="-120.58495" />
      <trkpt lat="50.891394" lon="-120.583963" />
      <trkpt lat="50.888944" lon="-120.580637" />
      <trkpt lat="50.888186" lon="-120.57877" />
      <trkpt lat="50.887685" lon="-120.577118" />
      <trkpt lat="50.887078" lon="-120.576062" />
      <trkpt lat="50.886426" lon="-120.574929" />
      <trkpt lat="50.884788" lon="-120.571968" />
      <trkpt lat="50.884314" lon="-120.571453" />
      <trkpt lat="50.882839" lon="-120.570445" />
      <trkpt lat="50.88246" lon="-120.56993" />
      <trkpt lat="50.881742" lon="-120.568213" />
      <trkpt lat="50.881241" lon="-120.566883" />
      <trkpt lat="50.880997" lon="-120.565595" />
      <trkpt lat="50.881011" lon="-120.564115" />
      <trkpt lat="50.88051" lon="-120.563085" />
      <trkpt lat="50.878655" lon="-120.560596" />
      <trkpt lat="50.876503" lon="-120.558214" />
      <trkpt lat="50.87504" lon="-120.556798" />
      <trkpt lat="50.874079" lon="-120.556111" />
      <trkpt lat="50.87347" lon="-120.555317" />
      <trkpt lat="50.872468" lon="-120.553514" />
      <trkpt lat="50.871953" lon="-120.552656" />
      <trkpt lat="50.870558" lon="-120.551369" />
      <trkpt lat="50.869123" lon="-120.54991" />
      <trkpt lat="50.868094" lon="-120.549523" />
      <trkpt lat="50.865128" lon="-120.547936" />
      <trkpt lat="50.862649" lon="-120.546948" />
      <trkpt lat="50.861891" lon="-120.546734" />
      <trkpt lat="50.861281" lon="-120.546991" />
      <trkpt lat="50.860198" lon="-120.547249" />
      <trkpt lat="50.859331" lon="-120.547249" />
      <trkpt lat="50.858478" lon="-120.546734" />
      <trkpt lat="50.85757" lon="-120.545768" />
      <trkpt lat="50.856934" lon="-120.54388" />
      <trkpt lat="50.856568" lon="-120.542464" />
      <trkpt lat="50.855769" lon="-120.540339" />
      <trkpt lat="50.855498" lon="-120.538816" />
      <trkpt lat="50.85524" lon="-120.536327" />
      <trkpt lat="50.855078" lon="-120.534632" />
      <trkpt lat="50.854468" lon="-120.532357" />
      <trkpt lat="50.854414" lon="-120.530984" />
      <trkpt lat="50.85478" lon="-120.529589" />
      <trkpt lat="50.856107" lon="-120.52592" />
      <trkpt lat="50.856541" lon="-120.523474" />
      <trkpt lat="50.856934" lon="-120.522229" />
      <trkpt lat="50.857462" lon="-120.520942" />
      <trkpt lat="50.857543" lon="-120.519182" />
      <trkpt lat="50.857448" lon="-120.518238" />
      <trkpt lat="50.857096" lon="-120.517423" />
      <trkpt lat="50.85692" lon="-120.516736" />
      <trkpt lat="50.856866" lon="-120.515277" />
      <trkpt lat="50.85692" lon="-120.513818" />
      <trkpt lat="50.857096" lon="-120.512251" />
      <trkpt lat="50.857408" lon="-120.510835" />
      <trkpt lat="50.857408" lon="-120.509805" />
      <trkpt lat="50.85715" lon="-120.508647" />
      <trkpt lat="50.85712" lon="-120.508517" />
      <trkpt lat="50.856744" lon="-120.506887" />
      <trkpt lat="50.856283" lon="-120.505943" />
      <trkpt lat="50.855403" lon="-120.505492" />
      <trkpt lat="50.854306" lon="-120.505149" />
      <trkpt lat="50.853534" lon="-120.505428" />
      <trkpt lat="50.85313" lon="-120.505484" />
      <trkpt lat="50.852612" lon="-120.505557" />
      <trkpt lat="50.851854" lon="-120.505149" />
      <trkpt lat="50.851393" lon="-120.504248" />
      <trkpt lat="50.850946" lon="-120.502767" />
      <trkpt lat="50.850648" lon="-120.501673" />
      <trkpt lat="50.850725" lon="-120.500488" />
      <trkpt lat="50.850859" lon="-120.499633" />
      <trkpt lat="50.850811" lon="-120.498926" />
      <trkpt lat="50.850431" lon="-120.497531" />
      <trkpt lat="50.850052" lon="-120.496459" />
      <trkpt lat="50.849957" lon="-120.495999" />
      <trkpt lat="50.849835" lon="-120.495407" />
      <trkpt lat="50.849591" lon="-120.493969" />
      <trkpt lat="50.849104" lon="-120.492982" />
      <trkpt lat="50.848413" lon="-120.491845" />
      <trkpt lat="50.848378" lon="-120.49181" />
      <trkpt lat="50.847803" lon="-120.491244" />
      <trkpt lat="50.847058" lon="-120.491051" />
      <trkpt lat="50.846503" lon="-120.490515" />
      <trkpt lat="50.846096" lon="-120.489828" />
      <trkpt lat="50.845663" lon="-120.489163" />
      <trkpt lat="50.845527" lon="-120.488326" />
      <trkpt lat="50.845459" lon="-120.487489" />
      <trkpt lat="50.844877" lon="-120.486373" />
      <trkpt lat="50.84485" lon="-120.485537" />
      <trkpt lat="50.844579" lon="-120.484657" />
      <trkpt lat="50.844037" lon="-120.483584" />
      <trkpt lat="50.8434" lon="-120.482833" />
      <trkpt lat="50.842506" lon="-120.48264" />
      <trkpt lat="50.84187" lon="-120.48217" />
      <trkpt lat="50.841391" lon="-120.481512" />
      <trkpt lat="50.840703" lon="-120.480387" />
      <trkpt lat="50.839647" lon="-120.479121" />
      <trkpt lat="50.839023" lon="-120.478391" />
      <trkpt lat="50.838495" lon="-120.477876" />
      <trkpt lat="50.838007" lon="-120.477318" />
      <trkpt lat="50.837519" lon="-120.476653" />
      <trkpt lat="50.837018" lon="-120.476589" />
      <trkpt lat="50.836476" lon="-120.47631" />
      <trkpt lat="50.835906" lon="-120.47558" />
      <trkpt lat="50.835503" lon="-120.474873" />
      <trkpt lat="50.835322" lon="-120.474428" />
      <trkpt lat="50.83541" lon="-120.473814" />
      <trkpt lat="50.83541" lon="-120.473814" />
      <trkpt lat="50.835573" lon="-120.473311" />
      <trkpt lat="50.835801" lon="-120.472765" />
      <trkpt lat="50.836378" lon="-120.471387" />
      <trkpt lat="50.836882" lon="-120.470183" />
      <trkpt lat="50.837042" lon="-120.469315" />
      <trkpt lat="50.837125" lon="-120.468865" />
      <trkpt lat="50.837411" lon="-120.467635" />
      <trkpt lat="50.837449" lon="-120.46735" />
      <trkpt lat="50.837488" lon="-120.467051" />
      <trkpt lat="50.83746" lon="-120.46656" />
      <trkpt lat="50.837374" lon="-120.46609" />
      <trkpt lat="50.837237" lon="-120.465607" />
      <trkpt lat="50.837038" lon="-120.465271" />
      <trkpt lat="50.837003" lon="-120.465213" />
      <trkpt lat="50.835641" lon="-120.463458" />
      <trkpt lat="50.834804" lon="-120.462378" />
      <trkpt lat="50.834479" lon="-120.461824" />
      <trkpt lat="50.834322" lon="-120.461398" />
      <trkpt lat="50.834253" lon="-120.46121" />
      <trkpt lat="50.834131" lon="-120.460447" />
      <trkpt lat="50.833981" lon="-120.45883" />
      <trkpt lat="50.833933" lon="-120.45855" />
      <trkpt lat="50.833883" lon="-120.45836" />
      <trkpt lat="50.833447" lon="-120.456246" />
      <trkpt lat="50.833279" lon="-120.455342" />
      <trkpt lat="50.832923" lon="-120.453706" />
      <trkpt lat="50.8328" lon="-120.453142" />
      <trkpt lat="50.832543" lon="-120.451966" />
      <trkpt lat="50.832378" lon="-120.451485" />
      <trkpt lat="50.832108" lon="-120.450699" />
      <trkpt lat="50.831646" lon="-120.449513" />
      <trkpt lat="50.831124" lon="-120.44841" />
      <trkpt lat="50.830645" lon="-120.447596" />
      <trkpt lat="50.830411" lon="-120.447263" />
      <trkpt lat="50.830311" lon="-120.447121" />
      <trkpt lat="50.83004" lon="-120.446809" />
      <trkpt lat="50.829616" lon="-120.446534" />
      <trkpt lat="50.828295" lon="-120.445939" />
      <trkpt lat="50.827547" lon="-120.44578" />
      <trkpt lat="50.827196" lon="-120.445792" />
      <trkpt lat="50.826787" lon="-120.446073" />
      <trkpt lat="50.826193" lon="-120.446532" />
      <trkpt lat="50.825992" lon="-120.44672" />
      <trkpt lat="50.825696" lon="-120.446973" />
      <trkpt lat="50.825508" lon="-120.447045" />
      <trkpt lat="50.825319" lon="-120.446999" />
      <trkpt lat="50.824711" lon="-120.446805" />
      <trkpt lat="50.824498" lon="-120.446645" />
      <trkpt lat="50.824277" lon="-120.44642" />
      <trkpt lat="50.823748" lon="-120.445654" />
      <trkpt lat="50.823242" lon="-120.445242" />
      <trkpt lat="50.822762" lon="-120.445118" />
      <trkpt lat="50.821865" lon="-120.445139" />
      <trkpt lat="50.821739" lon="-120.445141" />
      <trkpt lat="50.821665" lon="-120.445143" />
      <trkpt lat="50.821326" lon="-120.445129" />
      <trkpt lat="50.821118" lon="-120.445233" />
      <trkpt lat="50.820323" lon="-120.445742" />
      <trkpt lat="50.819526" lon="-120.446062" />
      <trkpt lat="50.818751" lon="-120.446247" />
      <trkpt lat="50.818578" lon="-120.446276" />
      <trkpt lat="50.818478" lon="-120.446292" />
      <trkpt lat="50.818182" lon="-120.446296" />
      <trkpt lat="50.817661" lon="-120.446161" />
      <trkpt lat="50.816618" lon="-120.445838" />
      <trkpt lat="50.816136" lon="-120.445763" />
      <trkpt lat="50.815635" lon="-120.445803" />
      <trkpt lat="50.814487" lon="-120.446103" />
      <trkpt lat="50.814212" lon="-120.446262" />
      <trkpt lat="50.813756" lon="-120.446739" />
      <trkpt lat="50.813461" lon="-120.446964" />
      <trkpt lat="50.81312" lon="-120.447146" />
      <trkpt lat="50.812401" lon="-120.447349" />
      <trkpt lat="50.811981" lon="-120.447523" />
      <trkpt lat="50.811001" lon="-120.448285" />
      <trkpt lat="50.810651" lon="-120.448478" />
      <trkpt lat="50.810056" lon="-120.448614" />
      <trkpt lat="50.809389" lon="-120.448859" />
      <trkpt lat="50.809087" lon="-120.448925" />
      <trkpt lat="50.808449" lon="-120.448909" />
      <trkpt lat="50.807105" lon="-120.449101" />
      <trkpt lat="50.8066" lon="-120.449276" />
      <trkpt lat="50.806393" lon="-120.449456" />
      <trkpt lat="50.805728" lon="-120.450054" />
      <trkpt lat="50.805239" lon="-120.450357" />
      <trkpt lat="50.804809" lon="-120.450571" />
      <trkpt lat="50.804568" lon="-120.450594" />
      <trkpt lat="50.804333" lon="-120.450638" />
      <trkpt lat="50.804224" lon="-120.450653" />
      <trkpt lat="50.803948" lon="-120.450732" />
      <trkpt lat="50.803396" lon="-120.451156" />
      <trkpt lat="50.803214" lon="-120.451205" />
      <trkpt lat="50.803072" lon="-120.451153" />
      <trkpt lat="50.802959" lon="-120.451053" />
      <trkpt lat="50.802465" lon="-120.450563" />
      <trkpt lat="50.802331" lon="-120.450469" />
      <trkpt lat="50.80219" lon="-120.450486" />
      <trkpt lat="50.802066" lon="-120.45058" />
      <trkpt lat="50.801631" lon="-120.451358" />
      <trkpt lat="50.801349" lon="-120.451599" />
      <trkpt lat="50.800994" lon="-120.45176" />
      <trkpt lat="50.800639" lon="-120.451823" />
      <trkpt lat="50.800042" lon="-120.451737" />
      <trkpt lat="50.799999" lon="-120.451722" />
      <trkpt lat="50.799587" lon="-120.45158" />
      <trkpt lat="50.799309" lon="-120.451454" />
      <trkpt lat="50.799303" lon="-120.451448" />
      <trkpt lat="50.799166" lon="-120.451329" />
      <trkpt lat="50.798763" lon="-120.45093" />
      <trkpt lat="50.798607" lon="-120.450722" />
      <trkpt lat="50.797866" lon="-120.449732" />
      <trkpt lat="50.797217" lon="-120.449012" />
      <trkpt lat="50.796336" lon="-120.448341" />
      <trkpt lat="50.795706" lon="-120.447947" />
      <trkpt lat="50.795274" lon="-120.447677" />
      <trkpt lat="50.795105" lon="-120.447571" />
      <trkpt lat="50.794667" lon="-120.44711" />
      <trkpt lat="50.794531" lon="-120.446952" />
      <trkpt lat="50.794394" lon="-120.446733" />
      <trkpt lat="50.794181" lon="-120.446192" />
      <trkpt lat="50.793997" lon="-120.44566" />
      <trkpt lat="50.793853" lon="-120.444972" />
      <trkpt lat="50.793767" lon="-120.444565" />
      <trkpt lat="50.793641" lon="-120.44428" />
      <trkpt lat="50.793517" lon="-120.444121" />
      <trkpt lat="50.7934" lon="-120.443985" />
      <trkpt lat="50.792896" lon="-120.443631" />
      <trkpt lat="50.792847" lon="-120.443565" />
      <trkpt lat="50.792696" lon="-120.443362" />
      <trkpt lat="50.792595" lon="-120.443227" />
      <trkpt lat="50.792427" lon="-120.442849" />
      <trkpt lat="50.792318" lon="-120.442345" />
      <trkpt lat="50.792177" lon="-120.441857" />
      <trkpt lat="50.792122" lon="-120.441756" />
      <trkpt lat="50.792109" lon="-120.441709" />
      <trkpt lat="50.79148" lon="-120.440356" />
      <trkpt lat="50.791137" lon="-120.439796" />
      <trkpt lat="50.790808" lon="-120.439416" />
      <trkpt lat="50.790648" lon="-120.439264" />
      <trkpt lat="50.790451" lon="-120.439192" />
      <trkpt lat="50.78965" lon="-120.439158" />
      <trkpt lat="50.788852" lon="-120.438963" />
      <trkpt lat="50.788406" lon="-120.438904" />
      <trkpt lat="50.787885" lon="-120.438922" />
      <trkpt lat="50.786918" lon="-120.439282" />
      <trkpt lat="50.786547" lon="-120.439289" />
      <trkpt lat="50.786176" lon="-120.43922" />
      <trkpt lat="50.783019" lon="-120.437798" />
      <trkpt lat="50.782659" lon="-120.437537" />
      <trkpt lat="50.782447" lon="-120.437285" />
      <trkpt lat="50.782256" lon="-120.436941" />
      <trkpt lat="50.781963" lon="-120.436147" />
      <trkpt lat="50.781483" lon="-120.434843" />
      <trkpt lat="50.781186" lon="-120.434368" />
      <trkpt lat="50.780471" lon="-120.433417" />
      <trkpt lat="50.780121" lon="-120.433081" />
      <trkpt lat="50.779775" lon="-120.432918" />
      <trkpt lat="50.779317" lon="-120.432885" />
      <trkpt lat="50.778023" lon="-120.433114" />
      <trkpt lat="50.777681" lon="-120.433012" />
      <trkpt lat="50.777347" lon="-120.432803" />
      <trkpt lat="50.776829" lon="-120.432271" />
      <trkpt lat="50.776682" lon="-120.432214" />
      <trkpt lat="50.776585" lon="-120.432176" />
      <trkpt lat="50.776347" lon="-120.43221" />
      <trkpt lat="50.775464" lon="-120.432721" />
      <trkpt lat="50.775171" lon="-120.432801" />
      <trkpt lat="50.774886" lon="-120.432803" />
      <trkpt lat="50.774556" lon="-120.432659" />
      <trkpt lat="50.774144" lon="-120.432352" />
      <trkpt lat="50.773526" lon="-120.43171" />
      <trkpt lat="50.772989" lon="-120.431058" />
      <trkpt lat="50.772652" lon="-120.430754" />
      <trkpt lat="50.771296" lon="-120.43018" />
      <trkpt lat="50.769515" lon="-120.429138" />
      <trkpt lat="50.768912" lon="-120.42889" />
      <trkpt lat="50.76831" lon="-120.42884" />
      <trkpt lat="50.76779" lon="-120.428966" />
      <trkpt lat="50.766236" lon="-120.429826" />
      <trkpt lat="50.765908" lon="-120.429887" />
      <trkpt lat="50.765525" lon="-120.429891" />
      <trkpt lat="50.765091" lon="-120.4298" />
      <trkpt lat="50.764668" lon="-120.429782" />
      <trkpt lat="50.763551" lon="-120.430144" />
      <trkpt lat="50.763294" lon="-120.430155" />
      <trkpt lat="50.763032" lon="-120.430071" />
      <trkpt lat="50.762851" lon="-120.429939" />
      <trkpt lat="50.762631" lon="-120.429779" />
      <trkpt lat="50.762138" lon="-120.429275" />
      <trkpt lat="50.761255" lon="-120.428371" />
      <trkpt lat="50.760841" lon="-120.427857" />
      <trkpt lat="50.760598" lon="-120.427393" />
      <trkpt lat="50.759855" lon="-120.425323" />
      <trkpt lat="50.759654" lon="-120.424644" />
      <trkpt lat="50.759593" lon="-120.424082" />
      <trkpt lat="50.759621" lon="-120.423524" />
      <trkpt lat="50.759799" lon="-120.422577" />
      <trkpt lat="50.759869" lon="-120.422002" />
      <trkpt lat="50.759854" lon="-120.420568" />
      <trkpt lat="50.759841" lon="-120.420363" />
      <trkpt lat="50.759834" lon="-120.420261" />
      <trkpt lat="50.759789" lon="-120.419946" />
      <trkpt lat="50.759594" lon="-120.419575" />
      <trkpt lat="50.759381" lon="-120.419278" />
      <trkpt lat="50.758917" lon="-120.418912" />
      <trkpt lat="50.758464" lon="-120.418714" />
      <trkpt lat="50.758423" lon="-120.418705" />
      <trkpt lat="50.758262" lon="-120.418668" />
      <trkpt lat="50.755394" lon="-120.418021" />
      <trkpt lat="50.755367" lon="-120.418015" />
      <trkpt lat="50.75474" lon="-120.417934" />
      <trkpt lat="50.752792" lon="-120.417685" />
      <trkpt lat="50.75091" lon="-120.417796" />
      <trkpt lat="50.750405" lon="-120.417716" />
      <trkpt lat="50.749241" lon="-120.417126" />
      <trkpt lat="50.748816" lon="-120.416855" />
      <trkpt lat="50.748807" lon="-120.416849" />
      <trkpt lat="50.74825" lon="-120.416494" />
      <trkpt lat="50.747725" lon="-120.416112" />
      <trkpt lat="50.747226" lon="-120.415598" />
      <trkpt lat="50.747034" lon="-120.415304" />
      <trkpt lat="50.746884" lon="-120.415114" />
      <trkpt lat="50.746472" lon="-120.41428" />
      <trkpt lat="50.745821" lon="-120.413068" />
      <trkpt lat="50.745456" lon="-120.412537" />
      <trkpt lat="50.745365" lon="-120.412407" />
      <trkpt lat="50.74492" lon="-120.411889" />
      <trkpt lat="50.744836" lon="-120.411805" />
      <trkpt lat="50.744741" lon="-120.411709" />
      <trkpt lat="50.744392" lon="-120.411359" />
      <trkpt lat="50.744236" lon="-120.411239" />
      <trkpt lat="50.743986" lon="-120.411047" />
      <trkpt lat="50.743448" lon="-120.410732" />
      <trkpt lat="50.743146" lon="-120.410554" />
      <trkpt lat="50.741847" lon="-120.410084" />
      <trkpt lat="50.739632" lon="-120.408995" />
      <trkpt lat="50.738965" lon="-120.408567" />
      <trkpt lat="50.737788" lon="-120.407809" />
      <trkpt lat="50.737489" lon="-120.407616" />
      <trkpt lat="50.737338" lon="-120.407523" />
      <trkpt lat="50.737297" lon="-120.407498" />
      <trkpt lat="50.737038" lon="-120.407338" />
      <trkpt lat="50.736585" lon="-120.40706" />
      <trkpt lat="50.736409" lon="-120.406951" />
      <trkpt lat="50.736345" lon="-120.406912" />
      <trkpt lat="50.733881" lon="-120.405396" />
      <trkpt lat="50.732007" lon="-120.404685" />
      <trkpt lat="50.731591" lon="-120.404475" />
      <trkpt lat="50.730718" lon="-120.403762" />
      <trkpt lat="50.730069" lon="-120.403232" />
      <trkpt lat="50.729681" lon="-120.402875" />
      <trkpt lat="50.729065" lon="-120.402011" />
      <trkpt lat="50.728834" lon="-120.401797" />
      <trkpt lat="50.727828" lon="-120.401327" />
      <trkpt lat="50.727427" lon="-120.401202" />
      <trkpt lat="50.727226" lon="-120.401074" />
      <trkpt lat="50.727039" lon="-120.400843" />
      <trkpt lat="50.726761" lon="-120.400236" />
      <trkpt lat="50.726758" lon="-120.400227" />
      <trkpt lat="50.726688" lon="-120.399996" />
      <trkpt lat="50.726667" lon="-120.399925" />
      <trkpt lat="50.726647" lon="-120.399859" />
      <trkpt lat="50.726609" lon="-120.399668" />
      <trkpt lat="50.726609" lon="-120.399513" />
      <trkpt lat="50.726644" lon="-120.399294" />
      <trkpt lat="50.726695" lon="-120.399155" />
      <trkpt lat="50.726712" lon="-120.399111" />
      <trkpt lat="50.726848" lon="-120.398767" />
      <trkpt lat="50.72694" lon="-120.398529" />
      <trkpt lat="50.727004" lon="-120.398277" />
      <trkpt lat="50.727066" lon="-120.398002" />
      <trkpt lat="50.727131" lon="-120.397763" />
      <trkpt lat="50.72719" lon="-120.397566" />
      <trkpt lat="50.727271" lon="-120.397298" />
      <trkpt lat="50.727506" lon="-120.396517" />
      <trkpt lat="50.727569" lon="-120.396304" />
      <trkpt lat="50.727684" lon="-120.395872" />
      <trkpt lat="50.727744" lon="-120.395581" />
      <trkpt lat="50.727784" lon="-120.395292" />
      <trkpt lat="50.727802" lon="-120.395147" />
      <trkpt lat="50.727823" lon="-120.394937" />
      <trkpt lat="50.727829" lon="-120.394838" />
      <trkpt lat="50.727844" lon="-120.394618" />
      <trkpt lat="50.727849" lon="-120.394477" />
      <trkpt lat="50.727853" lon="-120.394392" />
      <trkpt lat="50.727857" lon="-120.394343" />
      <trkpt lat="50.72784" lon="-120.394087" />
      <trkpt lat="50.727826" lon="-120.393941" />
      <trkpt lat="50.727806" lon="-120.393826" />
      <trkpt lat="50.727698" lon="-120.393181" />
      <trkpt lat="50.727686" lon="-120.393112" />
      <trkpt lat="50.727649" lon="-120.392891" />
      <trkpt lat="50.727604" lon="-120.392621" />
      <trkpt lat="50.727597" lon="-120.392579" />
      <trkpt lat="50.727476" lon="-120.392016" />
      <trkpt lat="50.727473" lon="-120.392" />
      <trkpt lat="50.727369" lon="-120.391516" />
      <trkpt lat="50.727327" lon="-120.391322" />
      <trkpt lat="50.727305" lon="-120.391219" />
      <trkpt lat="50.727226" lon="-120.390852" />
      <trkpt lat="50.727216" lon="-120.390829" />
      <trkpt lat="50.727041" lon="-120.390435" />
      <trkpt lat="50.726962" lon="-120.390301" />
      <trkpt lat="50.726895" lon="-120.390199" />
      <trkpt lat="50.726617" lon="-120.389777" />
      <trkpt lat="50.725703" lon="-120.388662" />
      <trkpt lat="50.725639" lon="-120.388584" />
      <trkpt lat="50.725555" lon="-120.388497" />
      <trkpt lat="50.725446" lon="-120.388374" />
      <trkpt lat="50.725308" lon="-120.388217" />
      <trkpt lat="50.72506" lon="-120.387936" />
      <trkpt lat="50.724782" lon="-120.387621" />
      <trkpt lat="50.724553" lon="-120.387362" />
      <trkpt lat="50.724101" lon="-120.38685" />
      <trkpt lat="50.723875" lon="-120.386594" />
      <trkpt lat="50.723647" lon="-120.38639" />
      <trkpt lat="50.723379" lon="-120.386037" />
      <trkpt lat="50.723212" lon="-120.385681" />
      <trkpt lat="50.723083" lon="-120.38533" />
      <trkpt lat="50.723047" lon="-120.385236" />
      <trkpt lat="50.722991" lon="-120.385041" />
      <trkpt lat="50.722952" lon="-120.384868" />
      <trkpt lat="50.722934" lon="-120.384782" />
      <trkpt lat="50.722918" lon="-120.384719" />
      <trkpt lat="50.722913" lon="-120.384699" />
      <trkpt lat="50.722887" lon="-120.384535" />
      <trkpt lat="50.722878" lon="-120.384352" />
      <trkpt lat="50.722877" lon="-120.384331" />
      <trkpt lat="50.722875" lon="-120.384195" />
      <trkpt lat="50.722866" lon="-120.383957" />
      <trkpt lat="50.72287" lon="-120.383915" />
      <trkpt lat="50.722908" lon="-120.383413" />
      <trkpt lat="50.722934" lon="-120.383067" />
      <trkpt lat="50.722933" lon="-120.382877" />
      <trkpt lat="50.72293" lon="-120.382472" />
      <trkpt lat="50.722916" lon="-120.382377" />
      <trkpt lat="50.722894" lon="-120.382144" />
      <trkpt lat="50.722723" lon="-120.380344" />
      <trkpt lat="50.72269" lon="-120.379057" />
      <trkpt lat="50.722553" lon="-120.377771" />
      <trkpt lat="50.722491" lon="-120.377317" />
      <trkpt lat="50.72238" lon="-120.376494" />
      <trkpt lat="50.722247" lon="-120.375812" />
      <trkpt lat="50.722103" lon="-120.375111" />
      <trkpt lat="50.7221" lon="-120.375092" />
      <trkpt lat="50.722053" lon="-120.37487" />
      <trkpt lat="50.721959" lon="-120.374577" />
      <trkpt lat="50.721539" lon="-120.373137" />
      <trkpt lat="50.721516" lon="-120.373064" />
      <trkpt lat="50.721155" lon="-120.371969" />
      <trkpt lat="50.72092" lon="-120.371254" />
      <trkpt lat="50.72088" lon="-120.371133" />
      <trkpt lat="50.720582" lon="-120.370227" />
      <trkpt lat="50.720426" lon="-120.369903" />
      <trkpt lat="50.720253" lon="-120.36965" />
      <trkpt lat="50.720039" lon="-120.369407" />
      <trkpt lat="50.719705" lon="-120.3692" />
      <trkpt lat="50.719488" lon="-120.369128" />
      <trkpt lat="50.719188" lon="-120.369123" />
      <trkpt lat="50.717869" lon="-120.369453" />
      <trkpt lat="50.717731" lon="-120.369487" />
      <trkpt lat="50.717234" lon="-120.369507" />
      <trkpt lat="50.716598" lon="-120.369324" />
      <trkpt lat="50.716341" lon="-120.369155" />
      <trkpt lat="50.716131" lon="-120.369017" />
      <trkpt lat="50.715632" lon="-120.368434" />
      <trkpt lat="50.715512" lon="-120.368255" />
      <trkpt lat="50.714826" lon="-120.367101" />
      <trkpt lat="50.714535" lon="-120.36671" />
      <trkpt lat="50.71442" lon="-120.366556" />
      <trkpt lat="50.714217" lon="-120.366358" />
      <trkpt lat="50.713909" lon="-120.36613" />
      <trkpt lat="50.713578" lon="-120.365994" />
      <trkpt lat="50.713251" lon="-120.365916" />
      <trkpt lat="50.713" lon="-120.365949" />
      <trkpt lat="50.712855" lon="-120.366027" />
      <trkpt lat="50.712691" lon="-120.366114" />
      <trkpt lat="50.712545" lon="-120.36628" />
      <trkpt lat="50.712359" lon="-120.366404" />
      <trkpt lat="50.712177" lon="-120.366476" />
      <trkpt lat="50.712018" lon="-120.366497" />
      <trkpt lat="50.711966" lon="-120.366495" />
      <trkpt lat="50.711915" lon="-120.366494" />
      <trkpt lat="50.711804" lon="-120.366492" />
      <trkpt lat="50.711677" lon="-120.366457" />
      <trkpt lat="50.71154" lon="-120.366384" />
      <trkpt lat="50.711231" lon="-120.36618" />
      <trkpt lat="50.710569" lon="-120.36575" />
      <trkpt lat="50.710136" lon="-120.365487" />
      <trkpt lat="50.710038" lon="-120.365364" />
      <trkpt lat="50.709793" lon="-120.365211" />
      <trkpt lat="50.709362" lon="-120.36495" />
      <trkpt lat="50.70914" lon="-120.36482" />
      <trkpt lat="50.708788" lon="-120.364662" />
      <trkpt lat="50.708491" lon="-120.364685" />
      <trkpt lat="50.707877" lon="-120.364573" />
      <trkpt lat="50.707392" lon="-120.364485" />
      <trkpt lat="50.707286" lon="-120.364469" />
      <trkpt lat="50.707179" lon="-120.364453" />
      <trkpt lat="50.707094" lon="-120.364438" />
      <trkpt lat="50.706943" lon="-120.364411" />
      <trkpt lat="50.706796" lon="-120.364386" />
      <trkpt lat="50.706523" lon="-120.364338" />
      <trkpt lat="50.706237" lon="-120.364288" />
      <trkpt lat="50.705692" lon="-120.364184" />
      <trkpt lat="50.705328" lon="-120.364113" />
      <trkpt lat="50.704447" lon="-120.363966" />
      <trkpt lat="50.703577" lon="-120.363813" />
      <trkpt lat="50.703287" lon="-120.363761" />
      <trkpt lat="50.703215" lon="-120.363749" />
      <trkpt lat="50.703129" lon="-120.363733" />
      <trkpt lat="50.702988" lon="-120.363708" />
      <trkpt lat="50.702736" lon="-120.363665" />
      <trkpt lat="50.70218" lon="-120.363566" />
      <trkpt lat="50.701604" lon="-120.363464" />
      <trkpt lat="50.701275" lon="-120.363405" />
      <trkpt lat="50.700851" lon="-120.363328" />
      <trkpt lat="50.700006" lon="-120.363157" />
      <trkpt lat="50.699634" lon="-120.363059" />
      <trkpt lat="50.699511" lon="-120.363027" />
      <trkpt lat="50.69948" lon="-120.36302" />
      <trkpt lat="50.699423" lon="-120.363004" />
      <trkpt lat="50.699308" lon="-120.362974" />
      <trkpt lat="50.699282" lon="-120.36279" />
      <trkpt lat="50.699269" lon="-120.362699" />
      <trkpt lat="50.699199" lon="-120.362266" />
      <trkpt lat="50.6991" lon="-120.361554" />
      <trkpt lat="50.699022" lon="-120.361045" />
      <trkpt lat="50.698968" lon="-120.360742" />
      <trkpt lat="50.698915" lon="-120.360455" />
      <trkpt lat="50.698863" lon="-120.360201" />
      <trkpt lat="50.698785" lon="-120.359888" />
      <trkpt lat="50.698713" lon="-120.359641" />
      <trkpt lat="50.698649" lon="-120.359443" />
      <trkpt lat="50.698522" lon="-120.359117" />
      <trkpt lat="50.698367" lon="-120.358788" />
      <trkpt lat="50.698355" lon="-120.358764" />
      <trkpt lat="50.698279" lon="-120.358605" />
      <trkpt lat="50.698224" lon="-120.358517" />
      <trkpt lat="50.698019" lon="-120.358191" />
      <trkpt lat="50.697873" lon="-120.357974" />
      <trkpt lat="50.697783" lon="-120.357872" />
      <trkpt lat="50.697716" lon="-120.357786" />
      <trkpt lat="50.697597" lon="-120.357656" />
      <trkpt lat="50.697423" lon="-120.357483" />
      <trkpt lat="50.697258" lon="-120.357348" />
      <trkpt lat="50.697051" lon="-120.357197" />
      <trkpt lat="50.697036" lon="-120.357186" />
      <trkpt lat="50.697029" lon="-120.357181" />
      <trkpt lat="50.696965" lon="-120.35714" />
      <trkpt lat="50.696885" lon="-120.357093" />
      <trkpt lat="50.696288" lon="-120.356741" />
      <trkpt lat="50.695562" lon="-120.356325" />
      <trkpt lat="50.695186" lon="-120.356116" />
      <trkpt lat="50.694976" lon="-120.355982" />
      <trkpt lat="50.694821" lon="-120.355945" />
      <trkpt lat="50.694402" lon="-120.355864" />
      <trkpt lat="50.694229" lon="-120.355821" />
      <trkpt lat="50.694204" lon="-120.355812" />
      <trkpt lat="50.694113" lon="-120.355768" />
      <trkpt lat="50.694033" lon="-120.355724" />
      <trkpt lat="50.693761" lon="-120.35557" />
      <trkpt lat="50.69362" lon="-120.35545" />
      <trkpt lat="50.693482" lon="-120.35531" />
      <trkpt lat="50.693214" lon="-120.354948" />
      <trkpt lat="50.692953" lon="-120.354587" />
      <trkpt lat="50.692869" lon="-120.354473" />
      <trkpt lat="50.6926" lon="-120.354091" />
      <trkpt lat="50.692229" lon="-120.353563" />
      <trkpt lat="50.691859" lon="-120.353052" />
      <trkpt lat="50.691691" lon="-120.352809" />
      <trkpt lat="50.691612" lon="-120.352702" />
      <trkpt lat="50.691573" lon="-120.352649" />
      <trkpt lat="50.691547" lon="-120.35261" />
      <trkpt lat="50.691484" lon="-120.352524" />
      <trkpt lat="50.691076" lon="-120.351927" />
      <trkpt lat="50.690804" lon="-120.351547" />
      <trkpt lat="50.690068" lon="-120.35052" />
      <trkpt lat="50.689692" lon="-120.349996" />
      <trkpt lat="50.689334" lon="-120.349495" />
      <trkpt lat="50.688969" lon="-120.348987" />
      <trkpt lat="50.688521" lon="-120.348414" />
      <trkpt lat="50.688224" lon="-120.348122" />
      <trkpt lat="50.688132" lon="-120.348042" />
      <trkpt lat="50.688063" lon="-120.347983" />
      <trkpt lat="50.687796" lon="-120.347793" />
      <trkpt lat="50.687478" lon="-120.347609" />
      <trkpt lat="50.687123" lon="-120.347439" />
      <trkpt lat="50.686738" lon="-120.347318" />
      <trkpt lat="50.686453" lon="-120.347255" />
      <trkpt lat="50.686155" lon="-120.34723" />
      <trkpt lat="50.68585" lon="-120.34723" />
      <trkpt lat="50.685635" lon="-120.347248" />
      <trkpt lat="50.685423" lon="-120.347305" />
      <trkpt lat="50.685307" lon="-120.347336" />
      <trkpt lat="50.685179" lon="-120.347474" />
      <trkpt lat="50.684808" lon="-120.347669" />
      <trkpt lat="50.684612" lon="-120.347796" />
      <trkpt lat="50.68422" lon="-120.348055" />
      <trkpt lat="50.683863" lon="-120.348221" />
      <trkpt lat="50.683621" lon="-120.348387" />
      <trkpt lat="50.683027" lon="-120.348833" />
      <trkpt lat="50.682882" lon="-120.34894" />
      <trkpt lat="50.679626" lon="-120.351459" />
      <trkpt lat="50.679513" lon="-120.351522" />
      <trkpt lat="50.679426" lon="-120.351555" />
      <trkpt lat="50.679345" lon="-120.351562" />
      <trkpt lat="50.679255" lon="-120.351566" />
      <trkpt lat="50.679139" lon="-120.351534" />
      <trkpt lat="50.67902" lon="-120.351482" />
      <trkpt lat="50.678904" lon="-120.35137" />
      <trkpt lat="50.678764" lon="-120.351222" />
      <trkpt lat="50.678689" lon="-120.351066" />
      <trkpt lat="50.678607" lon="-120.350902" />
      <trkpt lat="50.678575" lon="-120.350777" />
      <trkpt lat="50.678551" lon="-120.350611" />
      <trkpt lat="50.678529" lon="-120.350369" />
      <trkpt lat="50.678564" lon="-120.349784" />
      <trkpt lat="50.678604" lon="-120.349342" />
      <trkpt lat="50.67863" lon="-120.348887" />
      <trkpt lat="50.678628" lon="-120.348672" />
      <trkpt lat="50.6786" lon="-120.348419" />
      <trkpt lat="50.678556" lon="-120.348219" />
      <trkpt lat="50.678269" lon="-120.347173" />
      <trkpt lat="50.678226" lon="-120.347021" />
      <trkpt lat="50.678167" lon="-120.346838" />
      <trkpt lat="50.678114" lon="-120.346672" />
      <trkpt lat="50.678001" lon="-120.346318" />
      <trkpt lat="50.677835" lon="-120.345756" />
      <trkpt lat="50.677755" lon="-120.345483" />
      <trkpt lat="50.677673" lon="-120.345203" />
      <trkpt lat="50.677531" lon="-120.34469" />
      <trkpt lat="50.677467" lon="-120.344457" />
      <trkpt lat="50.677389" lon="-120.344285" />
      <trkpt lat="50.677316" lon="-120.343998" />
      <trkpt lat="50.677224" lon="-120.343762" />
      <trkpt lat="50.677151" lon="-120.343602" />
      <trkpt lat="50.677053" lon="-120.343451" />
      <trkpt lat="50.676981" lon="-120.343353" />
      <trkpt lat="50.676911" lon="-120.34327" />
      <trkpt lat="50.676812" lon="-120.343172" />
      <trkpt lat="50.676721" lon="-120.34308" />
      <trkpt lat="50.676542" lon="-120.342846" />
      <trkpt lat="50.676446" lon="-120.342718" />
      <trkpt lat="50.676368" lon="-120.342605" />
      <trkpt lat="50.676241" lon="-120.342392" />
      <trkpt lat="50.676113" lon="-120.34215" />
      <trkpt lat="50.676022" lon="-120.34191" />
      <trkpt lat="50.67595" lon="-120.341692" />
      <trkpt lat="50.675879" lon="-120.341395" />
      <trkpt lat="50.675588" lon="-120.33994" />
      <trkpt lat="50.675547" lon="-120.339736" />
      <trkpt lat="50.675506" lon="-120.339518" />
      <trkpt lat="50.675452" lon="-120.339255" />
      <trkpt lat="50.675411" lon="-120.33906" />
      <trkpt lat="50.675384" lon="-120.33892" />
      <trkpt lat="50.675478" lon="-120.338923" />
      <trkpt lat="50.675853" lon="-120.338934" />
      <trkpt lat="50.675975" lon="-120.338944" />
      <trkpt lat="50.676146" lon="-120.338975" />
      <trkpt lat="50.676244" lon="-120.338935" />
      <trkpt lat="50.676338" lon="-120.338958" />
      <trkpt lat="50.676525" lon="-120.339003" />
      <trkpt lat="50.676556" lon="-120.339014" />
      <trkpt lat="50.676638" lon="-120.339038" />
      <trkpt lat="50.676708" lon="-120.339059" />
      <trkpt lat="50.676746" lon="-120.339069" />
      <trkpt lat="50.676875" lon="-120.339109" />
      <trkpt lat="50.676923" lon="-120.339102" />
      <trkpt lat="50.676985" lon="-120.339088" />
      <trkpt lat="50.677049" lon="-120.339066" />
      <trkpt lat="50.677079" lon="-120.339049" />
      <trkpt lat="50.677109" lon="-120.339027" />
      <trkpt lat="50.677135" lon="-120.339008" />
      <trkpt lat="50.677163" lon="-120.338984" />
      <trkpt lat="50.677192" lon="-120.338952" />
      <trkpt lat="50.67722" lon="-120.338914" />
      <trkpt lat="50.677248" lon="-120.338871" />
      <trkpt lat="50.677273" lon="-120.33883" />
      <trkpt lat="50.677314" lon="-120.338751" />
      <trkpt lat="50.677364" lon="-120.338641" />
      <trkpt lat="50.677379" lon="-120.338591" />
      <trkpt lat="50.677389" lon="-120.338552" />
      <trkpt lat="50.677399" lon="-120.338504" />
      <trkpt lat="50.677408" lon="-120.33846" />
      <trkpt lat="50.677413" lon="-120.33842" />
      <trkpt lat="50.677416" lon="-120.338386" />
      <trkpt lat="50.677419" lon="-120.338348" />
      <trkpt lat="50.67742" lon="-120.33831" />
      <trkpt lat="50.677421" lon="-120.338266" />
      <trkpt lat="50.67742" lon="-120.338219" />
      <trkpt lat="50.677416" lon="-120.338175" />
      <trkpt lat="50.677412" lon="-120.338126" />
      <trkpt lat="50.677405" lon="-120.33807" />
      <trkpt lat="50.677398" lon="-120.33801" />
      <trkpt lat="50.677385" lon="-120.337938" />
      <trkpt lat="50.677374" lon="-120.337864" />
      <trkpt lat="50.677366" lon="-120.3378" />
      <trkpt lat="50.677363" lon="-120.337737" />
      <trkpt lat="50.677361" lon="-120.337682" />
      <trkpt lat="50.677361" lon="-120.337628" />
      <trkpt lat="50.677363" lon="-120.337571" />
      <trkpt lat="50.677367" lon="-120.337521" />
      <trkpt lat="50.677378" lon="-120.337432" />
      <trkpt lat="50.677393" lon="-120.337356" />
      <trkpt lat="50.677399" lon="-120.337328" />
      <trkpt lat="50.677413" lon="-120.337269" />
      <trkpt lat="50.677429" lon="-120.33721" />
      <trkpt lat="50.677474" lon="-120.337052" />
      <trkpt lat="50.677538" lon="-120.336848" />
      <trkpt lat="50.677542" lon="-120.336836" />
      <trkpt lat="50.677574" lon="-120.336727" />
      <trkpt lat="50.677599" lon="-120.336645" />
      <trkpt lat="50.677608" lon="-120.336614" />
      <trkpt lat="50.677756" lon="-120.33613" />
      <trkpt lat="50.677921" lon="-120.335639" />
      <trkpt lat="50.677953" lon="-120.335532" />
      <trkpt lat="50.677971" lon="-120.335473" />
      <trkpt lat="50.677994" lon="-120.335389" />
      <trkpt lat="50.678046" lon="-120.334763" />
      <trkpt lat="50.678049" lon="-120.334693" />
      <trkpt lat="50.678044" lon="-120.334632" />
      <trkpt lat="50.678038" lon="-120.334543" />
      <trkpt lat="50.678018" lon="-120.334511" />
      <trkpt lat="50.678003" lon="-120.334473" />
      <trkpt lat="50.677994" lon="-120.334421" />
      <trkpt lat="50.677994" lon="-120.334366" />
      <trkpt lat="50.678005" lon="-120.334315" />
      <trkpt lat="50.678019" lon="-120.33428" />
      <trkpt lat="50.678037" lon="-120.33425" />
      <trkpt lat="50.678048" lon="-120.334169" />
      <trkpt lat="50.678054" lon="-120.33409" />
      <trkpt lat="50.67809" lon="-120.332976" />
      <trkpt lat="50.678091" lon="-120.3329" />
      <trkpt lat="50.678093" lon="-120.332819" />
      <trkpt lat="50.678095" lon="-120.332361" />
      <trkpt lat="50.678095" lon="-120.332222" />
      <trkpt lat="50.678097" lon="-120.332143" />
      <trkpt lat="50.678108" lon="-120.331635" />
      <trkpt lat="50.67812" lon="-120.33107" />
      <trkpt lat="50.678142" lon="-120.33007" />
      <trkpt lat="50.678154" lon="-120.329662" />
      <trkpt lat="50.678178" lon="-120.328846" />
      <trkpt lat="50.678235" lon="-120.328849" />
      <trkpt lat="50.678258" lon="-120.32885" />
      <trkpt lat="50.678617" lon="-120.328864" />
      <trkpt lat="50.678717" lon="-120.328868" />
      <trkpt lat="50.678833" lon="-120.328872" />
      <trkpt lat="50.678891" lon="-120.328875" />
    </trkseg>
  </trk>
</gpx>
