<?xml version="1.0" encoding="UTF-8"?>
<gpx version="1.1"
  creator="BC Backroads research map"
  xmlns="http://www.topografix.com/GPX/1/1"
  xmlns:xsi="http://www.w3.org/2001/XMLSchema-instance"
  xmlns:bcbr="https://konradstaniszewski.com/ns/bc-backroads/1"
  xsi:schemaLocation="http://www.topografix.com/GPX/1/1 http://www.topografix.com/GPX/1/1/gpx.xsd">
  <metadata>
    <name>VI-09 · Port Alice–Cape Scott</name>
    <desc>Remote route through Coal Harbour and Holberg to the Cape Scott/San Josef vehicle trailhead. Road geometry derived from OpenStreetMap contributors under ODbL; route selection is an independently authored research overview. Verify land access, closures, gates, weather and field signage.</desc>
    <copyright author="OpenStreetMap contributors">
      <year>2026</year>
      <license>https://opendatacommons.org/licenses/odbl/1-0/</license>
    </copyright>
    <time>2026-09-09T00:00:00Z</time>
  </metadata>
  <trk>
    <name>Port Alice–Cape Scott</name>
    <type>primary</type>
    <extensions>
      <bcbr:routeId>VI-09</bcbr:routeId>
      <bcbr:geometryPolicy>link-only</bcbr:geometryPolicy>
      <bcbr:geometrySource>OpenStreetMap road routing</bcbr:geometrySource>
      <bcbr:geometryUpdatedAt>2026-09-09</bcbr:geometryUpdatedAt>
      <bcbr:pointCount>2537</bcbr:pointCount>
    </extensions>
    <trkseg>
      <trkpt lat="50.425407" lon="-127.487129" />
      <trkpt lat="50.425443" lon="-127.487022" />
      <trkpt lat="50.425529" lon="-127.486927" />
      <trkpt lat="50.42611" lon="-127.488016" />
      <trkpt lat="50.42631" lon="-127.488256" />
      <trkpt lat="50.426512" lon="-127.488469" />
      <trkpt lat="50.426826" lon="-127.488697" />
      <trkpt lat="50.427036" lon="-127.488798" />
      <trkpt lat="50.42773" lon="-127.489026" />
      <trkpt lat="50.428899" lon="-127.489304" />
      <trkpt lat="50.430182" lon="-127.489661" />
      <trkpt lat="50.430425" lon="-127.489729" />
      <trkpt lat="50.430779" lon="-127.489847" />
      <trkpt lat="50.431193" lon="-127.489985" />
      <trkpt lat="50.431549" lon="-127.490104" />
      <trkpt lat="50.431589" lon="-127.490117" />
      <trkpt lat="50.431674" lon="-127.490153" />
      <trkpt lat="50.432011" lon="-127.490297" />
      <trkpt lat="50.432127" lon="-127.49035" />
      <trkpt lat="50.432146" lon="-127.490359" />
      <trkpt lat="50.432291" lon="-127.49043" />
      <trkpt lat="50.432593" lon="-127.490581" />
      <trkpt lat="50.433006" lon="-127.490837" />
      <trkpt lat="50.433106" lon="-127.490899" />
      <trkpt lat="50.43352" lon="-127.491212" />
      <trkpt lat="50.434392" lon="-127.492163" />
      <trkpt lat="50.434906" lon="-127.492813" />
      <trkpt lat="50.435512" lon="-127.493472" />
      <trkpt lat="50.435728" lon="-127.493726" />
      <trkpt lat="50.436196" lon="-127.49431" />
      <trkpt lat="50.436384" lon="-127.494552" />
      <trkpt lat="50.436679" lon="-127.494898" />
      <trkpt lat="50.436935" lon="-127.495126" />
      <trkpt lat="50.437331" lon="-127.495438" />
      <trkpt lat="50.437667" lon="-127.495643" />
      <trkpt lat="50.438273" lon="-127.495879" />
      <trkpt lat="50.438619" lon="-127.496003" />
      <trkpt lat="50.438882" lon="-127.496102" />
      <trkpt lat="50.43991" lon="-127.496028" />
      <trkpt lat="50.440347" lon="-127.496083" />
      <trkpt lat="50.440585" lon="-127.496096" />
      <trkpt lat="50.440778" lon="-127.49595" />
      <trkpt lat="50.441056" lon="-127.495775" />
      <trkpt lat="50.441212" lon="-127.495683" />
      <trkpt lat="50.441328" lon="-127.495638" />
      <trkpt lat="50.441592" lon="-127.495572" />
      <trkpt lat="50.441905" lon="-127.495556" />
      <trkpt lat="50.442224" lon="-127.495613" />
      <trkpt lat="50.442697" lon="-127.495825" />
      <trkpt lat="50.443169" lon="-127.49605" />
      <trkpt lat="50.443625" lon="-127.496136" />
      <trkpt lat="50.4441" lon="-127.496254" />
      <trkpt lat="50.444403" lon="-127.496299" />
      <trkpt lat="50.444684" lon="-127.496243" />
      <trkpt lat="50.445795" lon="-127.495609" />
      <trkpt lat="50.445982" lon="-127.495424" />
      <trkpt lat="50.446192" lon="-127.49521" />
      <trkpt lat="50.446367" lon="-127.494916" />
      <trkpt lat="50.446565" lon="-127.494431" />
      <trkpt lat="50.446698" lon="-127.494286" />
      <trkpt lat="50.447094" lon="-127.493937" />
      <trkpt lat="50.447527" lon="-127.493193" />
      <trkpt lat="50.44771" lon="-127.49294" />
      <trkpt lat="50.448236" lon="-127.492216" />
      <trkpt lat="50.448479" lon="-127.491752" />
      <trkpt lat="50.448732" lon="-127.491008" />
      <trkpt lat="50.44896" lon="-127.490162" />
      <trkpt lat="50.449043" lon="-127.489587" />
      <trkpt lat="50.449057" lon="-127.489005" />
      <trkpt lat="50.449016" lon="-127.488238" />
      <trkpt lat="50.449024" lon="-127.485764" />
      <trkpt lat="50.448998" lon="-127.484372" />
      <trkpt lat="50.449029" lon="-127.483959" />
      <trkpt lat="50.449118" lon="-127.483455" />
      <trkpt lat="50.449737" lon="-127.481512" />
      <trkpt lat="50.449799" lon="-127.481204" />
      <trkpt lat="50.449808" lon="-127.480855" />
      <trkpt lat="50.449696" lon="-127.4792" />
      <trkpt lat="50.44959" lon="-127.478644" />
      <trkpt lat="50.449302" lon="-127.477577" />
      <trkpt lat="50.448799" lon="-127.476378" />
      <trkpt lat="50.448734" lon="-127.476124" />
      <trkpt lat="50.448712" lon="-127.475737" />
      <trkpt lat="50.448808" lon="-127.474308" />
      <trkpt lat="50.44892" lon="-127.472657" />
      <trkpt lat="50.448916" lon="-127.472113" />
      <trkpt lat="50.448589" lon="-127.469693" />
      <trkpt lat="50.448473" lon="-127.46926" />
      <trkpt lat="50.447956" lon="-127.468363" />
      <trkpt lat="50.44784" lon="-127.467971" />
      <trkpt lat="50.447776" lon="-127.467156" />
      <trkpt lat="50.447752" lon="-127.466304" />
      <trkpt lat="50.447585" lon="-127.465689" />
      <trkpt lat="50.447224" lon="-127.464476" />
      <trkpt lat="50.447092" lon="-127.463563" />
      <trkpt lat="50.44697" lon="-127.462059" />
      <trkpt lat="50.446885" lon="-127.460834" />
      <trkpt lat="50.446848" lon="-127.460307" />
      <trkpt lat="50.446907" lon="-127.458191" />
      <trkpt lat="50.446831" lon="-127.45733" />
      <trkpt lat="50.446846" lon="-127.456707" />
      <trkpt lat="50.447039" lon="-127.456004" />
      <trkpt lat="50.447167" lon="-127.455449" />
      <trkpt lat="50.447236" lon="-127.454866" />
      <trkpt lat="50.447426" lon="-127.453603" />
      <trkpt lat="50.447587" lon="-127.453035" />
      <trkpt lat="50.447842" lon="-127.452349" />
      <trkpt lat="50.448299" lon="-127.451489" />
      <trkpt lat="50.448323" lon="-127.451456" />
      <trkpt lat="50.44879" lon="-127.450832" />
      <trkpt lat="50.449913" lon="-127.449701" />
      <trkpt lat="50.45007" lon="-127.44951" />
      <trkpt lat="50.450316" lon="-127.449073" />
      <trkpt lat="50.450726" lon="-127.448119" />
      <trkpt lat="50.450889" lon="-127.447914" />
      <trkpt lat="50.451437" lon="-127.447078" />
      <trkpt lat="50.451839" lon="-127.446513" />
      <trkpt lat="50.452247" lon="-127.44613" />
      <trkpt lat="50.452413" lon="-127.445842" />
      <trkpt lat="50.452501" lon="-127.445597" />
      <trkpt lat="50.452547" lon="-127.445321" />
      <trkpt lat="50.452589" lon="-127.444487" />
      <trkpt lat="50.452619" lon="-127.444206" />
      <trkpt lat="50.452703" lon="-127.443966" />
      <trkpt lat="50.452877" lon="-127.443852" />
      <trkpt lat="50.453156" lon="-127.443763" />
      <trkpt lat="50.453848" lon="-127.443678" />
      <trkpt lat="50.454044" lon="-127.443605" />
      <trkpt lat="50.454281" lon="-127.443432" />
      <trkpt lat="50.454522" lon="-127.443165" />
      <trkpt lat="50.455168" lon="-127.442463" />
      <trkpt lat="50.455482" lon="-127.442255" />
      <trkpt lat="50.45567" lon="-127.442248" />
      <trkpt lat="50.455856" lon="-127.442301" />
      <trkpt lat="50.45665" lon="-127.442597" />
      <trkpt lat="50.457345" lon="-127.442749" />
      <trkpt lat="50.457418" lon="-127.442745" />
      <trkpt lat="50.457624" lon="-127.442712" />
      <trkpt lat="50.4582" lon="-127.442561" />
      <trkpt lat="50.458539" lon="-127.442447" />
      <trkpt lat="50.458845" lon="-127.442279" />
      <trkpt lat="50.45924" lon="-127.442084" />
      <trkpt lat="50.459648" lon="-127.442055" />
      <trkpt lat="50.4599" lon="-127.442156" />
      <trkpt lat="50.460214" lon="-127.44235" />
      <trkpt lat="50.460589" lon="-127.442706" />
      <trkpt lat="50.461017" lon="-127.443249" />
      <trkpt lat="50.461526" lon="-127.443873" />
      <trkpt lat="50.461931" lon="-127.444596" />
      <trkpt lat="50.46221" lon="-127.444817" />
      <trkpt lat="50.462492" lon="-127.444844" />
      <trkpt lat="50.463054" lon="-127.444829" />
      <trkpt lat="50.463356" lon="-127.444944" />
      <trkpt lat="50.4637" lon="-127.445169" />
      <trkpt lat="50.46395" lon="-127.445393" />
      <trkpt lat="50.464279" lon="-127.445687" />
      <trkpt lat="50.464627" lon="-127.44608" />
      <trkpt lat="50.46515" lon="-127.446814" />
      <trkpt lat="50.465337" lon="-127.446921" />
      <trkpt lat="50.465588" lon="-127.446944" />
      <trkpt lat="50.465781" lon="-127.446926" />
      <trkpt lat="50.466017" lon="-127.446798" />
      <trkpt lat="50.466321" lon="-127.446583" />
      <trkpt lat="50.46658" lon="-127.446435" />
      <trkpt lat="50.466719" lon="-127.44641" />
      <trkpt lat="50.466914" lon="-127.446456" />
      <trkpt lat="50.467124" lon="-127.446545" />
      <trkpt lat="50.467334" lon="-127.446575" />
      <trkpt lat="50.467585" lon="-127.446503" />
      <trkpt lat="50.467784" lon="-127.446377" />
      <trkpt lat="50.467987" lon="-127.44615" />
      <trkpt lat="50.468318" lon="-127.445687" />
      <trkpt lat="50.468479" lon="-127.445601" />
      <trkpt lat="50.468609" lon="-127.445587" />
      <trkpt lat="50.468799" lon="-127.44563" />
      <trkpt lat="50.469017" lon="-127.445747" />
      <trkpt lat="50.469579" lon="-127.44608" />
      <trkpt lat="50.469835" lon="-127.446202" />
      <trkpt lat="50.4701" lon="-127.446386" />
      <trkpt lat="50.470457" lon="-127.446753" />
      <trkpt lat="50.470794" lon="-127.447016" />
      <trkpt lat="50.471238" lon="-127.447323" />
      <trkpt lat="50.471725" lon="-127.447702" />
      <trkpt lat="50.47189" lon="-127.447714" />
      <trkpt lat="50.47212" lon="-127.447675" />
      <trkpt lat="50.472806" lon="-127.447411" />
      <trkpt lat="50.473253" lon="-127.447189" />
      <trkpt lat="50.473471" lon="-127.447142" />
      <trkpt lat="50.473616" lon="-127.447145" />
      <trkpt lat="50.473746" lon="-127.447215" />
      <trkpt lat="50.473902" lon="-127.447337" />
      <trkpt lat="50.474045" lon="-127.447506" />
      <trkpt lat="50.47418" lon="-127.447607" />
      <trkpt lat="50.474355" lon="-127.447672" />
      <trkpt lat="50.474594" lon="-127.447696" />
      <trkpt lat="50.475188" lon="-127.447722" />
      <trkpt lat="50.475361" lon="-127.447655" />
      <trkpt lat="50.475579" lon="-127.44744" />
      <trkpt lat="50.475981" lon="-127.447024" />
      <trkpt lat="50.476387" lon="-127.446724" />
      <trkpt lat="50.476898" lon="-127.446419" />
      <trkpt lat="50.477365" lon="-127.446266" />
      <trkpt lat="50.477569" lon="-127.446111" />
      <trkpt lat="50.477751" lon="-127.445888" />
      <trkpt lat="50.477885" lon="-127.445579" />
      <trkpt lat="50.4781" lon="-127.445043" />
      <trkpt lat="50.47817" lon="-127.444784" />
      <trkpt lat="50.478197" lon="-127.444493" />
      <trkpt lat="50.478136" lon="-127.443662" />
      <trkpt lat="50.478161" lon="-127.443433" />
      <trkpt lat="50.478235" lon="-127.443195" />
      <trkpt lat="50.47854" lon="-127.442636" />
      <trkpt lat="50.478769" lon="-127.442123" />
      <trkpt lat="50.478936" lon="-127.441868" />
      <trkpt lat="50.479147" lon="-127.441642" />
      <trkpt lat="50.479382" lon="-127.441475" />
      <trkpt lat="50.479727" lon="-127.441324" />
      <trkpt lat="50.480112" lon="-127.441213" />
      <trkpt lat="50.480499" lon="-127.441215" />
      <trkpt lat="50.480771" lon="-127.441214" />
      <trkpt lat="50.480956" lon="-127.441248" />
      <trkpt lat="50.481124" lon="-127.441311" />
      <trkpt lat="50.481748" lon="-127.441766" />
      <trkpt lat="50.482029" lon="-127.441937" />
      <trkpt lat="50.482229" lon="-127.442012" />
      <trkpt lat="50.482468" lon="-127.442002" />
      <trkpt lat="50.482712" lon="-127.441898" />
      <trkpt lat="50.483105" lon="-127.441637" />
      <trkpt lat="50.483289" lon="-127.44154" />
      <trkpt lat="50.483521" lon="-127.441463" />
      <trkpt lat="50.484107" lon="-127.441447" />
      <trkpt lat="50.484257" lon="-127.441365" />
      <trkpt lat="50.484368" lon="-127.441166" />
      <trkpt lat="50.484429" lon="-127.440909" />
      <trkpt lat="50.484475" lon="-127.440555" />
      <trkpt lat="50.484422" lon="-127.439908" />
      <trkpt lat="50.48444" lon="-127.439649" />
      <trkpt lat="50.48452" lon="-127.439412" />
      <trkpt lat="50.484592" lon="-127.439289" />
      <trkpt lat="50.484751" lon="-127.43913" />
      <trkpt lat="50.485012" lon="-127.439066" />
      <trkpt lat="50.485456" lon="-127.43904" />
      <trkpt lat="50.485681" lon="-127.439096" />
      <trkpt lat="50.485959" lon="-127.43928" />
      <trkpt lat="50.486313" lon="-127.439568" />
      <trkpt lat="50.486603" lon="-127.439703" />
      <trkpt lat="50.487217" lon="-127.439892" />
      <trkpt lat="50.48769" lon="-127.440091" />
      <trkpt lat="50.48823" lon="-127.440425" />
      <trkpt lat="50.489207" lon="-127.440907" />
      <trkpt lat="50.489901" lon="-127.441447" />
      <trkpt lat="50.490142" lon="-127.441591" />
      <trkpt lat="50.490974" lon="-127.441875" />
      <trkpt lat="50.49172" lon="-127.442226" />
      <trkpt lat="50.492826" lon="-127.442461" />
      <trkpt lat="50.492899" lon="-127.442501" />
      <trkpt lat="50.493067" lon="-127.442592" />
      <trkpt lat="50.49333" lon="-127.442817" />
      <trkpt lat="50.493682" lon="-127.443307" />
      <trkpt lat="50.493913" lon="-127.44355" />
      <trkpt lat="50.49419" lon="-127.443718" />
      <trkpt lat="50.494668" lon="-127.443886" />
      <trkpt lat="50.495879" lon="-127.444312" />
      <trkpt lat="50.496335" lon="-127.444626" />
      <trkpt lat="50.496549" lon="-127.444727" />
      <trkpt lat="50.496791" lon="-127.44476" />
      <trkpt lat="50.497116" lon="-127.444662" />
      <trkpt lat="50.498272" lon="-127.443922" />
      <trkpt lat="50.498598" lon="-127.443774" />
      <trkpt lat="50.498893" lon="-127.443725" />
      <trkpt lat="50.499388" lon="-127.443716" />
      <trkpt lat="50.5" lon="-127.443804" />
      <trkpt lat="50.500123" lon="-127.44381" />
      <trkpt lat="50.500253" lon="-127.443803" />
      <trkpt lat="50.500414" lon="-127.443729" />
      <trkpt lat="50.50055" lon="-127.443629" />
      <trkpt lat="50.50114" lon="-127.443108" />
      <trkpt lat="50.50141" lon="-127.442962" />
      <trkpt lat="50.501844" lon="-127.442903" />
      <trkpt lat="50.502311" lon="-127.442787" />
      <trkpt lat="50.502898" lon="-127.44258" />
      <trkpt lat="50.503093" lon="-127.442546" />
      <trkpt lat="50.503283" lon="-127.442555" />
      <trkpt lat="50.50419" lon="-127.442685" />
      <trkpt lat="50.504443" lon="-127.442661" />
      <trkpt lat="50.504739" lon="-127.442559" />
      <trkpt lat="50.506338" lon="-127.441731" />
      <trkpt lat="50.506501" lon="-127.441622" />
      <trkpt lat="50.507346" lon="-127.44089" />
      <trkpt lat="50.507591" lon="-127.440662" />
      <trkpt lat="50.508153" lon="-127.44001" />
      <trkpt lat="50.508389" lon="-127.439844" />
      <trkpt lat="50.508626" lon="-127.439794" />
      <trkpt lat="50.509314" lon="-127.439795" />
      <trkpt lat="50.509657" lon="-127.439773" />
      <trkpt lat="50.509886" lon="-127.439715" />
      <trkpt lat="50.510104" lon="-127.439545" />
      <trkpt lat="50.510366" lon="-127.439287" />
      <trkpt lat="50.510547" lon="-127.439164" />
      <trkpt lat="50.510794" lon="-127.439023" />
      <trkpt lat="50.511042" lon="-127.438822" />
      <trkpt lat="50.511237" lon="-127.438558" />
      <trkpt lat="50.51143" lon="-127.438277" />
      <trkpt lat="50.512711" lon="-127.437146" />
      <trkpt lat="50.513534" lon="-127.436958" />
      <trkpt lat="50.513887" lon="-127.437065" />
      <trkpt lat="50.514379" lon="-127.437403" />
      <trkpt lat="50.515171" lon="-127.437634" />
      <trkpt lat="50.51538" lon="-127.437782" />
      <trkpt lat="50.515499" lon="-127.437952" />
      <trkpt lat="50.515643" lon="-127.438317" />
      <trkpt lat="50.51604" lon="-127.440594" />
      <trkpt lat="50.516063" lon="-127.441094" />
      <trkpt lat="50.516039" lon="-127.441521" />
      <trkpt lat="50.515937" lon="-127.442219" />
      <trkpt lat="50.515939" lon="-127.442432" />
      <trkpt lat="50.51594" lon="-127.442544" />
      <trkpt lat="50.516017" lon="-127.442878" />
      <trkpt lat="50.516085" lon="-127.443044" />
      <trkpt lat="50.516175" lon="-127.443264" />
      <trkpt lat="50.516889" lon="-127.444622" />
      <trkpt lat="50.517039" lon="-127.44483" />
      <trkpt lat="50.517175" lon="-127.444957" />
      <trkpt lat="50.517413" lon="-127.445119" />
      <trkpt lat="50.517612" lon="-127.445142" />
      <trkpt lat="50.517815" lon="-127.445119" />
      <trkpt lat="50.518104" lon="-127.444985" />
      <trkpt lat="50.518399" lon="-127.444769" />
      <trkpt lat="50.519214" lon="-127.443906" />
      <trkpt lat="50.519369" lon="-127.443668" />
      <trkpt lat="50.519556" lon="-127.443204" />
      <trkpt lat="50.519641" lon="-127.442875" />
      <trkpt lat="50.519761" lon="-127.441887" />
      <trkpt lat="50.519765" lon="-127.441853" />
      <trkpt lat="50.519871" lon="-127.441324" />
      <trkpt lat="50.519984" lon="-127.440947" />
      <trkpt lat="50.520124" lon="-127.440668" />
      <trkpt lat="50.52026" lon="-127.440476" />
      <trkpt lat="50.520405" lon="-127.440359" />
      <trkpt lat="50.520952" lon="-127.44025" />
      <trkpt lat="50.521088" lon="-127.440161" />
      <trkpt lat="50.521233" lon="-127.439996" />
      <trkpt lat="50.521335" lon="-127.439809" />
      <trkpt lat="50.521429" lon="-127.439533" />
      <trkpt lat="50.521469" lon="-127.439204" />
      <trkpt lat="50.521399" lon="-127.438006" />
      <trkpt lat="50.521423" lon="-127.437706" />
      <trkpt lat="50.521481" lon="-127.437462" />
      <trkpt lat="50.521594" lon="-127.437178" />
      <trkpt lat="50.521685" lon="-127.437001" />
      <trkpt lat="50.521857" lon="-127.43683" />
      <trkpt lat="50.522496" lon="-127.436534" />
      <trkpt lat="50.522722" lon="-127.436373" />
      <trkpt lat="50.523119" lon="-127.435898" />
      <trkpt lat="50.523594" lon="-127.435333" />
      <trkpt lat="50.523985" lon="-127.434977" />
      <trkpt lat="50.524633" lon="-127.434519" />
      <trkpt lat="50.524859" lon="-127.434413" />
      <trkpt lat="50.525053" lon="-127.434394" />
      <trkpt lat="50.525232" lon="-127.434455" />
      <trkpt lat="50.525609" lon="-127.434741" />
      <trkpt lat="50.52578" lon="-127.43479" />
      <trkpt lat="50.525969" lon="-127.434731" />
      <trkpt lat="50.526217" lon="-127.434585" />
      <trkpt lat="50.526396" lon="-127.434416" />
      <trkpt lat="50.526532" lon="-127.434211" />
      <trkpt lat="50.526599" lon="-127.433982" />
      <trkpt lat="50.526644" lon="-127.433636" />
      <trkpt lat="50.526644" lon="-127.433586" />
      <trkpt lat="50.526655" lon="-127.43277" />
      <trkpt lat="50.526647" lon="-127.431704" />
      <trkpt lat="50.526651" lon="-127.430922" />
      <trkpt lat="50.526692" lon="-127.430555" />
      <trkpt lat="50.526773" lon="-127.430182" />
      <trkpt lat="50.526804" lon="-127.430098" />
      <trkpt lat="50.526875" lon="-127.429907" />
      <trkpt lat="50.527041" lon="-127.429588" />
      <trkpt lat="50.527389" lon="-127.429123" />
      <trkpt lat="50.527596" lon="-127.428848" />
      <trkpt lat="50.527766" lon="-127.428537" />
      <trkpt lat="50.527887" lon="-127.428221" />
      <trkpt lat="50.528235" lon="-127.42697" />
      <trkpt lat="50.528518" lon="-127.426265" />
      <trkpt lat="50.528767" lon="-127.425781" />
      <trkpt lat="50.529445" lon="-127.424791" />
      <trkpt lat="50.529693" lon="-127.424297" />
      <trkpt lat="50.530228" lon="-127.422959" />
      <trkpt lat="50.5305" lon="-127.42242" />
      <trkpt lat="50.530728" lon="-127.422107" />
      <trkpt lat="50.531243" lon="-127.421532" />
      <trkpt lat="50.531398" lon="-127.42126" />
      <trkpt lat="50.531849" lon="-127.420032" />
      <trkpt lat="50.532109" lon="-127.419457" />
      <trkpt lat="50.532345" lon="-127.419033" />
      <trkpt lat="50.532559" lon="-127.418753" />
      <trkpt lat="50.532768" lon="-127.418616" />
      <trkpt lat="50.532993" lon="-127.418523" />
      <trkpt lat="50.533163" lon="-127.418487" />
      <trkpt lat="50.533306" lon="-127.418458" />
      <trkpt lat="50.53375" lon="-127.418366" />
      <trkpt lat="50.534026" lon="-127.41828" />
      <trkpt lat="50.534211" lon="-127.418161" />
      <trkpt lat="50.53437" lon="-127.418004" />
      <trkpt lat="50.534525" lon="-127.417724" />
      <trkpt lat="50.534634" lon="-127.417376" />
      <trkpt lat="50.534778" lon="-127.416329" />
      <trkpt lat="50.534949" lon="-127.415638" />
      <trkpt lat="50.535189" lon="-127.414978" />
      <trkpt lat="50.53536" lon="-127.414595" />
      <trkpt lat="50.535541" lon="-127.414321" />
      <trkpt lat="50.536131" lon="-127.413808" />
      <trkpt lat="50.53682" lon="-127.413013" />
      <trkpt lat="50.537147" lon="-127.412578" />
      <trkpt lat="50.537557" lon="-127.411897" />
      <trkpt lat="50.537973" lon="-127.410983" />
      <trkpt lat="50.538094" lon="-127.410587" />
      <trkpt lat="50.538145" lon="-127.410236" />
      <trkpt lat="50.538145" lon="-127.409883" />
      <trkpt lat="50.538094" lon="-127.409517" />
      <trkpt lat="50.537987" lon="-127.409138" />
      <trkpt lat="50.537261" lon="-127.407304" />
      <trkpt lat="50.537164" lon="-127.406979" />
      <trkpt lat="50.537069" lon="-127.40652" />
      <trkpt lat="50.536885" lon="-127.40502" />
      <trkpt lat="50.536805" lon="-127.404572" />
      <trkpt lat="50.536698" lon="-127.404226" />
      <trkpt lat="50.5366" lon="-127.404004" />
      <trkpt lat="50.536483" lon="-127.403818" />
      <trkpt lat="50.535897" lon="-127.403196" />
      <trkpt lat="50.535592" lon="-127.402812" />
      <trkpt lat="50.534798" lon="-127.40169" />
      <trkpt lat="50.534534" lon="-127.401223" />
      <trkpt lat="50.534337" lon="-127.4008" />
      <trkpt lat="50.534242" lon="-127.400482" />
      <trkpt lat="50.534206" lon="-127.400132" />
      <trkpt lat="50.534237" lon="-127.399788" />
      <trkpt lat="50.534355" lon="-127.399354" />
      <trkpt lat="50.5347" lon="-127.398557" />
      <trkpt lat="50.535255" lon="-127.397497" />
      <trkpt lat="50.536459" lon="-127.395351" />
      <trkpt lat="50.536708" lon="-127.394829" />
      <trkpt lat="50.537018" lon="-127.394298" />
      <trkpt lat="50.537357" lon="-127.393873" />
      <trkpt lat="50.540279" lon="-127.390209" />
      <trkpt lat="50.541297" lon="-127.388849" />
      <trkpt lat="50.542298" lon="-127.387622" />
      <trkpt lat="50.542689" lon="-127.387072" />
      <trkpt lat="50.542979" lon="-127.386556" />
      <trkpt lat="50.54315" lon="-127.386108" />
      <trkpt lat="50.543265" lon="-127.385674" />
      <trkpt lat="50.543369" lon="-127.38493" />
      <trkpt lat="50.543719" lon="-127.379175" />
      <trkpt lat="50.543896" lon="-127.375" />
      <trkpt lat="50.544125" lon="-127.369613" />
      <trkpt lat="50.544199" lon="-127.368704" />
      <trkpt lat="50.544271" lon="-127.368397" />
      <trkpt lat="50.544753" lon="-127.36635" />
      <trkpt lat="50.544898" lon="-127.365915" />
      <trkpt lat="50.545132" lon="-127.365502" />
      <trkpt lat="50.54539" lon="-127.365226" />
      <trkpt lat="50.545632" lon="-127.365042" />
      <trkpt lat="50.54803" lon="-127.363661" />
      <trkpt lat="50.549435" lon="-127.362799" />
      <trkpt lat="50.549607" lon="-127.362693" />
      <trkpt lat="50.549656" lon="-127.362663" />
      <trkpt lat="50.550874" lon="-127.361867" />
      <trkpt lat="50.551514" lon="-127.361374" />
      <trkpt lat="50.553945" lon="-127.359666" />
      <trkpt lat="50.554309" lon="-127.359411" />
      <trkpt lat="50.555957" lon="-127.358253" />
      <trkpt lat="50.556483" lon="-127.358001" />
      <trkpt lat="50.557277" lon="-127.357701" />
      <trkpt lat="50.557637" lon="-127.357648" />
      <trkpt lat="50.559976" lon="-127.357905" />
      <trkpt lat="50.560213" lon="-127.357845" />
      <trkpt lat="50.560436" lon="-127.357707" />
      <trkpt lat="50.560649" lon="-127.357488" />
      <trkpt lat="50.560874" lon="-127.357143" />
      <trkpt lat="50.561123" lon="-127.356591" />
      <trkpt lat="50.561845" lon="-127.354371" />
      <trkpt lat="50.562347" lon="-127.352797" />
      <trkpt lat="50.5625" lon="-127.352434" />
      <trkpt lat="50.562569" lon="-127.35227" />
      <trkpt lat="50.563319" lon="-127.350845" />
      <trkpt lat="50.564356" lon="-127.349432" />
      <trkpt lat="50.566893" lon="-127.344577" />
      <trkpt lat="50.567135" lon="-127.344009" />
      <trkpt lat="50.570944" lon="-127.332859" />
      <trkpt lat="50.57172" lon="-127.330358" />
      <trkpt lat="50.572144" lon="-127.329311" />
      <trkpt lat="50.572824" lon="-127.327965" />
      <trkpt lat="50.57302" lon="-127.327578" />
      <trkpt lat="50.574611" lon="-127.324357" />
      <trkpt lat="50.575279" lon="-127.323095" />
      <trkpt lat="50.575695" lon="-127.322517" />
      <trkpt lat="50.576465" lon="-127.321648" />
      <trkpt lat="50.579707" lon="-127.318196" />
      <trkpt lat="50.579813" lon="-127.318074" />
      <trkpt lat="50.580529" lon="-127.317241" />
      <trkpt lat="50.586628" lon="-127.309525" />
      <trkpt lat="50.587434" lon="-127.308505" />
      <trkpt lat="50.587675" lon="-127.308269" />
      <trkpt lat="50.587992" lon="-127.308031" />
      <trkpt lat="50.589883" lon="-127.306944" />
      <trkpt lat="50.590324" lon="-127.306828" />
      <trkpt lat="50.591348" lon="-127.306845" />
      <trkpt lat="50.591599" lon="-127.306892" />
      <trkpt lat="50.591859" lon="-127.307008" />
      <trkpt lat="50.592166" lon="-127.307221" />
      <trkpt lat="50.594409" lon="-127.309318" />
      <trkpt lat="50.5949" lon="-127.309728" />
      <trkpt lat="50.595542" lon="-127.310157" />
      <trkpt lat="50.597094" lon="-127.310913" />
      <trkpt lat="50.597597" lon="-127.311111" />
      <trkpt lat="50.597893" lon="-127.311162" />
      <trkpt lat="50.598149" lon="-127.311137" />
      <trkpt lat="50.598393" lon="-127.311039" />
      <trkpt lat="50.59864" lon="-127.310876" />
      <trkpt lat="50.599942" lon="-127.309606" />
      <trkpt lat="50.600252" lon="-127.309427" />
      <trkpt lat="50.600482" lon="-127.309371" />
      <trkpt lat="50.600788" lon="-127.309384" />
      <trkpt lat="50.601052" lon="-127.309465" />
      <trkpt lat="50.601549" lon="-127.309655" />
      <trkpt lat="50.601962" lon="-127.309695" />
      <trkpt lat="50.602296" lon="-127.309597" />
      <trkpt lat="50.60253" lon="-127.30947" />
      <trkpt lat="50.602949" lon="-127.309095" />
      <trkpt lat="50.603317" lon="-127.308684" />
      <trkpt lat="50.603621" lon="-127.309382" />
      <trkpt lat="50.603901" lon="-127.309898" />
      <trkpt lat="50.604196" lon="-127.310479" />
      <trkpt lat="50.604731" lon="-127.311163" />
      <trkpt lat="50.605308" lon="-127.311766" />
      <trkpt lat="50.605835" lon="-127.312197" />
      <trkpt lat="50.606083" lon="-127.312403" />
      <trkpt lat="50.606502" lon="-127.312644" />
      <trkpt lat="50.607075" lon="-127.312935" />
      <trkpt lat="50.608858" lon="-127.313507" />
      <trkpt lat="50.609281" lon="-127.313714" />
      <trkpt lat="50.609597" lon="-127.313938" />
      <trkpt lat="50.609922" lon="-127.314226" />
      <trkpt lat="50.610259" lon="-127.314646" />
      <trkpt lat="50.610485" lon="-127.314989" />
      <trkpt lat="50.612367" lon="-127.318678" />
      <trkpt lat="50.612801" lon="-127.319309" />
      <trkpt lat="50.615279" lon="-127.321834" />
      <trkpt lat="50.616368" lon="-127.323344" />
      <trkpt lat="50.616689" lon="-127.323684" />
      <trkpt lat="50.617081" lon="-127.323985" />
      <trkpt lat="50.617473" lon="-127.324196" />
      <trkpt lat="50.619819" lon="-127.324951" />
      <trkpt lat="50.620234" lon="-127.325177" />
      <trkpt lat="50.620573" lon="-127.325435" />
      <trkpt lat="50.6209" lon="-127.325767" />
      <trkpt lat="50.621211" lon="-127.326169" />
      <trkpt lat="50.621457" lon="-127.326575" />
      <trkpt lat="50.621707" lon="-127.327092" />
      <trkpt lat="50.622474" lon="-127.329101" />
      <trkpt lat="50.622697" lon="-127.329604" />
      <trkpt lat="50.622966" lon="-127.330078" />
      <trkpt lat="50.625" lon="-127.332744" />
      <trkpt lat="50.626963" lon="-127.335316" />
      <trkpt lat="50.627233" lon="-127.335716" />
      <trkpt lat="50.627469" lon="-127.336159" />
      <trkpt lat="50.627732" lon="-127.33685" />
      <trkpt lat="50.627896" lon="-127.337437" />
      <trkpt lat="50.628284" lon="-127.339528" />
      <trkpt lat="50.628408" lon="-127.339999" />
      <trkpt lat="50.62867" lon="-127.340704" />
      <trkpt lat="50.629923" lon="-127.343319" />
      <trkpt lat="50.631539" lon="-127.346073" />
      <trkpt lat="50.631973" lon="-127.346914" />
      <trkpt lat="50.632453" lon="-127.347999" />
      <trkpt lat="50.632829" lon="-127.348961" />
      <trkpt lat="50.635749" lon="-127.357475" />
      <trkpt lat="50.636114" lon="-127.358366" />
      <trkpt lat="50.636449" lon="-127.359055" />
      <trkpt lat="50.636847" lon="-127.359758" />
      <trkpt lat="50.637233" lon="-127.360335" />
      <trkpt lat="50.637635" lon="-127.360854" />
      <trkpt lat="50.638114" lon="-127.36138" />
      <trkpt lat="50.638718" lon="-127.361919" />
      <trkpt lat="50.639252" lon="-127.362313" />
      <trkpt lat="50.639442" lon="-127.362416" />
      <trkpt lat="50.639957" lon="-127.362696" />
      <trkpt lat="50.640655" lon="-127.362953" />
      <trkpt lat="50.641009" lon="-127.363036" />
      <trkpt lat="50.641251" lon="-127.363074" />
      <trkpt lat="50.641559" lon="-127.363123" />
      <trkpt lat="50.64212" lon="-127.363149" />
      <trkpt lat="50.642706" lon="-127.363103" />
      <trkpt lat="50.643743" lon="-127.362822" />
      <trkpt lat="50.646874" lon="-127.361662" />
      <trkpt lat="50.648074" lon="-127.361218" />
      <trkpt lat="50.648494" lon="-127.361113" />
      <trkpt lat="50.648585" lon="-127.361105" />
      <trkpt lat="50.648813" lon="-127.361085" />
      <trkpt lat="50.649263" lon="-127.361108" />
      <trkpt lat="50.64959" lon="-127.361176" />
      <trkpt lat="50.650153" lon="-127.361408" />
      <trkpt lat="50.650401" lon="-127.36155" />
      <trkpt lat="50.659945" lon="-127.36886" />
      <trkpt lat="50.660566" lon="-127.369474" />
      <trkpt lat="50.661319" lon="-127.37041" />
      <trkpt lat="50.661714" lon="-127.371021" />
      <trkpt lat="50.661795" lon="-127.371161" />
      <trkpt lat="50.664036" lon="-127.375" />
      <trkpt lat="50.664271" lon="-127.375408" />
      <trkpt lat="50.667636" lon="-127.381167" />
      <trkpt lat="50.668591" lon="-127.382898" />
      <trkpt lat="50.66862" lon="-127.38295" />
      <trkpt lat="50.670276" lon="-127.386522" />
      <trkpt lat="50.672053" lon="-127.390359" />
      <trkpt lat="50.675255" lon="-127.397269" />
      <trkpt lat="50.675529" lon="-127.397933" />
      <trkpt lat="50.677866" lon="-127.403603" />
      <trkpt lat="50.679179" lon="-127.40679" />
      <trkpt lat="50.679595" lon="-127.407798" />
      <trkpt lat="50.679707" lon="-127.40808" />
      <trkpt lat="50.679759" lon="-127.408211" />
      <trkpt lat="50.679973" lon="-127.408748" />
      <trkpt lat="50.680177" lon="-127.409388" />
      <trkpt lat="50.680337" lon="-127.410041" />
      <trkpt lat="50.680463" lon="-127.41077" />
      <trkpt lat="50.680528" lon="-127.411397" />
      <trkpt lat="50.68057" lon="-127.412279" />
      <trkpt lat="50.680575" lon="-127.41306" />
      <trkpt lat="50.680583" lon="-127.41456" />
      <trkpt lat="50.68061" lon="-127.419288" />
      <trkpt lat="50.680618" lon="-127.42071" />
      <trkpt lat="50.680645" lon="-127.425586" />
      <trkpt lat="50.680646" lon="-127.425883" />
      <trkpt lat="50.68065" lon="-127.426576" />
      <trkpt lat="50.680654" lon="-127.427251" />
      <trkpt lat="50.680741" lon="-127.428518" />
      <trkpt lat="50.680827" lon="-127.429079" />
      <trkpt lat="50.680997" lon="-127.429883" />
      <trkpt lat="50.68123" lon="-127.430725" />
      <trkpt lat="50.681451" lon="-127.431342" />
      <trkpt lat="50.682612" lon="-127.434166" />
      <trkpt lat="50.683044" lon="-127.435218" />
      <trkpt lat="50.683047" lon="-127.435232" />
      <trkpt lat="50.687069" lon="-127.445024" />
      <trkpt lat="50.68745" lon="-127.44619" />
      <trkpt lat="50.687633" lon="-127.446793" />
      <trkpt lat="50.687887" lon="-127.447688" />
      <trkpt lat="50.688277" lon="-127.449366" />
      <trkpt lat="50.689114" lon="-127.452902" />
      <trkpt lat="50.689199" lon="-127.453248" />
      <trkpt lat="50.689281" lon="-127.453602" />
      <trkpt lat="50.690825" lon="-127.459853" />
      <trkpt lat="50.692005" lon="-127.46494" />
      <trkpt lat="50.692213" lon="-127.465814" />
      <trkpt lat="50.692428" lon="-127.466666" />
      <trkpt lat="50.692548" lon="-127.467191" />
      <trkpt lat="50.692701" lon="-127.467822" />
      <trkpt lat="50.692968" lon="-127.468977" />
      <trkpt lat="50.693113" lon="-127.469589" />
      <trkpt lat="50.693334" lon="-127.470454" />
      <trkpt lat="50.693603" lon="-127.471326" />
      <trkpt lat="50.693939" lon="-127.472246" />
      <trkpt lat="50.694416" lon="-127.473341" />
      <trkpt lat="50.694879" lon="-127.474233" />
      <trkpt lat="50.695403" lon="-127.475116" />
      <trkpt lat="50.695939" lon="-127.475931" />
      <trkpt lat="50.69638" lon="-127.476541" />
      <trkpt lat="50.696893" lon="-127.477086" />
      <trkpt lat="50.69726" lon="-127.477637" />
      <trkpt lat="50.697326" lon="-127.477754" />
      <trkpt lat="50.697503" lon="-127.478107" />
      <trkpt lat="50.697705" lon="-127.478524" />
      <trkpt lat="50.697972" lon="-127.479259" />
      <trkpt lat="50.698559" lon="-127.480862" />
      <trkpt lat="50.698786" lon="-127.481478" />
      <trkpt lat="50.698948" lon="-127.481906" />
      <trkpt lat="50.699055" lon="-127.482161" />
      <trkpt lat="50.699138" lon="-127.482402" />
      <trkpt lat="50.699293" lon="-127.482854" />
      <trkpt lat="50.698925" lon="-127.483105" />
      <trkpt lat="50.698438" lon="-127.483367" />
      <trkpt lat="50.698139" lon="-127.483504" />
      <trkpt lat="50.697296" lon="-127.483693" />
      <trkpt lat="50.696022" lon="-127.484213" />
      <trkpt lat="50.693037" lon="-127.485942" />
      <trkpt lat="50.692177" lon="-127.486116" />
      <trkpt lat="50.691924" lon="-127.486255" />
      <trkpt lat="50.6917" lon="-127.48649" />
      <trkpt lat="50.691543" lon="-127.486744" />
      <trkpt lat="50.691024" lon="-127.487581" />
      <trkpt lat="50.690509" lon="-127.48831" />
      <trkpt lat="50.690062" lon="-127.489126" />
      <trkpt lat="50.690044" lon="-127.489184" />
      <trkpt lat="50.689556" lon="-127.490817" />
      <trkpt lat="50.689531" lon="-127.490872" />
      <trkpt lat="50.689346" lon="-127.491265" />
      <trkpt lat="50.688692" lon="-127.492279" />
      <trkpt lat="50.687562" lon="-127.494033" />
      <trkpt lat="50.6875" lon="-127.494129" />
      <trkpt lat="50.687116" lon="-127.494725" />
      <trkpt lat="50.687096" lon="-127.494762" />
      <trkpt lat="50.686534" lon="-127.495799" />
      <trkpt lat="50.686207" lon="-127.496402" />
      <trkpt lat="50.685326" lon="-127.498027" />
      <trkpt lat="50.684257" lon="-127.5" />
      <trkpt lat="50.683841" lon="-127.500767" />
      <trkpt lat="50.682932" lon="-127.502231" />
      <trkpt lat="50.682765" lon="-127.502489" />
      <trkpt lat="50.682737" lon="-127.502532" />
      <trkpt lat="50.682646" lon="-127.502672" />
      <trkpt lat="50.682532" lon="-127.502784" />
      <trkpt lat="50.68202" lon="-127.503519" />
      <trkpt lat="50.681181" lon="-127.50494" />
      <trkpt lat="50.680949" lon="-127.505331" />
      <trkpt lat="50.680887" lon="-127.505465" />
      <trkpt lat="50.680591" lon="-127.5061" />
      <trkpt lat="50.679809" lon="-127.506929" />
      <trkpt lat="50.67936" lon="-127.507276" />
      <trkpt lat="50.679077" lon="-127.507426" />
      <trkpt lat="50.678692" lon="-127.507423" />
      <trkpt lat="50.677733" lon="-127.506782" />
      <trkpt lat="50.677196" lon="-127.506516" />
      <trkpt lat="50.676656" lon="-127.506192" />
      <trkpt lat="50.676252" lon="-127.50614" />
      <trkpt lat="50.675897" lon="-127.506273" />
      <trkpt lat="50.6751" lon="-127.506721" />
      <trkpt lat="50.674711" lon="-127.506787" />
      <trkpt lat="50.672512" lon="-127.507095" />
      <trkpt lat="50.671282" lon="-127.507304" />
      <trkpt lat="50.667506" lon="-127.508435" />
      <trkpt lat="50.666444" lon="-127.508515" />
      <trkpt lat="50.665564" lon="-127.508835" />
      <trkpt lat="50.665362" lon="-127.50893" />
      <trkpt lat="50.664786" lon="-127.5092" />
      <trkpt lat="50.663995" lon="-127.509571" />
      <trkpt lat="50.66349" lon="-127.509807" />
      <trkpt lat="50.663231" lon="-127.509887" />
      <trkpt lat="50.66202" lon="-127.51026" />
      <trkpt lat="50.661981" lon="-127.510272" />
      <trkpt lat="50.661004" lon="-127.510886" />
      <trkpt lat="50.660551" lon="-127.511127" />
      <trkpt lat="50.659446" lon="-127.511482" />
      <trkpt lat="50.657559" lon="-127.512221" />
      <trkpt lat="50.656944" lon="-127.512462" />
      <trkpt lat="50.655366" lon="-127.513192" />
      <trkpt lat="50.655203" lon="-127.513245" />
      <trkpt lat="50.654829" lon="-127.513365" />
      <trkpt lat="50.654782" lon="-127.513367" />
      <trkpt lat="50.65374" lon="-127.51342" />
      <trkpt lat="50.652911" lon="-127.513736" />
      <trkpt lat="50.652477" lon="-127.513901" />
      <trkpt lat="50.652068" lon="-127.513953" />
      <trkpt lat="50.650893" lon="-127.514103" />
      <trkpt lat="50.650566" lon="-127.514028" />
      <trkpt lat="50.649553" lon="-127.513751" />
      <trkpt lat="50.64795" lon="-127.51365" />
      <trkpt lat="50.647272" lon="-127.513905" />
      <trkpt lat="50.647252" lon="-127.513912" />
      <trkpt lat="50.646871" lon="-127.514205" />
      <trkpt lat="50.645523" lon="-127.515848" />
      <trkpt lat="50.645092" lon="-127.516179" />
      <trkpt lat="50.645062" lon="-127.516191" />
      <trkpt lat="50.644906" lon="-127.516253" />
      <trkpt lat="50.644852" lon="-127.51627" />
      <trkpt lat="50.644374" lon="-127.516418" />
      <trkpt lat="50.64394" lon="-127.516467" />
      <trkpt lat="50.643243" lon="-127.516689" />
      <trkpt lat="50.642693" lon="-127.51711" />
      <trkpt lat="50.642368" lon="-127.517488" />
      <trkpt lat="50.6419" lon="-127.518186" />
      <trkpt lat="50.641823" lon="-127.518304" />
      <trkpt lat="50.641725" lon="-127.518409" />
      <trkpt lat="50.641574" lon="-127.518516" />
      <trkpt lat="50.640929" lon="-127.518703" />
      <trkpt lat="50.640613" lon="-127.518761" />
      <trkpt lat="50.640407" lon="-127.518778" />
      <trkpt lat="50.639591" lon="-127.518584" />
      <trkpt lat="50.639121" lon="-127.51839" />
      <trkpt lat="50.638989" lon="-127.518296" />
      <trkpt lat="50.638573" lon="-127.517999" />
      <trkpt lat="50.637729" lon="-127.517254" />
      <trkpt lat="50.63571" lon="-127.515565" />
      <trkpt lat="50.635419" lon="-127.515418" />
      <trkpt lat="50.635115" lon="-127.515404" />
      <trkpt lat="50.634888" lon="-127.515547" />
      <trkpt lat="50.634482" lon="-127.515809" />
      <trkpt lat="50.634226" lon="-127.516015" />
      <trkpt lat="50.63335" lon="-127.517046" />
      <trkpt lat="50.631946" lon="-127.519259" />
      <trkpt lat="50.63087" lon="-127.520955" />
      <trkpt lat="50.630442" lon="-127.521372" />
      <trkpt lat="50.629871" lon="-127.521681" />
      <trkpt lat="50.629699" lon="-127.521774" />
      <trkpt lat="50.629558" lon="-127.521904" />
      <trkpt lat="50.629486" lon="-127.52197" />
      <trkpt lat="50.629277" lon="-127.522407" />
      <trkpt lat="50.628228" lon="-127.527865" />
      <trkpt lat="50.628139" lon="-127.52811" />
      <trkpt lat="50.627629" lon="-127.529513" />
      <trkpt lat="50.627276" lon="-127.530694" />
      <trkpt lat="50.62718" lon="-127.531097" />
      <trkpt lat="50.627151" lon="-127.531431" />
      <trkpt lat="50.627066" lon="-127.532329" />
      <trkpt lat="50.627008" lon="-127.532722" />
      <trkpt lat="50.626879" lon="-127.533143" />
      <trkpt lat="50.626477" lon="-127.53427" />
      <trkpt lat="50.6261" lon="-127.535299" />
      <trkpt lat="50.625899" lon="-127.535888" />
      <trkpt lat="50.625696" lon="-127.536509" />
      <trkpt lat="50.625273" lon="-127.537337" />
      <trkpt lat="50.625056" lon="-127.537704" />
      <trkpt lat="50.625" lon="-127.537769" />
      <trkpt lat="50.624723" lon="-127.538095" />
      <trkpt lat="50.624558" lon="-127.538337" />
      <trkpt lat="50.624358" lon="-127.538755" />
      <trkpt lat="50.624239" lon="-127.53913" />
      <trkpt lat="50.624025" lon="-127.540456" />
      <trkpt lat="50.62385" lon="-127.541757" />
      <trkpt lat="50.623763" lon="-127.543357" />
      <trkpt lat="50.623732" lon="-127.545752" />
      <trkpt lat="50.623687" lon="-127.546411" />
      <trkpt lat="50.623681" lon="-127.546508" />
      <trkpt lat="50.623569" lon="-127.547077" />
      <trkpt lat="50.623316" lon="-127.547824" />
      <trkpt lat="50.62324" lon="-127.547977" />
      <trkpt lat="50.623014" lon="-127.548437" />
      <trkpt lat="50.622991" lon="-127.548488" />
      <trkpt lat="50.622406" lon="-127.549759" />
      <trkpt lat="50.622231" lon="-127.55014" />
      <trkpt lat="50.621112" lon="-127.551926" />
      <trkpt lat="50.620824" lon="-127.552618" />
      <trkpt lat="50.620715" lon="-127.553271" />
      <trkpt lat="50.620626" lon="-127.554694" />
      <trkpt lat="50.62039" lon="-127.556219" />
      <trkpt lat="50.620328" lon="-127.557431" />
      <trkpt lat="50.619527" lon="-127.561672" />
      <trkpt lat="50.619403" lon="-127.562007" />
      <trkpt lat="50.619227" lon="-127.5623" />
      <trkpt lat="50.618886" lon="-127.562664" />
      <trkpt lat="50.618128" lon="-127.562938" />
      <trkpt lat="50.61778" lon="-127.563237" />
      <trkpt lat="50.616406" lon="-127.565388" />
      <trkpt lat="50.616123" lon="-127.565831" />
      <trkpt lat="50.615146" lon="-127.567873" />
      <trkpt lat="50.614504" lon="-127.569217" />
      <trkpt lat="50.614091" lon="-127.570081" />
      <trkpt lat="50.613858" lon="-127.570702" />
      <trkpt lat="50.613624" lon="-127.571615" />
      <trkpt lat="50.613258" lon="-127.573042" />
      <trkpt lat="50.61306" lon="-127.573474" />
      <trkpt lat="50.612537" lon="-127.57395" />
      <trkpt lat="50.612459" lon="-127.574021" />
      <trkpt lat="50.612084" lon="-127.57438" />
      <trkpt lat="50.611925" lon="-127.574495" />
      <trkpt lat="50.611785" lon="-127.574573" />
      <trkpt lat="50.611571" lon="-127.574589" />
      <trkpt lat="50.611353" lon="-127.574511" />
      <trkpt lat="50.610772" lon="-127.574668" />
      <trkpt lat="50.609681" lon="-127.574749" />
      <trkpt lat="50.60927" lon="-127.57487" />
      <trkpt lat="50.60887" lon="-127.575055" />
      <trkpt lat="50.608773" lon="-127.575097" />
      <trkpt lat="50.608256" lon="-127.575465" />
      <trkpt lat="50.607579" lon="-127.575843" />
      <trkpt lat="50.60748" lon="-127.575898" />
      <trkpt lat="50.607343" lon="-127.575974" />
      <trkpt lat="50.606952" lon="-127.576193" />
      <trkpt lat="50.606757" lon="-127.576302" />
      <trkpt lat="50.606396" lon="-127.576404" />
      <trkpt lat="50.606126" lon="-127.576359" />
      <trkpt lat="50.605839" lon="-127.576234" />
      <trkpt lat="50.605003" lon="-127.575449" />
      <trkpt lat="50.604571" lon="-127.575206" />
      <trkpt lat="50.604519" lon="-127.57519" />
      <trkpt lat="50.604248" lon="-127.575105" />
      <trkpt lat="50.603907" lon="-127.575115" />
      <trkpt lat="50.603558" lon="-127.575177" />
      <trkpt lat="50.603256" lon="-127.575288" />
      <trkpt lat="50.603026" lon="-127.575427" />
      <trkpt lat="50.602645" lon="-127.575993" />
      <trkpt lat="50.602189" lon="-127.576671" />
      <trkpt lat="50.601886" lon="-127.577119" />
      <trkpt lat="50.60182" lon="-127.577267" />
      <trkpt lat="50.601557" lon="-127.57785" />
      <trkpt lat="50.601323" lon="-127.57854" />
      <trkpt lat="50.601142" lon="-127.579073" />
      <trkpt lat="50.600914" lon="-127.579574" />
      <trkpt lat="50.600713" lon="-127.579856" />
      <trkpt lat="50.600557" lon="-127.579903" />
      <trkpt lat="50.600429" lon="-127.579899" />
      <trkpt lat="50.600106" lon="-127.579886" />
      <trkpt lat="50.600002" lon="-127.579882" />
      <trkpt lat="50.599997" lon="-127.579882" />
      <trkpt lat="50.599787" lon="-127.579873" />
      <trkpt lat="50.599092" lon="-127.579743" />
      <trkpt lat="50.598082" lon="-127.579659" />
      <trkpt lat="50.599092" lon="-127.579743" />
      <trkpt lat="50.599787" lon="-127.579873" />
      <trkpt lat="50.599997" lon="-127.579882" />
      <trkpt lat="50.600106" lon="-127.579886" />
      <trkpt lat="50.600429" lon="-127.579899" />
      <trkpt lat="50.600557" lon="-127.579903" />
      <trkpt lat="50.600713" lon="-127.579856" />
      <trkpt lat="50.600914" lon="-127.579574" />
      <trkpt lat="50.601142" lon="-127.579073" />
      <trkpt lat="50.601323" lon="-127.57854" />
      <trkpt lat="50.601557" lon="-127.57785" />
      <trkpt lat="50.60182" lon="-127.577267" />
      <trkpt lat="50.601886" lon="-127.577119" />
      <trkpt lat="50.602189" lon="-127.576671" />
      <trkpt lat="50.602645" lon="-127.575993" />
      <trkpt lat="50.603026" lon="-127.575427" />
      <trkpt lat="50.603256" lon="-127.575288" />
      <trkpt lat="50.603558" lon="-127.575177" />
      <trkpt lat="50.603907" lon="-127.575115" />
      <trkpt lat="50.604248" lon="-127.575105" />
      <trkpt lat="50.604519" lon="-127.57519" />
      <trkpt lat="50.604571" lon="-127.575206" />
      <trkpt lat="50.605003" lon="-127.575449" />
      <trkpt lat="50.605839" lon="-127.576234" />
      <trkpt lat="50.606126" lon="-127.576359" />
      <trkpt lat="50.606396" lon="-127.576404" />
      <trkpt lat="50.606757" lon="-127.576302" />
      <trkpt lat="50.606952" lon="-127.576193" />
      <trkpt lat="50.607343" lon="-127.575974" />
      <trkpt lat="50.60748" lon="-127.575898" />
      <trkpt lat="50.607579" lon="-127.575843" />
      <trkpt lat="50.608256" lon="-127.575465" />
      <trkpt lat="50.608773" lon="-127.575097" />
      <trkpt lat="50.60887" lon="-127.575055" />
      <trkpt lat="50.60927" lon="-127.57487" />
      <trkpt lat="50.609681" lon="-127.574749" />
      <trkpt lat="50.610772" lon="-127.574668" />
      <trkpt lat="50.611353" lon="-127.574511" />
      <trkpt lat="50.611571" lon="-127.574589" />
      <trkpt lat="50.611785" lon="-127.574573" />
      <trkpt lat="50.611925" lon="-127.574495" />
      <trkpt lat="50.612084" lon="-127.57438" />
      <trkpt lat="50.612459" lon="-127.574021" />
      <trkpt lat="50.612537" lon="-127.57395" />
      <trkpt lat="50.61306" lon="-127.573474" />
      <trkpt lat="50.613258" lon="-127.573042" />
      <trkpt lat="50.613624" lon="-127.571615" />
      <trkpt lat="50.613858" lon="-127.570702" />
      <trkpt lat="50.614091" lon="-127.570081" />
      <trkpt lat="50.614504" lon="-127.569217" />
      <trkpt lat="50.615146" lon="-127.567873" />
      <trkpt lat="50.616123" lon="-127.565831" />
      <trkpt lat="50.616406" lon="-127.565388" />
      <trkpt lat="50.61778" lon="-127.563237" />
      <trkpt lat="50.618128" lon="-127.562938" />
      <trkpt lat="50.618886" lon="-127.562664" />
      <trkpt lat="50.619227" lon="-127.5623" />
      <trkpt lat="50.619403" lon="-127.562007" />
      <trkpt lat="50.619527" lon="-127.561672" />
      <trkpt lat="50.620328" lon="-127.557431" />
      <trkpt lat="50.62039" lon="-127.556219" />
      <trkpt lat="50.620626" lon="-127.554694" />
      <trkpt lat="50.620715" lon="-127.553271" />
      <trkpt lat="50.620824" lon="-127.552618" />
      <trkpt lat="50.621112" lon="-127.551926" />
      <trkpt lat="50.622231" lon="-127.55014" />
      <trkpt lat="50.622406" lon="-127.549759" />
      <trkpt lat="50.622991" lon="-127.548488" />
      <trkpt lat="50.623014" lon="-127.548437" />
      <trkpt lat="50.62324" lon="-127.547977" />
      <trkpt lat="50.623316" lon="-127.547824" />
      <trkpt lat="50.623569" lon="-127.547077" />
      <trkpt lat="50.623681" lon="-127.546508" />
      <trkpt lat="50.623687" lon="-127.546411" />
      <trkpt lat="50.623732" lon="-127.545752" />
      <trkpt lat="50.623763" lon="-127.543357" />
      <trkpt lat="50.62385" lon="-127.541757" />
      <trkpt lat="50.624025" lon="-127.540456" />
      <trkpt lat="50.624239" lon="-127.53913" />
      <trkpt lat="50.624358" lon="-127.538755" />
      <trkpt lat="50.624558" lon="-127.538337" />
      <trkpt lat="50.624723" lon="-127.538095" />
      <trkpt lat="50.625" lon="-127.537769" />
      <trkpt lat="50.625056" lon="-127.537704" />
      <trkpt lat="50.625273" lon="-127.537337" />
      <trkpt lat="50.625696" lon="-127.536509" />
      <trkpt lat="50.625899" lon="-127.535888" />
      <trkpt lat="50.6261" lon="-127.535299" />
      <trkpt lat="50.626477" lon="-127.53427" />
      <trkpt lat="50.626879" lon="-127.533143" />
      <trkpt lat="50.627008" lon="-127.532722" />
      <trkpt lat="50.627066" lon="-127.532329" />
      <trkpt lat="50.627151" lon="-127.531431" />
      <trkpt lat="50.62718" lon="-127.531097" />
      <trkpt lat="50.627276" lon="-127.530694" />
      <trkpt lat="50.627629" lon="-127.529513" />
      <trkpt lat="50.628139" lon="-127.52811" />
      <trkpt lat="50.628228" lon="-127.527865" />
      <trkpt lat="50.629277" lon="-127.522407" />
      <trkpt lat="50.629486" lon="-127.52197" />
      <trkpt lat="50.629558" lon="-127.521904" />
      <trkpt lat="50.629699" lon="-127.521774" />
      <trkpt lat="50.629871" lon="-127.521681" />
      <trkpt lat="50.630442" lon="-127.521372" />
      <trkpt lat="50.63087" lon="-127.520955" />
      <trkpt lat="50.631946" lon="-127.519259" />
      <trkpt lat="50.63335" lon="-127.517046" />
      <trkpt lat="50.634226" lon="-127.516015" />
      <trkpt lat="50.634482" lon="-127.515809" />
      <trkpt lat="50.634888" lon="-127.515547" />
      <trkpt lat="50.635115" lon="-127.515404" />
      <trkpt lat="50.635419" lon="-127.515418" />
      <trkpt lat="50.63571" lon="-127.515565" />
      <trkpt lat="50.637729" lon="-127.517254" />
      <trkpt lat="50.638573" lon="-127.517999" />
      <trkpt lat="50.638989" lon="-127.518296" />
      <trkpt lat="50.639121" lon="-127.51839" />
      <trkpt lat="50.639591" lon="-127.518584" />
      <trkpt lat="50.640407" lon="-127.518778" />
      <trkpt lat="50.640613" lon="-127.518761" />
      <trkpt lat="50.640929" lon="-127.518703" />
      <trkpt lat="50.641574" lon="-127.518516" />
      <trkpt lat="50.641725" lon="-127.518409" />
      <trkpt lat="50.641823" lon="-127.518304" />
      <trkpt lat="50.6419" lon="-127.518186" />
      <trkpt lat="50.642368" lon="-127.517488" />
      <trkpt lat="50.642693" lon="-127.51711" />
      <trkpt lat="50.643243" lon="-127.516689" />
      <trkpt lat="50.64394" lon="-127.516467" />
      <trkpt lat="50.644374" lon="-127.516418" />
      <trkpt lat="50.644852" lon="-127.51627" />
      <trkpt lat="50.644906" lon="-127.516253" />
      <trkpt lat="50.645062" lon="-127.516191" />
      <trkpt lat="50.645092" lon="-127.516179" />
      <trkpt lat="50.645523" lon="-127.515848" />
      <trkpt lat="50.646871" lon="-127.514205" />
      <trkpt lat="50.647252" lon="-127.513912" />
      <trkpt lat="50.647272" lon="-127.513905" />
      <trkpt lat="50.64795" lon="-127.51365" />
      <trkpt lat="50.649553" lon="-127.513751" />
      <trkpt lat="50.650566" lon="-127.514028" />
      <trkpt lat="50.650893" lon="-127.514103" />
      <trkpt lat="50.652068" lon="-127.513953" />
      <trkpt lat="50.652477" lon="-127.513901" />
      <trkpt lat="50.652911" lon="-127.513736" />
      <trkpt lat="50.65374" lon="-127.51342" />
      <trkpt lat="50.654782" lon="-127.513367" />
      <trkpt lat="50.654829" lon="-127.513365" />
      <trkpt lat="50.655203" lon="-127.513245" />
      <trkpt lat="50.655366" lon="-127.513192" />
      <trkpt lat="50.656944" lon="-127.512462" />
      <trkpt lat="50.657559" lon="-127.512221" />
      <trkpt lat="50.659446" lon="-127.511482" />
      <trkpt lat="50.660551" lon="-127.511127" />
      <trkpt lat="50.661004" lon="-127.510886" />
      <trkpt lat="50.661981" lon="-127.510272" />
      <trkpt lat="50.66202" lon="-127.51026" />
      <trkpt lat="50.663231" lon="-127.509887" />
      <trkpt lat="50.66349" lon="-127.509807" />
      <trkpt lat="50.663995" lon="-127.509571" />
      <trkpt lat="50.664786" lon="-127.5092" />
      <trkpt lat="50.665362" lon="-127.50893" />
      <trkpt lat="50.665564" lon="-127.508835" />
      <trkpt lat="50.666444" lon="-127.508515" />
      <trkpt lat="50.667506" lon="-127.508435" />
      <trkpt lat="50.671282" lon="-127.507304" />
      <trkpt lat="50.672512" lon="-127.507095" />
      <trkpt lat="50.674711" lon="-127.506787" />
      <trkpt lat="50.6751" lon="-127.506721" />
      <trkpt lat="50.675897" lon="-127.506273" />
      <trkpt lat="50.676252" lon="-127.50614" />
      <trkpt lat="50.676656" lon="-127.506192" />
      <trkpt lat="50.677196" lon="-127.506516" />
      <trkpt lat="50.677733" lon="-127.506782" />
      <trkpt lat="50.678692" lon="-127.507423" />
      <trkpt lat="50.679077" lon="-127.507426" />
      <trkpt lat="50.67936" lon="-127.507276" />
      <trkpt lat="50.679809" lon="-127.506929" />
      <trkpt lat="50.680591" lon="-127.5061" />
      <trkpt lat="50.680887" lon="-127.505465" />
      <trkpt lat="50.680949" lon="-127.505331" />
      <trkpt lat="50.681181" lon="-127.50494" />
      <trkpt lat="50.68202" lon="-127.503519" />
      <trkpt lat="50.682532" lon="-127.502784" />
      <trkpt lat="50.682646" lon="-127.502672" />
      <trkpt lat="50.682737" lon="-127.502532" />
      <trkpt lat="50.682765" lon="-127.502489" />
      <trkpt lat="50.682932" lon="-127.502231" />
      <trkpt lat="50.683841" lon="-127.500767" />
      <trkpt lat="50.684257" lon="-127.5" />
      <trkpt lat="50.685326" lon="-127.498027" />
      <trkpt lat="50.686207" lon="-127.496402" />
      <trkpt lat="50.686534" lon="-127.495799" />
      <trkpt lat="50.687096" lon="-127.494762" />
      <trkpt lat="50.687116" lon="-127.494725" />
      <trkpt lat="50.6875" lon="-127.494129" />
      <trkpt lat="50.687562" lon="-127.494033" />
      <trkpt lat="50.688692" lon="-127.492279" />
      <trkpt lat="50.689346" lon="-127.491265" />
      <trkpt lat="50.689531" lon="-127.490872" />
      <trkpt lat="50.689556" lon="-127.490817" />
      <trkpt lat="50.690044" lon="-127.489184" />
      <trkpt lat="50.690062" lon="-127.489126" />
      <trkpt lat="50.690509" lon="-127.48831" />
      <trkpt lat="50.691024" lon="-127.487581" />
      <trkpt lat="50.691543" lon="-127.486744" />
      <trkpt lat="50.6917" lon="-127.48649" />
      <trkpt lat="50.691924" lon="-127.486255" />
      <trkpt lat="50.692177" lon="-127.486116" />
      <trkpt lat="50.693037" lon="-127.485942" />
      <trkpt lat="50.696022" lon="-127.484213" />
      <trkpt lat="50.697296" lon="-127.483693" />
      <trkpt lat="50.698139" lon="-127.483504" />
      <trkpt lat="50.698438" lon="-127.483367" />
      <trkpt lat="50.698925" lon="-127.483105" />
      <trkpt lat="50.699293" lon="-127.482854" />
      <trkpt lat="50.699467" lon="-127.48338" />
      <trkpt lat="50.69964" lon="-127.483923" />
      <trkpt lat="50.700016" lon="-127.484992" />
      <trkpt lat="50.700426" lon="-127.486162" />
      <trkpt lat="50.700882" lon="-127.487333" />
      <trkpt lat="50.701071" lon="-127.487809" />
      <trkpt lat="50.701226" lon="-127.48813" />
      <trkpt lat="50.701581" lon="-127.488755" />
      <trkpt lat="50.701915" lon="-127.489279" />
      <trkpt lat="50.7023" lon="-127.489801" />
      <trkpt lat="50.70271" lon="-127.490216" />
      <trkpt lat="50.703279" lon="-127.490703" />
      <trkpt lat="50.703685" lon="-127.49099" />
      <trkpt lat="50.70391" lon="-127.491157" />
      <trkpt lat="50.703806" lon="-127.49148" />
      <trkpt lat="50.703791" lon="-127.491532" />
      <trkpt lat="50.703344" lon="-127.493326" />
      <trkpt lat="50.703206" lon="-127.493814" />
      <trkpt lat="50.703155" lon="-127.494037" />
      <trkpt lat="50.703039" lon="-127.494544" />
      <trkpt lat="50.702903" lon="-127.495553" />
      <trkpt lat="50.702901" lon="-127.49704" />
      <trkpt lat="50.703059" lon="-127.498345" />
      <trkpt lat="50.703212" lon="-127.499077" />
      <trkpt lat="50.703294" lon="-127.499353" />
      <trkpt lat="50.703411" lon="-127.499743" />
      <trkpt lat="50.703486" lon="-127.5" />
      <trkpt lat="50.703634" lon="-127.50044" />
      <trkpt lat="50.704387" lon="-127.502679" />
      <trkpt lat="50.705494" lon="-127.506105" />
      <trkpt lat="50.705781" lon="-127.506996" />
      <trkpt lat="50.70605" lon="-127.508108" />
      <trkpt lat="50.706595" lon="-127.510476" />
      <trkpt lat="50.70689" lon="-127.511929" />
      <trkpt lat="50.707009" lon="-127.512921" />
      <trkpt lat="50.707072" lon="-127.513944" />
      <trkpt lat="50.707048" lon="-127.515157" />
      <trkpt lat="50.706997" lon="-127.516347" />
      <trkpt lat="50.707005" lon="-127.517504" />
      <trkpt lat="50.706954" lon="-127.51808" />
      <trkpt lat="50.707016" lon="-127.518356" />
      <trkpt lat="50.707182" lon="-127.518912" />
      <trkpt lat="50.707286" lon="-127.519516" />
      <trkpt lat="50.707317" lon="-127.520129" />
      <trkpt lat="50.707285" lon="-127.520686" />
      <trkpt lat="50.707158" lon="-127.521397" />
      <trkpt lat="50.706975" lon="-127.522031" />
      <trkpt lat="50.706885" lon="-127.522459" />
      <trkpt lat="50.70689" lon="-127.522986" />
      <trkpt lat="50.707059" lon="-127.524228" />
      <trkpt lat="50.707077" lon="-127.524415" />
      <trkpt lat="50.707139" lon="-127.525096" />
      <trkpt lat="50.707188" lon="-127.525652" />
      <trkpt lat="50.707181" lon="-127.526086" />
      <trkpt lat="50.707081" lon="-127.526459" />
      <trkpt lat="50.706823" lon="-127.527032" />
      <trkpt lat="50.706553" lon="-127.527441" />
      <trkpt lat="50.706357" lon="-127.527826" />
      <trkpt lat="50.706236" lon="-127.528175" />
      <trkpt lat="50.70615" lon="-127.528592" />
      <trkpt lat="50.706081" lon="-127.529014" />
      <trkpt lat="50.706058" lon="-127.52951" />
      <trkpt lat="50.706051" lon="-127.53024" />
      <trkpt lat="50.706084" lon="-127.53072" />
      <trkpt lat="50.706168" lon="-127.531281" />
      <trkpt lat="50.70622" lon="-127.531635" />
      <trkpt lat="50.706252" lon="-127.532104" />
      <trkpt lat="50.706255" lon="-127.533328" />
      <trkpt lat="50.706236" lon="-127.534601" />
      <trkpt lat="50.706256" lon="-127.536123" />
      <trkpt lat="50.706295" lon="-127.536611" />
      <trkpt lat="50.706437" lon="-127.537119" />
      <trkpt lat="50.706757" lon="-127.537775" />
      <trkpt lat="50.706875" lon="-127.538134" />
      <trkpt lat="50.706915" lon="-127.53849" />
      <trkpt lat="50.706915" lon="-127.540085" />
      <trkpt lat="50.706853" lon="-127.541648" />
      <trkpt lat="50.706831" lon="-127.542167" />
      <trkpt lat="50.70674" lon="-127.54295" />
      <trkpt lat="50.70673" lon="-127.543294" />
      <trkpt lat="50.706781" lon="-127.543712" />
      <trkpt lat="50.706818" lon="-127.544275" />
      <trkpt lat="50.706801" lon="-127.54476" />
      <trkpt lat="50.706766" lon="-127.545347" />
      <trkpt lat="50.706786" lon="-127.546023" />
      <trkpt lat="50.706758" lon="-127.546294" />
      <trkpt lat="50.706676" lon="-127.546702" />
      <trkpt lat="50.70656" lon="-127.54699" />
      <trkpt lat="50.706433" lon="-127.547208" />
      <trkpt lat="50.705889" lon="-127.547914" />
      <trkpt lat="50.705469" lon="-127.548632" />
      <trkpt lat="50.705401" lon="-127.548827" />
      <trkpt lat="50.705343" lon="-127.549093" />
      <trkpt lat="50.705295" lon="-127.54942" />
      <trkpt lat="50.705322" lon="-127.549889" />
      <trkpt lat="50.705459" lon="-127.551207" />
      <trkpt lat="50.705536" lon="-127.552685" />
      <trkpt lat="50.705641" lon="-127.553908" />
      <trkpt lat="50.705789" lon="-127.554891" />
      <trkpt lat="50.705907" lon="-127.555616" />
      <trkpt lat="50.705976" lon="-127.556127" />
      <trkpt lat="50.705996" lon="-127.556479" />
      <trkpt lat="50.706004" lon="-127.557029" />
      <trkpt lat="50.706075" lon="-127.557546" />
      <trkpt lat="50.706218" lon="-127.558232" />
      <trkpt lat="50.706326" lon="-127.55893" />
      <trkpt lat="50.706366" lon="-127.559424" />
      <trkpt lat="50.706815" lon="-127.561395" />
      <trkpt lat="50.706914" lon="-127.562145" />
      <trkpt lat="50.70695" lon="-127.562645" />
      <trkpt lat="50.706943" lon="-127.563275" />
      <trkpt lat="50.706983" lon="-127.563926" />
      <trkpt lat="50.707039" lon="-127.564512" />
      <trkpt lat="50.707201" lon="-127.565088" />
      <trkpt lat="50.707486" lon="-127.565755" />
      <trkpt lat="50.707715" lon="-127.566461" />
      <trkpt lat="50.707847" lon="-127.567324" />
      <trkpt lat="50.707994" lon="-127.568356" />
      <trkpt lat="50.708001" lon="-127.568853" />
      <trkpt lat="50.707941" lon="-127.569262" />
      <trkpt lat="50.707944" lon="-127.569819" />
      <trkpt lat="50.707959" lon="-127.570372" />
      <trkpt lat="50.708003" lon="-127.57128" />
      <trkpt lat="50.707981" lon="-127.571717" />
      <trkpt lat="50.707854" lon="-127.572651" />
      <trkpt lat="50.707778" lon="-127.573113" />
      <trkpt lat="50.707797" lon="-127.573627" />
      <trkpt lat="50.707923" lon="-127.574188" />
      <trkpt lat="50.7081" lon="-127.57466" />
      <trkpt lat="50.708662" lon="-127.575495" />
      <trkpt lat="50.708876" lon="-127.5759" />
      <trkpt lat="50.709259" lon="-127.576935" />
      <trkpt lat="50.709457" lon="-127.577426" />
      <trkpt lat="50.709969" lon="-127.578347" />
      <trkpt lat="50.710036" lon="-127.578467" />
      <trkpt lat="50.710635" lon="-127.579543" />
      <trkpt lat="50.710992" lon="-127.580313" />
      <trkpt lat="50.71129" lon="-127.580679" />
      <trkpt lat="50.711937" lon="-127.581625" />
      <trkpt lat="50.712188" lon="-127.582169" />
      <trkpt lat="50.712405" lon="-127.582676" />
      <trkpt lat="50.712578" lon="-127.583179" />
      <trkpt lat="50.712658" lon="-127.584619" />
      <trkpt lat="50.712595" lon="-127.585334" />
      <trkpt lat="50.712446" lon="-127.585999" />
      <trkpt lat="50.712351" lon="-127.586535" />
      <trkpt lat="50.71229" lon="-127.586943" />
      <trkpt lat="50.712174" lon="-127.587318" />
      <trkpt lat="50.71193" lon="-127.587898" />
      <trkpt lat="50.711841" lon="-127.588606" />
      <trkpt lat="50.711807" lon="-127.5894" />
      <trkpt lat="50.711834" lon="-127.589904" />
      <trkpt lat="50.711814" lon="-127.590677" />
      <trkpt lat="50.711624" lon="-127.592372" />
      <trkpt lat="50.711624" lon="-127.593209" />
      <trkpt lat="50.711597" lon="-127.593606" />
      <trkpt lat="50.711535" lon="-127.593985" />
      <trkpt lat="50.711461" lon="-127.594378" />
      <trkpt lat="50.711242" lon="-127.594863" />
      <trkpt lat="50.710926" lon="-127.595411" />
      <trkpt lat="50.710773" lon="-127.595728" />
      <trkpt lat="50.710722" lon="-127.595878" />
      <trkpt lat="50.710386" lon="-127.596991" />
      <trkpt lat="50.710212" lon="-127.597858" />
      <trkpt lat="50.71009" lon="-127.598748" />
      <trkpt lat="50.710004" lon="-127.599206" />
      <trkpt lat="50.709935" lon="-127.599406" />
      <trkpt lat="50.709424" lon="-127.600568" />
      <trkpt lat="50.709246" lon="-127.601116" />
      <trkpt lat="50.708945" lon="-127.601938" />
      <trkpt lat="50.70878" lon="-127.602971" />
      <trkpt lat="50.708232" lon="-127.605699" />
      <trkpt lat="50.70777" lon="-127.607257" />
      <trkpt lat="50.70745" lon="-127.608061" />
      <trkpt lat="50.707406" lon="-127.608217" />
      <trkpt lat="50.707364" lon="-127.608434" />
      <trkpt lat="50.70734" lon="-127.608773" />
      <trkpt lat="50.707378" lon="-127.609237" />
      <trkpt lat="50.707447" lon="-127.609741" />
      <trkpt lat="50.707505" lon="-127.610219" />
      <trkpt lat="50.7075" lon="-127.610706" />
      <trkpt lat="50.707439" lon="-127.611244" />
      <trkpt lat="50.707363" lon="-127.612438" />
      <trkpt lat="50.707261" lon="-127.612947" />
      <trkpt lat="50.707071" lon="-127.613491" />
      <trkpt lat="50.706617" lon="-127.614602" />
      <trkpt lat="50.70644" lon="-127.615224" />
      <trkpt lat="50.706146" lon="-127.616012" />
      <trkpt lat="50.706062" lon="-127.616196" />
      <trkpt lat="50.705666" lon="-127.616875" />
      <trkpt lat="50.705531" lon="-127.617211" />
      <trkpt lat="50.705493" lon="-127.61737" />
      <trkpt lat="50.705438" lon="-127.617758" />
      <trkpt lat="50.705401" lon="-127.618581" />
      <trkpt lat="50.705359" lon="-127.618798" />
      <trkpt lat="50.705308" lon="-127.618948" />
      <trkpt lat="50.705184" lon="-127.619227" />
      <trkpt lat="50.704384" lon="-127.620725" />
      <trkpt lat="50.703824" lon="-127.621741" />
      <trkpt lat="50.703006" lon="-127.623611" />
      <trkpt lat="50.702895" lon="-127.623931" />
      <trkpt lat="50.702859" lon="-127.62415" />
      <trkpt lat="50.702828" lon="-127.624488" />
      <trkpt lat="50.702867" lon="-127.625022" />
      <trkpt lat="50.702868" lon="-127.626017" />
      <trkpt lat="50.702842" lon="-127.626352" />
      <trkpt lat="50.702758" lon="-127.626824" />
      <trkpt lat="50.702642" lon="-127.627279" />
      <trkpt lat="50.70262" lon="-127.627541" />
      <trkpt lat="50.702586" lon="-127.628929" />
      <trkpt lat="50.70254" lon="-127.629226" />
      <trkpt lat="50.702389" lon="-127.629819" />
      <trkpt lat="50.702285" lon="-127.630226" />
      <trkpt lat="50.702071" lon="-127.631669" />
      <trkpt lat="50.701952" lon="-127.63223" />
      <trkpt lat="50.701935" lon="-127.632483" />
      <trkpt lat="50.701962" lon="-127.632776" />
      <trkpt lat="50.702139" lon="-127.633787" />
      <trkpt lat="50.702162" lon="-127.634253" />
      <trkpt lat="50.702151" lon="-127.634758" />
      <trkpt lat="50.702105" lon="-127.63514" />
      <trkpt lat="50.70212" lon="-127.635983" />
      <trkpt lat="50.701996" lon="-127.637076" />
      <trkpt lat="50.701879" lon="-127.637425" />
      <trkpt lat="50.701733" lon="-127.637773" />
      <trkpt lat="50.700996" lon="-127.638864" />
      <trkpt lat="50.700857" lon="-127.639078" />
      <trkpt lat="50.700759" lon="-127.639277" />
      <trkpt lat="50.700685" lon="-127.639627" />
      <trkpt lat="50.700635" lon="-127.640171" />
      <trkpt lat="50.700447" lon="-127.641111" />
      <trkpt lat="50.700372" lon="-127.641419" />
      <trkpt lat="50.70032" lon="-127.641651" />
      <trkpt lat="50.700247" lon="-127.641825" />
      <trkpt lat="50.700046" lon="-127.642294" />
      <trkpt lat="50.69999" lon="-127.64255" />
      <trkpt lat="50.699991" lon="-127.642625" />
      <trkpt lat="50.699992" lon="-127.642653" />
      <trkpt lat="50.699994" lon="-127.642795" />
      <trkpt lat="50.699998" lon="-127.643003" />
      <trkpt lat="50.7" lon="-127.643017" />
      <trkpt lat="50.700018" lon="-127.643166" />
      <trkpt lat="50.70004" lon="-127.643351" />
      <trkpt lat="50.700046" lon="-127.643399" />
      <trkpt lat="50.700104" lon="-127.643668" />
      <trkpt lat="50.70021" lon="-127.64397" />
      <trkpt lat="50.700226" lon="-127.644048" />
      <trkpt lat="50.700243" lon="-127.644486" />
      <trkpt lat="50.700182" lon="-127.645071" />
      <trkpt lat="50.700191" lon="-127.645374" />
      <trkpt lat="50.700265" lon="-127.645816" />
      <trkpt lat="50.700554" lon="-127.646288" />
      <trkpt lat="50.700643" lon="-127.646625" />
      <trkpt lat="50.700634" lon="-127.646884" />
      <trkpt lat="50.700513" lon="-127.647775" />
      <trkpt lat="50.70056" lon="-127.649103" />
      <trkpt lat="50.700573" lon="-127.649486" />
      <trkpt lat="50.700515" lon="-127.650253" />
      <trkpt lat="50.700392" lon="-127.650855" />
      <trkpt lat="50.700297" lon="-127.651155" />
      <trkpt lat="50.70023" lon="-127.651535" />
      <trkpt lat="50.700247" lon="-127.651864" />
      <trkpt lat="50.700425" lon="-127.652558" />
      <trkpt lat="50.700474" lon="-127.652975" />
      <trkpt lat="50.700494" lon="-127.653569" />
      <trkpt lat="50.700442" lon="-127.654168" />
      <trkpt lat="50.700457" lon="-127.654922" />
      <trkpt lat="50.700519" lon="-127.656062" />
      <trkpt lat="50.700546" lon="-127.656331" />
      <trkpt lat="50.70061" lon="-127.656651" />
      <trkpt lat="50.700752" lon="-127.657151" />
      <trkpt lat="50.701153" lon="-127.658225" />
      <trkpt lat="50.701271" lon="-127.65872" />
      <trkpt lat="50.70132" lon="-127.659202" />
      <trkpt lat="50.701305" lon="-127.660128" />
      <trkpt lat="50.701303" lon="-127.660743" />
      <trkpt lat="50.701411" lon="-127.663906" />
      <trkpt lat="50.701482" lon="-127.666121" />
      <trkpt lat="50.70153" lon="-127.666843" />
      <trkpt lat="50.701588" lon="-127.667709" />
      <trkpt lat="50.701584" lon="-127.668131" />
      <trkpt lat="50.701497" lon="-127.668472" />
      <trkpt lat="50.701342" lon="-127.668828" />
      <trkpt lat="50.701201" lon="-127.669605" />
      <trkpt lat="50.701004" lon="-127.671512" />
      <trkpt lat="50.700903" lon="-127.671994" />
      <trkpt lat="50.700638" lon="-127.673199" />
      <trkpt lat="50.700555" lon="-127.673697" />
      <trkpt lat="50.700528" lon="-127.674093" />
      <trkpt lat="50.700535" lon="-127.674608" />
      <trkpt lat="50.700486" lon="-127.675181" />
      <trkpt lat="50.700488" lon="-127.675726" />
      <trkpt lat="50.700593" lon="-127.677382" />
      <trkpt lat="50.700588" lon="-127.677884" />
      <trkpt lat="50.700583" lon="-127.677928" />
      <trkpt lat="50.700538" lon="-127.678347" />
      <trkpt lat="50.700486" lon="-127.678678" />
      <trkpt lat="50.700438" lon="-127.678908" />
      <trkpt lat="50.700129" lon="-127.680288" />
      <trkpt lat="50.700022" lon="-127.680666" />
      <trkpt lat="50.69993" lon="-127.681026" />
      <trkpt lat="50.699887" lon="-127.681194" />
      <trkpt lat="50.69974" lon="-127.681581" />
      <trkpt lat="50.699664" lon="-127.681822" />
      <trkpt lat="50.699602" lon="-127.68207" />
      <trkpt lat="50.699558" lon="-127.682355" />
      <trkpt lat="50.69954" lon="-127.682624" />
      <trkpt lat="50.699537" lon="-127.682886" />
      <trkpt lat="50.69954" lon="-127.683357" />
      <trkpt lat="50.699572" lon="-127.683839" />
      <trkpt lat="50.699623" lon="-127.684254" />
      <trkpt lat="50.699686" lon="-127.684774" />
      <trkpt lat="50.699793" lon="-127.685487" />
      <trkpt lat="50.699858" lon="-127.685898" />
      <trkpt lat="50.699947" lon="-127.686346" />
      <trkpt lat="50.700172" lon="-127.687296" />
      <trkpt lat="50.700581" lon="-127.688731" />
      <trkpt lat="50.700745" lon="-127.689306" />
      <trkpt lat="50.700827" lon="-127.6897" />
      <trkpt lat="50.701" lon="-127.690646" />
      <trkpt lat="50.701079" lon="-127.69101" />
      <trkpt lat="50.701465" lon="-127.692035" />
      <trkpt lat="50.701916" lon="-127.69318" />
      <trkpt lat="50.702068" lon="-127.693818" />
      <trkpt lat="50.702164" lon="-127.694496" />
      <trkpt lat="50.702417" lon="-127.696935" />
      <trkpt lat="50.702713" lon="-127.699597" />
      <trkpt lat="50.702774" lon="-127.700432" />
      <trkpt lat="50.702778" lon="-127.70138" />
      <trkpt lat="50.702674" lon="-127.702664" />
      <trkpt lat="50.702646" lon="-127.703037" />
      <trkpt lat="50.702665" lon="-127.703551" />
      <trkpt lat="50.702723" lon="-127.704129" />
      <trkpt lat="50.70284" lon="-127.704619" />
      <trkpt lat="50.702998" lon="-127.705015" />
      <trkpt lat="50.703224" lon="-127.705483" />
      <trkpt lat="50.703397" lon="-127.706044" />
      <trkpt lat="50.70354" lon="-127.706991" />
      <trkpt lat="50.703628" lon="-127.708232" />
      <trkpt lat="50.703637" lon="-127.708933" />
      <trkpt lat="50.703603" lon="-127.709874" />
      <trkpt lat="50.70352" lon="-127.710956" />
      <trkpt lat="50.70345" lon="-127.711998" />
      <trkpt lat="50.703411" lon="-127.712749" />
      <trkpt lat="50.703369" lon="-127.713372" />
      <trkpt lat="50.703278" lon="-127.713997" />
      <trkpt lat="50.70321" lon="-127.714416" />
      <trkpt lat="50.703166" lon="-127.714642" />
      <trkpt lat="50.702846" lon="-127.715751" />
      <trkpt lat="50.702588" lon="-127.716556" />
      <trkpt lat="50.702489" lon="-127.716839" />
      <trkpt lat="50.702437" lon="-127.717046" />
      <trkpt lat="50.702374" lon="-127.717487" />
      <trkpt lat="50.702369" lon="-127.717953" />
      <trkpt lat="50.702502" lon="-127.719926" />
      <trkpt lat="50.702581" lon="-127.72056" />
      <trkpt lat="50.702585" lon="-127.721248" />
      <trkpt lat="50.702417" lon="-127.722622" />
      <trkpt lat="50.702313" lon="-127.723653" />
      <trkpt lat="50.702116" lon="-127.725601" />
      <trkpt lat="50.70205" lon="-127.726213" />
      <trkpt lat="50.70206" lon="-127.727103" />
      <trkpt lat="50.702054" lon="-127.727573" />
      <trkpt lat="50.701972" lon="-127.728326" />
      <trkpt lat="50.701949" lon="-127.729442" />
      <trkpt lat="50.70189" lon="-127.729794" />
      <trkpt lat="50.701608" lon="-127.731154" />
      <trkpt lat="50.701543" lon="-127.731649" />
      <trkpt lat="50.701562" lon="-127.732173" />
      <trkpt lat="50.701748" lon="-127.732901" />
      <trkpt lat="50.701778" lon="-127.733291" />
      <trkpt lat="50.701713" lon="-127.735983" />
      <trkpt lat="50.701745" lon="-127.736546" />
      <trkpt lat="50.701958" lon="-127.7389" />
      <trkpt lat="50.701959" lon="-127.739032" />
      <trkpt lat="50.701963" lon="-127.73957" />
      <trkpt lat="50.70191" lon="-127.740047" />
      <trkpt lat="50.701545" lon="-127.741907" />
      <trkpt lat="50.70146" lon="-127.742222" />
      <trkpt lat="50.701366" lon="-127.74248" />
      <trkpt lat="50.701055" lon="-127.743207" />
      <trkpt lat="50.700912" lon="-127.743696" />
      <trkpt lat="50.700731" lon="-127.74468" />
      <trkpt lat="50.700515" lon="-127.746131" />
      <trkpt lat="50.700497" lon="-127.746252" />
      <trkpt lat="50.700424" lon="-127.746594" />
      <trkpt lat="50.700333" lon="-127.747024" />
      <trkpt lat="50.700168" lon="-127.747865" />
      <trkpt lat="50.699992" lon="-127.748693" />
      <trkpt lat="50.699721" lon="-127.75" />
      <trkpt lat="50.699284" lon="-127.751669" />
      <trkpt lat="50.69901" lon="-127.753415" />
      <trkpt lat="50.698805" lon="-127.75439" />
      <trkpt lat="50.698715" lon="-127.754733" />
      <trkpt lat="50.697919" lon="-127.757742" />
      <trkpt lat="50.697737" lon="-127.758239" />
      <trkpt lat="50.697442" lon="-127.758851" />
      <trkpt lat="50.697361" lon="-127.759003" />
      <trkpt lat="50.697175" lon="-127.759349" />
      <trkpt lat="50.697055" lon="-127.759727" />
      <trkpt lat="50.697007" lon="-127.760132" />
      <trkpt lat="50.697007" lon="-127.76029" />
      <trkpt lat="50.697022" lon="-127.760567" />
      <trkpt lat="50.697093" lon="-127.761343" />
      <trkpt lat="50.697091" lon="-127.761804" />
      <trkpt lat="50.697085" lon="-127.762245" />
      <trkpt lat="50.696995" lon="-127.762713" />
      <trkpt lat="50.696866" lon="-127.763062" />
      <trkpt lat="50.696678" lon="-127.763585" />
      <trkpt lat="50.696631" lon="-127.763716" />
      <trkpt lat="50.696479" lon="-127.764699" />
      <trkpt lat="50.696393" lon="-127.765119" />
      <trkpt lat="50.695851" lon="-127.766653" />
      <trkpt lat="50.695846" lon="-127.766684" />
      <trkpt lat="50.695797" lon="-127.766986" />
      <trkpt lat="50.695846" lon="-127.767606" />
      <trkpt lat="50.695853" lon="-127.76806" />
      <trkpt lat="50.695774" lon="-127.768471" />
      <trkpt lat="50.695568" lon="-127.769206" />
      <trkpt lat="50.695479" lon="-127.769638" />
      <trkpt lat="50.695386" lon="-127.770421" />
      <trkpt lat="50.695369" lon="-127.771708" />
      <trkpt lat="50.69537" lon="-127.773185" />
      <trkpt lat="50.695463" lon="-127.774174" />
      <trkpt lat="50.695559" lon="-127.77471" />
      <trkpt lat="50.695653" lon="-127.775057" />
      <trkpt lat="50.695997" lon="-127.776403" />
      <trkpt lat="50.696041" lon="-127.776697" />
      <trkpt lat="50.696069" lon="-127.776891" />
      <trkpt lat="50.696107" lon="-127.77747" />
      <trkpt lat="50.696115" lon="-127.777765" />
      <trkpt lat="50.696088" lon="-127.778051" />
      <trkpt lat="50.695987" lon="-127.779228" />
      <trkpt lat="50.695937" lon="-127.779821" />
      <trkpt lat="50.695938" lon="-127.780593" />
      <trkpt lat="50.695973" lon="-127.78124" />
      <trkpt lat="50.69602" lon="-127.781718" />
      <trkpt lat="50.696174" lon="-127.782255" />
      <trkpt lat="50.696344" lon="-127.782846" />
      <trkpt lat="50.696572" lon="-127.784253" />
      <trkpt lat="50.69658" lon="-127.784706" />
      <trkpt lat="50.69656" lon="-127.785357" />
      <trkpt lat="50.696664" lon="-127.786666" />
      <trkpt lat="50.69669" lon="-127.787182" />
      <trkpt lat="50.696637" lon="-127.787831" />
      <trkpt lat="50.696524" lon="-127.788264" />
      <trkpt lat="50.696414" lon="-127.788611" />
      <trkpt lat="50.696325" lon="-127.788779" />
      <trkpt lat="50.696231" lon="-127.788965" />
      <trkpt lat="50.696066" lon="-127.78913" />
      <trkpt lat="50.695942" lon="-127.789177" />
      <trkpt lat="50.69581" lon="-127.789212" />
      <trkpt lat="50.695634" lon="-127.789265" />
      <trkpt lat="50.695562" lon="-127.789272" />
      <trkpt lat="50.695499" lon="-127.789279" />
      <trkpt lat="50.695074" lon="-127.789289" />
      <trkpt lat="50.69485" lon="-127.789396" />
      <trkpt lat="50.694662" lon="-127.789584" />
      <trkpt lat="50.694475" lon="-127.789812" />
      <trkpt lat="50.694388" lon="-127.789964" />
      <trkpt lat="50.694346" lon="-127.790062" />
      <trkpt lat="50.69424" lon="-127.790535" />
      <trkpt lat="50.694214" lon="-127.791069" />
      <trkpt lat="50.694217" lon="-127.791522" />
      <trkpt lat="50.694221" lon="-127.792063" />
      <trkpt lat="50.694274" lon="-127.792647" />
      <trkpt lat="50.694338" lon="-127.792981" />
      <trkpt lat="50.694646" lon="-127.793906" />
      <trkpt lat="50.694791" lon="-127.79457" />
      <trkpt lat="50.695001" lon="-127.796024" />
      <trkpt lat="50.695339" lon="-127.797328" />
      <trkpt lat="50.695438" lon="-127.797689" />
      <trkpt lat="50.695691" lon="-127.798515" />
      <trkpt lat="50.69579" lon="-127.798815" />
      <trkpt lat="50.69589" lon="-127.799224" />
      <trkpt lat="50.695966" lon="-127.799607" />
      <trkpt lat="50.69603" lon="-127.800043" />
      <trkpt lat="50.696043" lon="-127.800584" />
      <trkpt lat="50.69607" lon="-127.801735" />
      <trkpt lat="50.696237" lon="-127.803085" />
      <trkpt lat="50.696269" lon="-127.803273" />
      <trkpt lat="50.696299" lon="-127.803473" />
      <trkpt lat="50.69633" lon="-127.80367" />
      <trkpt lat="50.696449" lon="-127.804641" />
      <trkpt lat="50.696818" lon="-127.806908" />
      <trkpt lat="50.696845" lon="-127.807082" />
      <trkpt lat="50.696954" lon="-127.807812" />
      <trkpt lat="50.697247" lon="-127.809828" />
      <trkpt lat="50.69733" lon="-127.810686" />
      <trkpt lat="50.697346" lon="-127.810814" />
      <trkpt lat="50.697377" lon="-127.811068" />
      <trkpt lat="50.697517" lon="-127.812395" />
      <trkpt lat="50.697948" lon="-127.816155" />
      <trkpt lat="50.698098" lon="-127.817526" />
      <trkpt lat="50.698209" lon="-127.818272" />
      <trkpt lat="50.698381" lon="-127.818772" />
      <trkpt lat="50.6986" lon="-127.819137" />
      <trkpt lat="50.698727" lon="-127.819383" />
      <trkpt lat="50.698959" lon="-127.820274" />
      <trkpt lat="50.699392" lon="-127.821589" />
      <trkpt lat="50.699509" lon="-127.822119" />
      <trkpt lat="50.69956" lon="-127.822651" />
      <trkpt lat="50.699584" lon="-127.823267" />
      <trkpt lat="50.699791" lon="-127.824211" />
      <trkpt lat="50.699955" lon="-127.824876" />
      <trkpt lat="50.700132" lon="-127.825513" />
      <trkpt lat="50.70024" lon="-127.826202" />
      <trkpt lat="50.701064" lon="-127.829488" />
      <trkpt lat="50.70116" lon="-127.829977" />
      <trkpt lat="50.701188" lon="-127.830553" />
      <trkpt lat="50.701064" lon="-127.831502" />
      <trkpt lat="50.701052" lon="-127.832075" />
      <trkpt lat="50.701319" lon="-127.835409" />
      <trkpt lat="50.701387" lon="-127.836254" />
      <trkpt lat="50.701446" lon="-127.838143" />
      <trkpt lat="50.701494" lon="-127.838942" />
      <trkpt lat="50.701521" lon="-127.83926" />
      <trkpt lat="50.701549" lon="-127.83963" />
      <trkpt lat="50.70156" lon="-127.839844" />
      <trkpt lat="50.701569" lon="-127.839999" />
      <trkpt lat="50.701576" lon="-127.840302" />
      <trkpt lat="50.701577" lon="-127.840946" />
      <trkpt lat="50.701592" lon="-127.841501" />
      <trkpt lat="50.701655" lon="-127.842514" />
      <trkpt lat="50.701745" lon="-127.843287" />
      <trkpt lat="50.701908" lon="-127.844231" />
      <trkpt lat="50.702039" lon="-127.845059" />
      <trkpt lat="50.702142" lon="-127.845884" />
      <trkpt lat="50.70222" lon="-127.846506" />
      <trkpt lat="50.702245" lon="-127.847177" />
      <trkpt lat="50.702235" lon="-127.847783" />
      <trkpt lat="50.702193" lon="-127.849832" />
      <trkpt lat="50.702106" lon="-127.851642" />
      <trkpt lat="50.702406" lon="-127.853885" />
      <trkpt lat="50.702467" lon="-127.854459" />
      <trkpt lat="50.70249" lon="-127.855375" />
      <trkpt lat="50.702643" lon="-127.856909" />
      <trkpt lat="50.702885" lon="-127.858731" />
      <trkpt lat="50.702976" lon="-127.859299" />
      <trkpt lat="50.703279" lon="-127.861096" />
      <trkpt lat="50.703383" lon="-127.86169" />
      <trkpt lat="50.703433" lon="-127.861984" />
      <trkpt lat="50.703542" lon="-127.862761" />
      <trkpt lat="50.703691" lon="-127.863451" />
      <trkpt lat="50.703921" lon="-127.864786" />
      <trkpt lat="50.703998" lon="-127.865457" />
      <trkpt lat="50.704001" lon="-127.865859" />
      <trkpt lat="50.70396" lon="-127.866229" />
      <trkpt lat="50.703824" lon="-127.866901" />
      <trkpt lat="50.703531" lon="-127.867905" />
      <trkpt lat="50.703458" lon="-127.868274" />
      <trkpt lat="50.703443" lon="-127.868682" />
      <trkpt lat="50.70348" lon="-127.869757" />
      <trkpt lat="50.703532" lon="-127.870474" />
      <trkpt lat="50.703968" lon="-127.874043" />
      <trkpt lat="50.704051" lon="-127.874544" />
      <trkpt lat="50.704046" lon="-127.874881" />
      <trkpt lat="50.70402" lon="-127.87515" />
      <trkpt lat="50.703907" lon="-127.876086" />
      <trkpt lat="50.703872" lon="-127.876506" />
      <trkpt lat="50.703908" lon="-127.876858" />
      <trkpt lat="50.704039" lon="-127.877364" />
      <trkpt lat="50.704118" lon="-127.877617" />
      <trkpt lat="50.704189" lon="-127.877909" />
      <trkpt lat="50.704069" lon="-127.87815" />
      <trkpt lat="50.703882" lon="-127.878837" />
      <trkpt lat="50.703793" lon="-127.879445" />
      <trkpt lat="50.703736" lon="-127.879805" />
      <trkpt lat="50.703637" lon="-127.88028" />
      <trkpt lat="50.703611" lon="-127.880432" />
      <trkpt lat="50.703567" lon="-127.880683" />
      <trkpt lat="50.703488" lon="-127.881311" />
      <trkpt lat="50.703427" lon="-127.881832" />
      <trkpt lat="50.70343" lon="-127.882158" />
      <trkpt lat="50.703474" lon="-127.882534" />
      <trkpt lat="50.703656" lon="-127.883357" />
      <trkpt lat="50.703755" lon="-127.883971" />
      <trkpt lat="50.703904" lon="-127.885158" />
      <trkpt lat="50.704404" lon="-127.887543" />
      <trkpt lat="50.704494" lon="-127.888031" />
      <trkpt lat="50.704665" lon="-127.888371" />
      <trkpt lat="50.704774" lon="-127.888556" />
      <trkpt lat="50.704859" lon="-127.88872" />
      <trkpt lat="50.705384" lon="-127.889407" />
      <trkpt lat="50.705496" lon="-127.889517" />
      <trkpt lat="50.705644" lon="-127.889601" />
      <trkpt lat="50.70578" lon="-127.889673" />
      <trkpt lat="50.705974" lon="-127.889708" />
      <trkpt lat="50.706357" lon="-127.889729" />
      <trkpt lat="50.706554" lon="-127.889828" />
      <trkpt lat="50.706747" lon="-127.88997" />
      <trkpt lat="50.706946" lon="-127.890247" />
      <trkpt lat="50.707484" lon="-127.89127" />
      <trkpt lat="50.708124" lon="-127.892212" />
      <trkpt lat="50.708279" lon="-127.892432" />
      <trkpt lat="50.708506" lon="-127.893057" />
      <trkpt lat="50.708708" lon="-127.893779" />
      <trkpt lat="50.708795" lon="-127.894263" />
      <trkpt lat="50.708839" lon="-127.89466" />
      <trkpt lat="50.708869" lon="-127.896032" />
      <trkpt lat="50.708849" lon="-127.896399" />
      <trkpt lat="50.708725" lon="-127.896964" />
      <trkpt lat="50.708491" lon="-127.897254" />
      <trkpt lat="50.707961" lon="-127.897675" />
      <trkpt lat="50.707734" lon="-127.897901" />
      <trkpt lat="50.707583" lon="-127.898069" />
      <trkpt lat="50.707442" lon="-127.898278" />
      <trkpt lat="50.707304" lon="-127.898561" />
      <trkpt lat="50.707059" lon="-127.899187" />
      <trkpt lat="50.706993" lon="-127.899364" />
      <trkpt lat="50.706852" lon="-127.899739" />
      <trkpt lat="50.706549" lon="-127.900407" />
      <trkpt lat="50.706422" lon="-127.900687" />
      <trkpt lat="50.706328" lon="-127.900981" />
      <trkpt lat="50.706296" lon="-127.901229" />
      <trkpt lat="50.706272" lon="-127.901535" />
      <trkpt lat="50.706295" lon="-127.901706" />
      <trkpt lat="50.70633" lon="-127.901858" />
      <trkpt lat="50.706371" lon="-127.901969" />
      <trkpt lat="50.70648" lon="-127.902192" />
      <trkpt lat="50.706703" lon="-127.902606" />
      <trkpt lat="50.706924" lon="-127.903129" />
      <trkpt lat="50.70731" lon="-127.904366" />
      <trkpt lat="50.70735" lon="-127.904679" />
      <trkpt lat="50.707331" lon="-127.904946" />
      <trkpt lat="50.707274" lon="-127.905273" />
      <trkpt lat="50.707116" lon="-127.905644" />
      <trkpt lat="50.706869" lon="-127.905923" />
      <trkpt lat="50.706598" lon="-127.90623" />
      <trkpt lat="50.706426" lon="-127.906476" />
      <trkpt lat="50.706046" lon="-127.907227" />
      <trkpt lat="50.705454" lon="-127.907945" />
      <trkpt lat="50.705142" lon="-127.908547" />
      <trkpt lat="50.705058" lon="-127.908709" />
      <trkpt lat="50.704587" lon="-127.910034" />
      <trkpt lat="50.704418" lon="-127.910377" />
      <trkpt lat="50.704325" lon="-127.91058" />
      <trkpt lat="50.704035" lon="-127.911147" />
      <trkpt lat="50.703708" lon="-127.911959" />
      <trkpt lat="50.703515" lon="-127.912324" />
      <trkpt lat="50.703305" lon="-127.912696" />
      <trkpt lat="50.703059" lon="-127.912978" />
      <trkpt lat="50.70206" lon="-127.913759" />
      <trkpt lat="50.701417" lon="-127.914264" />
      <trkpt lat="50.701302" lon="-127.914452" />
      <trkpt lat="50.70123" lon="-127.914684" />
      <trkpt lat="50.701139" lon="-127.915229" />
      <trkpt lat="50.701062" lon="-127.915509" />
      <trkpt lat="50.700946" lon="-127.915693" />
      <trkpt lat="50.700792" lon="-127.91585" />
      <trkpt lat="50.700595" lon="-127.916031" />
      <trkpt lat="50.700409" lon="-127.916227" />
      <trkpt lat="50.70026" lon="-127.916446" />
      <trkpt lat="50.700051" lon="-127.916819" />
      <trkpt lat="50.699975" lon="-127.917015" />
      <trkpt lat="50.699896" lon="-127.917216" />
      <trkpt lat="50.69932" lon="-127.919503" />
      <trkpt lat="50.699152" lon="-127.920155" />
      <trkpt lat="50.699026" lon="-127.920685" />
      <trkpt lat="50.698949" lon="-127.921127" />
      <trkpt lat="50.698767" lon="-127.921902" />
      <trkpt lat="50.698588" lon="-127.92238" />
      <trkpt lat="50.698565" lon="-127.922443" />
      <trkpt lat="50.698383" lon="-127.922803" />
      <trkpt lat="50.698313" lon="-127.922933" />
      <trkpt lat="50.698187" lon="-127.923158" />
      <trkpt lat="50.698092" lon="-127.923305" />
      <trkpt lat="50.697253" lon="-127.924388" />
      <trkpt lat="50.696682" lon="-127.925047" />
      <trkpt lat="50.696061" lon="-127.926571" />
      <trkpt lat="50.69582" lon="-127.927086" />
      <trkpt lat="50.695282" lon="-127.927788" />
      <trkpt lat="50.694931" lon="-127.928439" />
      <trkpt lat="50.694873" lon="-127.928555" />
      <trkpt lat="50.694619" lon="-127.929167" />
      <trkpt lat="50.694357" lon="-127.929631" />
      <trkpt lat="50.693804" lon="-127.930425" />
      <trkpt lat="50.693633" lon="-127.930849" />
      <trkpt lat="50.693471" lon="-127.931366" />
      <trkpt lat="50.693373" lon="-127.931768" />
      <trkpt lat="50.693223" lon="-127.932139" />
      <trkpt lat="50.692913" lon="-127.932544" />
      <trkpt lat="50.692772" lon="-127.932802" />
      <trkpt lat="50.69212" lon="-127.934262" />
      <trkpt lat="50.691789" lon="-127.935176" />
      <trkpt lat="50.691714" lon="-127.935385" />
      <trkpt lat="50.691577" lon="-127.935691" />
      <trkpt lat="50.691362" lon="-127.936036" />
      <trkpt lat="50.690796" lon="-127.936695" />
      <trkpt lat="50.690674" lon="-127.936852" />
      <trkpt lat="50.690573" lon="-127.937047" />
      <trkpt lat="50.690471" lon="-127.937386" />
      <trkpt lat="50.690288" lon="-127.938525" />
      <trkpt lat="50.690166" lon="-127.939016" />
      <trkpt lat="50.689821" lon="-127.940018" />
      <trkpt lat="50.689694" lon="-127.940511" />
      <trkpt lat="50.689677" lon="-127.940576" />
      <trkpt lat="50.689576" lon="-127.941229" />
      <trkpt lat="50.689232" lon="-127.942339" />
      <trkpt lat="50.68908" lon="-127.942769" />
      <trkpt lat="50.688936" lon="-127.943111" />
      <trkpt lat="50.688499" lon="-127.943979" />
      <trkpt lat="50.688285" lon="-127.94503" />
      <trkpt lat="50.68791" lon="-127.946022" />
      <trkpt lat="50.687846" lon="-127.94639" />
      <trkpt lat="50.687844" lon="-127.946678" />
      <trkpt lat="50.687876" lon="-127.946952" />
      <trkpt lat="50.687986" lon="-127.947225" />
      <trkpt lat="50.688582" lon="-127.948159" />
      <trkpt lat="50.688681" lon="-127.948417" />
      <trkpt lat="50.688701" lon="-127.948554" />
      <trkpt lat="50.688699" lon="-127.948715" />
      <trkpt lat="50.688652" lon="-127.948945" />
      <trkpt lat="50.688556" lon="-127.949119" />
      <trkpt lat="50.688318" lon="-127.949296" />
      <trkpt lat="50.687686" lon="-127.949496" />
      <trkpt lat="50.6875" lon="-127.949577" />
      <trkpt lat="50.687323" lon="-127.949722" />
      <trkpt lat="50.687202" lon="-127.949874" />
      <trkpt lat="50.686837" lon="-127.950632" />
      <trkpt lat="50.68633" lon="-127.95159" />
      <trkpt lat="50.686217" lon="-127.951786" />
      <trkpt lat="50.686126" lon="-127.951921" />
      <trkpt lat="50.686018" lon="-127.951981" />
      <trkpt lat="50.685812" lon="-127.951938" />
      <trkpt lat="50.685667" lon="-127.951799" />
      <trkpt lat="50.685479" lon="-127.951762" />
      <trkpt lat="50.685266" lon="-127.951848" />
      <trkpt lat="50.685064" lon="-127.952075" />
      <trkpt lat="50.684801" lon="-127.952511" />
      <trkpt lat="50.684533" lon="-127.952909" />
      <trkpt lat="50.684271" lon="-127.95314" />
      <trkpt lat="50.683996" lon="-127.953328" />
      <trkpt lat="50.68379" lon="-127.953522" />
      <trkpt lat="50.683663" lon="-127.953727" />
      <trkpt lat="50.683618" lon="-127.953798" />
      <trkpt lat="50.683474" lon="-127.954196" />
      <trkpt lat="50.682997" lon="-127.956076" />
      <trkpt lat="50.682945" lon="-127.956492" />
      <trkpt lat="50.683007" lon="-127.95774" />
      <trkpt lat="50.682961" lon="-127.958576" />
      <trkpt lat="50.682987" lon="-127.960311" />
      <trkpt lat="50.682952" lon="-127.960639" />
      <trkpt lat="50.682908" lon="-127.960779" />
      <trkpt lat="50.682866" lon="-127.960913" />
      <trkpt lat="50.682712" lon="-127.961278" />
      <trkpt lat="50.68232" lon="-127.961809" />
      <trkpt lat="50.682028" lon="-127.962076" />
      <trkpt lat="50.68145" lon="-127.962701" />
      <trkpt lat="50.681388" lon="-127.962796" />
      <trkpt lat="50.681054" lon="-127.963301" />
      <trkpt lat="50.680871" lon="-127.963555" />
      <trkpt lat="50.680646" lon="-127.963726" />
      <trkpt lat="50.680296" lon="-127.963766" />
      <trkpt lat="50.680007" lon="-127.963846" />
      <trkpt lat="50.679662" lon="-127.964277" />
      <trkpt lat="50.679397" lon="-127.96473" />
      <trkpt lat="50.679298" lon="-127.964966" />
      <trkpt lat="50.679233" lon="-127.96521" />
      <trkpt lat="50.67924" lon="-127.965446" />
      <trkpt lat="50.679288" lon="-127.965734" />
      <trkpt lat="50.679499" lon="-127.966454" />
      <trkpt lat="50.679551" lon="-127.96687" />
      <trkpt lat="50.679577" lon="-127.968026" />
      <trkpt lat="50.679665" lon="-127.970613" />
      <trkpt lat="50.679665" lon="-127.970958" />
      <trkpt lat="50.679606" lon="-127.971305" />
      <trkpt lat="50.679473" lon="-127.971521" />
      <trkpt lat="50.679305" lon="-127.971776" />
      <trkpt lat="50.67926" lon="-127.971876" />
      <trkpt lat="50.679123" lon="-127.972182" />
      <trkpt lat="50.679055" lon="-127.972462" />
      <trkpt lat="50.679101" lon="-127.973225" />
      <trkpt lat="50.679478" lon="-127.974102" />
      <trkpt lat="50.680059" lon="-127.975941" />
      <trkpt lat="50.680379" lon="-127.97833" />
      <trkpt lat="50.680487" lon="-127.979188" />
      <trkpt lat="50.680577" lon="-127.980072" />
      <trkpt lat="50.680603" lon="-127.980411" />
      <trkpt lat="50.68057" lon="-127.980785" />
      <trkpt lat="50.680437" lon="-127.981199" />
      <trkpt lat="50.680284" lon="-127.981428" />
      <trkpt lat="50.680141" lon="-127.981633" />
      <trkpt lat="50.678972" lon="-127.983156" />
      <trkpt lat="50.678561" lon="-127.983759" />
      <trkpt lat="50.67851" lon="-127.983893" />
      <trkpt lat="50.67842" lon="-127.984128" />
      <trkpt lat="50.67833" lon="-127.984509" />
      <trkpt lat="50.6783" lon="-127.984919" />
      <trkpt lat="50.678332" lon="-127.985555" />
      <trkpt lat="50.678544" lon="-127.986918" />
      <trkpt lat="50.678743" lon="-127.988425" />
      <trkpt lat="50.678747" lon="-127.988455" />
      <trkpt lat="50.67878" lon="-127.988743" />
      <trkpt lat="50.67879" lon="-127.98883" />
      <trkpt lat="50.67883" lon="-127.989066" />
      <trkpt lat="50.678929" lon="-127.989381" />
      <trkpt lat="50.679317" lon="-127.990263" />
      <trkpt lat="50.679455" lon="-127.990531" />
      <trkpt lat="50.67984" lon="-127.991159" />
      <trkpt lat="50.680058" lon="-127.991508" />
      <trkpt lat="50.680289" lon="-127.991773" />
      <trkpt lat="50.680545" lon="-127.991948" />
      <trkpt lat="50.680812" lon="-127.992064" />
      <trkpt lat="50.681105" lon="-127.992097" />
      <trkpt lat="50.68138" lon="-127.992028" />
      <trkpt lat="50.682026" lon="-127.991623" />
      <trkpt lat="50.682274" lon="-127.991563" />
      <trkpt lat="50.682512" lon="-127.99158" />
      <trkpt lat="50.682824" lon="-127.991727" />
      <trkpt lat="50.683156" lon="-127.992008" />
      <trkpt lat="50.683577" lon="-127.992447" />
      <trkpt lat="50.683864" lon="-127.992807" />
      <trkpt lat="50.684118" lon="-127.993223" />
      <trkpt lat="50.684285" lon="-127.993555" />
      <trkpt lat="50.684416" lon="-127.993901" />
      <trkpt lat="50.684536" lon="-127.994714" />
      <trkpt lat="50.68474" lon="-127.995539" />
      <trkpt lat="50.684779" lon="-127.995868" />
      <trkpt lat="50.684762" lon="-127.996321" />
      <trkpt lat="50.684551" lon="-127.998621" />
      <trkpt lat="50.68452" lon="-127.999869" />
      <trkpt lat="50.684521" lon="-128" />
      <trkpt lat="50.684533" lon="-128.002686" />
      <trkpt lat="50.68449" lon="-128.003772" />
      <trkpt lat="50.684483" lon="-128.003936" />
      <trkpt lat="50.684393" lon="-128.004451" />
      <trkpt lat="50.683572" lon="-128.007105" />
      <trkpt lat="50.683432" lon="-128.007817" />
      <trkpt lat="50.683253" lon="-128.008652" />
      <trkpt lat="50.683175" lon="-128.009158" />
      <trkpt lat="50.683077" lon="-128.010016" />
      <trkpt lat="50.683016" lon="-128.010987" />
      <trkpt lat="50.682995" lon="-128.011629" />
      <trkpt lat="50.682896" lon="-128.012218" />
      <trkpt lat="50.682708" lon="-128.012419" />
      <trkpt lat="50.682572" lon="-128.012483" />
      <trkpt lat="50.682132" lon="-128.012495" />
      <trkpt lat="50.681122" lon="-128.012204" />
      <trkpt lat="50.68031" lon="-128.01189" />
      <trkpt lat="50.679171" lon="-128.011245" />
      <trkpt lat="50.678444" lon="-128.010629" />
      <trkpt lat="50.676867" lon="-128.00885" />
      <trkpt lat="50.676679" lon="-128.008672" />
      <trkpt lat="50.676444" lon="-128.008524" />
      <trkpt lat="50.675891" lon="-128.008265" />
      <trkpt lat="50.675648" lon="-128.008186" />
      <trkpt lat="50.675396" lon="-128.008189" />
      <trkpt lat="50.675106" lon="-128.008243" />
      <trkpt lat="50.674547" lon="-128.008493" />
      <trkpt lat="50.67416" lon="-128.008615" />
      <trkpt lat="50.673776" lon="-128.008779" />
      <trkpt lat="50.672882" lon="-128.008912" />
      <trkpt lat="50.672455" lon="-128.008918" />
      <trkpt lat="50.671735" lon="-128.008765" />
      <trkpt lat="50.671124" lon="-128.008531" />
      <trkpt lat="50.670833" lon="-128.008362" />
      <trkpt lat="50.67056" lon="-128.008101" />
      <trkpt lat="50.670042" lon="-128.007385" />
      <trkpt lat="50.66951" lon="-128.006765" />
      <trkpt lat="50.669363" lon="-128.00666" />
      <trkpt lat="50.669121" lon="-128.006537" />
      <trkpt lat="50.668821" lon="-128.006585" />
      <trkpt lat="50.668561" lon="-128.00673" />
      <trkpt lat="50.668173" lon="-128.006921" />
      <trkpt lat="50.667669" lon="-128.007186" />
      <trkpt lat="50.66746" lon="-128.007383" />
      <trkpt lat="50.667614" lon="-128.0071" />
      <trkpt lat="50.667753" lon="-128.006934" />
      <trkpt lat="50.66828" lon="-128.006355" />
      <trkpt lat="50.668504" lon="-128.006124" />
      <trkpt lat="50.668753" lon="-128.00599" />
      <trkpt lat="50.669014" lon="-128.006017" />
      <trkpt lat="50.669504" lon="-128.006135" />
      <trkpt lat="50.669813" lon="-128.006113" />
      <trkpt lat="50.670623" lon="-128.00607" />
      <trkpt lat="50.670776" lon="-128.005893" />
      <trkpt lat="50.670895" lon="-128.005647" />
      <trkpt lat="50.670922" lon="-128.0054" />
      <trkpt lat="50.670905" lon="-128.005035" />
      <trkpt lat="50.670783" lon="-128.004665" />
      <trkpt lat="50.670456" lon="-128.003613" />
      <trkpt lat="50.670116" lon="-128.002546" />
      <trkpt lat="50.669997" lon="-128.002138" />
      <trkpt lat="50.670021" lon="-128.001403" />
      <trkpt lat="50.669932" lon="-128.000776" />
      <trkpt lat="50.669667" lon="-127.999681" />
      <trkpt lat="50.669344" lon="-127.998802" />
      <trkpt lat="50.669079" lon="-127.998018" />
      <trkpt lat="50.66895" lon="-127.997037" />
      <trkpt lat="50.668848" lon="-127.996463" />
      <trkpt lat="50.668552" lon="-127.995738" />
      <trkpt lat="50.668304" lon="-127.99503" />
      <trkpt lat="50.667998" lon="-127.99436" />
      <trkpt lat="50.667804" lon="-127.994038" />
      <trkpt lat="50.667532" lon="-127.993721" />
      <trkpt lat="50.667206" lon="-127.993308" />
      <trkpt lat="50.666624" lon="-127.992686" />
      <trkpt lat="50.666339" lon="-127.992477" />
      <trkpt lat="50.666019" lon="-127.992278" />
      <trkpt lat="50.665774" lon="-127.992064" />
      <trkpt lat="50.665587" lon="-127.991688" />
      <trkpt lat="50.665512" lon="-127.991324" />
      <trkpt lat="50.665441" lon="-127.991055" />
      <trkpt lat="50.665278" lon="-127.99076" />
      <trkpt lat="50.664717" lon="-127.989757" />
      <trkpt lat="50.664288" lon="-127.989092" />
      <trkpt lat="50.664067" lon="-127.988673" />
      <trkpt lat="50.663717" lon="-127.988008" />
      <trkpt lat="50.663506" lon="-127.987499" />
      <trkpt lat="50.663343" lon="-127.987263" />
      <trkpt lat="50.663105" lon="-127.987059" />
      <trkpt lat="50.662833" lon="-127.986919" />
      <trkpt lat="50.662612" lon="-127.986592" />
      <trkpt lat="50.662438" lon="-127.986227" />
      <trkpt lat="50.662374" lon="-127.986002" />
      <trkpt lat="50.662217" lon="-127.985879" />
      <trkpt lat="50.662075" lon="-127.985825" />
      <trkpt lat="50.661935" lon="-127.985793" />
      <trkpt lat="50.661462" lon="-127.98604" />
      <trkpt lat="50.661177" lon="-127.986163" />
      <trkpt lat="50.660265" lon="-127.98626" />
      <trkpt lat="50.660021" lon="-127.986211" />
      <trkpt lat="50.659823" lon="-127.986099" />
      <trkpt lat="50.659385" lon="-127.985723" />
      <trkpt lat="50.659106" lon="-127.985653" />
      <trkpt lat="50.658575" lon="-127.98523" />
      <trkpt lat="50.657766" lon="-127.984307" />
      <trkpt lat="50.657477" lon="-127.984039" />
      <trkpt lat="50.656929" lon="-127.983373" />
      <trkpt lat="50.656746" lon="-127.983164" />
      <trkpt lat="50.656545" lon="-127.983009" />
      <trkpt lat="50.655967" lon="-127.982832" />
      <trkpt lat="50.655688" lon="-127.98273" />
      <trkpt lat="50.655161" lon="-127.982333" />
      <trkpt lat="50.654885" lon="-127.981946" />
      <trkpt lat="50.654743" lon="-127.981512" />
      <trkpt lat="50.654698" lon="-127.981077" />
      <trkpt lat="50.654749" lon="-127.980643" />
      <trkpt lat="50.654841" lon="-127.980203" />
      <trkpt lat="50.65493" lon="-127.979667" />
      <trkpt lat="50.654926" lon="-127.979152" />
      <trkpt lat="50.654994" lon="-127.978508" />
      <trkpt lat="50.65497" lon="-127.978127" />
      <trkpt lat="50.654838" lon="-127.977864" />
      <trkpt lat="50.654688" lon="-127.977811" />
      <trkpt lat="50.654423" lon="-127.977784" />
      <trkpt lat="50.654069" lon="-127.977902" />
      <trkpt lat="50.653858" lon="-127.9778" />
      <trkpt lat="50.65363" lon="-127.977414" />
      <trkpt lat="50.653437" lon="-127.976765" />
      <trkpt lat="50.653198" lon="-127.975885" />
      <trkpt lat="50.652896" lon="-127.975144" />
      <trkpt lat="50.652811" lon="-127.974517" />
      <trkpt lat="50.652831" lon="-127.973937" />
      <trkpt lat="50.652879" lon="-127.973519" />
      <trkpt lat="50.652981" lon="-127.973106" />
      <trkpt lat="50.652971" lon="-127.972773" />
      <trkpt lat="50.652947" lon="-127.972537" />
      <trkpt lat="50.652865" lon="-127.972366" />
      <trkpt lat="50.65275" lon="-127.972285" />
      <trkpt lat="50.652641" lon="-127.972285" />
      <trkpt lat="50.652532" lon="-127.972382" />
      <trkpt lat="50.652382" lon="-127.972543" />
      <trkpt lat="50.65225" lon="-127.972602" />
      <trkpt lat="50.65212" lon="-127.972586" />
      <trkpt lat="50.651944" lon="-127.972473" />
      <trkpt lat="50.65179" lon="-127.972312" />
      <trkpt lat="50.65161" lon="-127.972242" />
      <trkpt lat="50.651079" lon="-127.972602" />
      <trkpt lat="50.650981" lon="-127.972628" />
      <trkpt lat="50.650817" lon="-127.972612" />
      <trkpt lat="50.650691" lon="-127.972543" />
      <trkpt lat="50.65045" lon="-127.97217" />
      <trkpt lat="50.650198" lon="-127.971726" />
      <trkpt lat="50.650065" lon="-127.971636" />
      <trkpt lat="50.64997" lon="-127.971609" />
      <trkpt lat="50.64997" lon="-127.971609" />
      <trkpt lat="50.649919" lon="-127.971631" />
      <trkpt lat="50.649844" lon="-127.971733" />
      <trkpt lat="50.649807" lon="-127.971926" />
      <trkpt lat="50.649797" lon="-127.972076" />
      <trkpt lat="50.649797" lon="-127.972269" />
      <trkpt lat="50.64981" lon="-127.972446" />
      <trkpt lat="50.649926" lon="-127.973245" />
      <trkpt lat="50.649909" lon="-127.973401" />
      <trkpt lat="50.649885" lon="-127.97346" />
      <trkpt lat="50.649854" lon="-127.973492" />
      <trkpt lat="50.649786" lon="-127.973524" />
      <trkpt lat="50.649715" lon="-127.973492" />
      <trkpt lat="50.649307" lon="-127.973063" />
      <trkpt lat="50.649188" lon="-127.972966" />
      <trkpt lat="50.649045" lon="-127.972913" />
      <trkpt lat="50.648738" lon="-127.972875" />
      <trkpt lat="50.64863" lon="-127.972886" />
      <trkpt lat="50.648493" lon="-127.972983" />
      <trkpt lat="50.648459" lon="-127.973052" />
      <trkpt lat="50.648422" lon="-127.973245" />
      <trkpt lat="50.648405" lon="-127.973621" />
      <trkpt lat="50.648405" lon="-127.973889" />
      <trkpt lat="50.648436" lon="-127.974383" />
      <trkpt lat="50.648432" lon="-127.974501" />
      <trkpt lat="50.648391" lon="-127.97471" />
      <trkpt lat="50.648208" lon="-127.975144" />
      <trkpt lat="50.64818" lon="-127.975305" />
      <trkpt lat="50.648187" lon="-127.975488" />
      <trkpt lat="50.648265" lon="-127.976121" />
      <trkpt lat="50.648259" lon="-127.976314" />
      <trkpt lat="50.648228" lon="-127.976534" />
      <trkpt lat="50.648072" lon="-127.977124" />
      <trkpt lat="50.648044" lon="-127.977317" />
      <trkpt lat="50.648048" lon="-127.977446" />
      <trkpt lat="50.648065" lon="-127.977542" />
      <trkpt lat="50.648238" lon="-127.978132" />
      <trkpt lat="50.648449" lon="-127.979302" />
      <trkpt lat="50.648422" lon="-127.97957" />
      <trkpt lat="50.648493" lon="-127.97994" />
      <trkpt lat="50.648589" lon="-127.980841" />
      <trkpt lat="50.648674" lon="-127.982526" />
      <trkpt lat="50.648701" lon="-127.982719" />
      <trkpt lat="50.648783" lon="-127.982944" />
      <trkpt lat="50.648888" lon="-127.983127" />
      <trkpt lat="50.649358" lon="-127.983711" />
      <trkpt lat="50.649623" lon="-127.984124" />
      <trkpt lat="50.649745" lon="-127.984382" />
      <trkpt lat="50.64979" lon="-127.984613" />
      <trkpt lat="50.649807" lon="-127.986045" />
      <trkpt lat="50.650035" lon="-127.986555" />
      <trkpt lat="50.650246" lon="-127.987145" />
      <trkpt lat="50.650354" lon="-127.987343" />
      <trkpt lat="50.650453" lon="-127.987461" />
      <trkpt lat="50.650708" lon="-127.987719" />
      <trkpt lat="50.650981" lon="-127.987971" />
      <trkpt lat="50.651195" lon="-127.988137" />
      <trkpt lat="50.651242" lon="-127.988142" />
      <trkpt lat="50.6513" lon="-127.988121" />
      <trkpt lat="50.651362" lon="-127.988062" />
      <trkpt lat="50.651409" lon="-127.987971" />
      <trkpt lat="50.65144" lon="-127.987821" />
      <trkpt lat="50.651447" lon="-127.987488" />
      <trkpt lat="50.651389" lon="-127.986404" />
      <trkpt lat="50.651447" lon="-127.987488" />
      <trkpt lat="50.65144" lon="-127.987821" />
      <trkpt lat="50.651409" lon="-127.987971" />
      <trkpt lat="50.651362" lon="-127.988062" />
      <trkpt lat="50.6513" lon="-127.988121" />
      <trkpt lat="50.651242" lon="-127.988142" />
      <trkpt lat="50.651195" lon="-127.988137" />
      <trkpt lat="50.650981" lon="-127.987971" />
      <trkpt lat="50.650708" lon="-127.987719" />
      <trkpt lat="50.650453" lon="-127.987461" />
      <trkpt lat="50.650354" lon="-127.987343" />
      <trkpt lat="50.650246" lon="-127.987145" />
      <trkpt lat="50.650035" lon="-127.986555" />
      <trkpt lat="50.649807" lon="-127.986045" />
      <trkpt lat="50.64979" lon="-127.984613" />
      <trkpt lat="50.649745" lon="-127.984382" />
      <trkpt lat="50.649623" lon="-127.984124" />
      <trkpt lat="50.649358" lon="-127.983711" />
      <trkpt lat="50.648888" lon="-127.983127" />
      <trkpt lat="50.648783" lon="-127.982944" />
      <trkpt lat="50.648701" lon="-127.982719" />
      <trkpt lat="50.648674" lon="-127.982526" />
      <trkpt lat="50.648589" lon="-127.980841" />
      <trkpt lat="50.648493" lon="-127.97994" />
      <trkpt lat="50.648422" lon="-127.97957" />
      <trkpt lat="50.648449" lon="-127.979302" />
      <trkpt lat="50.648238" lon="-127.978132" />
      <trkpt lat="50.648065" lon="-127.977542" />
      <trkpt lat="50.648048" lon="-127.977446" />
      <trkpt lat="50.648044" lon="-127.977317" />
      <trkpt lat="50.648072" lon="-127.977124" />
      <trkpt lat="50.648228" lon="-127.976534" />
      <trkpt lat="50.648259" lon="-127.976314" />
      <trkpt lat="50.648265" lon="-127.976121" />
      <trkpt lat="50.648187" lon="-127.975488" />
      <trkpt lat="50.64818" lon="-127.975305" />
      <trkpt lat="50.648208" lon="-127.975144" />
      <trkpt lat="50.648391" lon="-127.97471" />
      <trkpt lat="50.648432" lon="-127.974501" />
      <trkpt lat="50.648436" lon="-127.974383" />
      <trkpt lat="50.648405" lon="-127.973889" />
      <trkpt lat="50.648405" lon="-127.973621" />
      <trkpt lat="50.648422" lon="-127.973245" />
      <trkpt lat="50.648459" lon="-127.973052" />
      <trkpt lat="50.648493" lon="-127.972983" />
      <trkpt lat="50.64863" lon="-127.972886" />
      <trkpt lat="50.648738" lon="-127.972875" />
      <trkpt lat="50.649045" lon="-127.972913" />
      <trkpt lat="50.649188" lon="-127.972966" />
      <trkpt lat="50.649307" lon="-127.973063" />
      <trkpt lat="50.649715" lon="-127.973492" />
      <trkpt lat="50.649786" lon="-127.973524" />
      <trkpt lat="50.649854" lon="-127.973492" />
      <trkpt lat="50.649885" lon="-127.97346" />
      <trkpt lat="50.649909" lon="-127.973401" />
      <trkpt lat="50.649926" lon="-127.973245" />
      <trkpt lat="50.64981" lon="-127.972446" />
      <trkpt lat="50.649797" lon="-127.972269" />
      <trkpt lat="50.649797" lon="-127.972076" />
      <trkpt lat="50.649807" lon="-127.971926" />
      <trkpt lat="50.649844" lon="-127.971733" />
      <trkpt lat="50.649919" lon="-127.971631" />
      <trkpt lat="50.64997" lon="-127.971609" />
      <trkpt lat="50.650065" lon="-127.971636" />
      <trkpt lat="50.650198" lon="-127.971726" />
      <trkpt lat="50.65045" lon="-127.97217" />
      <trkpt lat="50.650691" lon="-127.972543" />
      <trkpt lat="50.650817" lon="-127.972612" />
      <trkpt lat="50.650981" lon="-127.972628" />
      <trkpt lat="50.651079" lon="-127.972602" />
      <trkpt lat="50.65161" lon="-127.972242" />
      <trkpt lat="50.65179" lon="-127.972312" />
      <trkpt lat="50.651944" lon="-127.972473" />
      <trkpt lat="50.65212" lon="-127.972586" />
      <trkpt lat="50.65225" lon="-127.972602" />
      <trkpt lat="50.652382" lon="-127.972543" />
      <trkpt lat="50.652532" lon="-127.972382" />
      <trkpt lat="50.652641" lon="-127.972285" />
      <trkpt lat="50.65275" lon="-127.972285" />
      <trkpt lat="50.652865" lon="-127.972366" />
      <trkpt lat="50.652947" lon="-127.972537" />
      <trkpt lat="50.652971" lon="-127.972773" />
      <trkpt lat="50.652981" lon="-127.973106" />
      <trkpt lat="50.652879" lon="-127.973519" />
      <trkpt lat="50.652831" lon="-127.973937" />
      <trkpt lat="50.652811" lon="-127.974517" />
      <trkpt lat="50.652896" lon="-127.975144" />
      <trkpt lat="50.653198" lon="-127.975885" />
      <trkpt lat="50.653437" lon="-127.976765" />
      <trkpt lat="50.65363" lon="-127.977414" />
      <trkpt lat="50.653858" lon="-127.9778" />
      <trkpt lat="50.654069" lon="-127.977902" />
      <trkpt lat="50.654423" lon="-127.977784" />
      <trkpt lat="50.654688" lon="-127.977811" />
      <trkpt lat="50.654838" lon="-127.977864" />
      <trkpt lat="50.65497" lon="-127.978127" />
      <trkpt lat="50.654994" lon="-127.978508" />
      <trkpt lat="50.654926" lon="-127.979152" />
      <trkpt lat="50.65493" lon="-127.979667" />
      <trkpt lat="50.654841" lon="-127.980203" />
      <trkpt lat="50.654749" lon="-127.980643" />
      <trkpt lat="50.654698" lon="-127.981077" />
      <trkpt lat="50.654743" lon="-127.981512" />
      <trkpt lat="50.654885" lon="-127.981946" />
      <trkpt lat="50.655161" lon="-127.982333" />
      <trkpt lat="50.655688" lon="-127.98273" />
      <trkpt lat="50.655967" lon="-127.982832" />
      <trkpt lat="50.656545" lon="-127.983009" />
      <trkpt lat="50.656746" lon="-127.983164" />
      <trkpt lat="50.656929" lon="-127.983373" />
      <trkpt lat="50.657477" lon="-127.984039" />
      <trkpt lat="50.657766" lon="-127.984307" />
      <trkpt lat="50.658575" lon="-127.98523" />
      <trkpt lat="50.659106" lon="-127.985653" />
      <trkpt lat="50.659385" lon="-127.985723" />
      <trkpt lat="50.659823" lon="-127.986099" />
      <trkpt lat="50.660021" lon="-127.986211" />
      <trkpt lat="50.660265" lon="-127.98626" />
      <trkpt lat="50.661177" lon="-127.986163" />
      <trkpt lat="50.661462" lon="-127.98604" />
      <trkpt lat="50.661935" lon="-127.985793" />
      <trkpt lat="50.662075" lon="-127.985825" />
      <trkpt lat="50.662217" lon="-127.985879" />
      <trkpt lat="50.662374" lon="-127.986002" />
      <trkpt lat="50.662438" lon="-127.986227" />
      <trkpt lat="50.662612" lon="-127.986592" />
      <trkpt lat="50.662833" lon="-127.986919" />
      <trkpt lat="50.663105" lon="-127.987059" />
      <trkpt lat="50.663343" lon="-127.987263" />
      <trkpt lat="50.663506" lon="-127.987499" />
      <trkpt lat="50.663717" lon="-127.988008" />
      <trkpt lat="50.664067" lon="-127.988673" />
      <trkpt lat="50.664288" lon="-127.989092" />
      <trkpt lat="50.664717" lon="-127.989757" />
      <trkpt lat="50.665278" lon="-127.99076" />
      <trkpt lat="50.665441" lon="-127.991055" />
      <trkpt lat="50.665512" lon="-127.991324" />
      <trkpt lat="50.665587" lon="-127.991688" />
      <trkpt lat="50.665774" lon="-127.992064" />
      <trkpt lat="50.666019" lon="-127.992278" />
      <trkpt lat="50.666339" lon="-127.992477" />
      <trkpt lat="50.666624" lon="-127.992686" />
      <trkpt lat="50.667206" lon="-127.993308" />
      <trkpt lat="50.667532" lon="-127.993721" />
      <trkpt lat="50.667804" lon="-127.994038" />
      <trkpt lat="50.667998" lon="-127.99436" />
      <trkpt lat="50.668304" lon="-127.99503" />
      <trkpt lat="50.668552" lon="-127.995738" />
      <trkpt lat="50.668848" lon="-127.996463" />
      <trkpt lat="50.66895" lon="-127.997037" />
      <trkpt lat="50.669079" lon="-127.998018" />
      <trkpt lat="50.669344" lon="-127.998802" />
      <trkpt lat="50.669667" lon="-127.999681" />
      <trkpt lat="50.669932" lon="-128.000776" />
      <trkpt lat="50.670021" lon="-128.001403" />
      <trkpt lat="50.669997" lon="-128.002138" />
      <trkpt lat="50.670116" lon="-128.002546" />
      <trkpt lat="50.670456" lon="-128.003613" />
      <trkpt lat="50.670783" lon="-128.004665" />
      <trkpt lat="50.670905" lon="-128.005035" />
      <trkpt lat="50.670922" lon="-128.0054" />
      <trkpt lat="50.670895" lon="-128.005647" />
      <trkpt lat="50.670776" lon="-128.005893" />
      <trkpt lat="50.670623" lon="-128.00607" />
      <trkpt lat="50.669813" lon="-128.006113" />
      <trkpt lat="50.669504" lon="-128.006135" />
      <trkpt lat="50.669014" lon="-128.006017" />
      <trkpt lat="50.668753" lon="-128.00599" />
      <trkpt lat="50.668504" lon="-128.006124" />
      <trkpt lat="50.66828" lon="-128.006355" />
      <trkpt lat="50.667753" lon="-128.006934" />
      <trkpt lat="50.667614" lon="-128.0071" />
      <trkpt lat="50.66746" lon="-128.007383" />
      <trkpt lat="50.667377" lon="-128.007544" />
      <trkpt lat="50.66728" lon="-128.007693" />
      <trkpt lat="50.667199" lon="-128.008032" />
      <trkpt lat="50.667118" lon="-128.008469" />
      <trkpt lat="50.667045" lon="-128.008989" />
      <trkpt lat="50.666964" lon="-128.009359" />
      <trkpt lat="50.66702" lon="-128.010873" />
      <trkpt lat="50.667011" lon="-128.011349" />
      <trkpt lat="50.666995" lon="-128.011445" />
      <trkpt lat="50.66697" lon="-128.011853" />
      <trkpt lat="50.666957" lon="-128.013349" />
      <trkpt lat="50.666942" lon="-128.013453" />
      <trkpt lat="50.666806" lon="-128.014369" />
      <trkpt lat="50.666812" lon="-128.014661" />
      <trkpt lat="50.667032" lon="-128.015392" />
      <trkpt lat="50.667124" lon="-128.015781" />
      <trkpt lat="50.667166" lon="-128.016121" />
      <trkpt lat="50.667191" lon="-128.017225" />
      <trkpt lat="50.667176" lon="-128.018053" />
      <trkpt lat="50.667106" lon="-128.01851" />
      <trkpt lat="50.666996" lon="-128.018896" />
      <trkpt lat="50.666843" lon="-128.019167" />
      <trkpt lat="50.666808" lon="-128.019202" />
      <trkpt lat="50.666623" lon="-128.019384" />
      <trkpt lat="50.666464" lon="-128.019446" />
      <trkpt lat="50.66633" lon="-128.019433" />
      <trkpt lat="50.666187" lon="-128.019419" />
      <trkpt lat="50.665945" lon="-128.019291" />
      <trkpt lat="50.665716" lon="-128.019064" />
      <trkpt lat="50.665439" lon="-128.018499" />
      <trkpt lat="50.665159" lon="-128.017573" />
      <trkpt lat="50.664431" lon="-128.016297" />
      <trkpt lat="50.664086" lon="-128.015847" />
      <trkpt lat="50.663716" lon="-128.015511" />
      <trkpt lat="50.663336" lon="-128.015168" />
      <trkpt lat="50.663167" lon="-128.015056" />
      <trkpt lat="50.662731" lon="-128.014862" />
      <trkpt lat="50.662334" lon="-128.014649" />
      <trkpt lat="50.661709" lon="-128.01409" />
      <trkpt lat="50.661497" lon="-128.013871" />
      <trkpt lat="50.661079" lon="-128.013381" />
      <trkpt lat="50.660807" lon="-128.013028" />
      <trkpt lat="50.660262" lon="-128.012372" />
      <trkpt lat="50.65993" lon="-128.012021" />
      <trkpt lat="50.659778" lon="-128.011835" />
      <trkpt lat="50.659031" lon="-128.011028" />
      <trkpt lat="50.658587" lon="-128.010263" />
      <trkpt lat="50.658176" lon="-128.009731" />
      <trkpt lat="50.657751" lon="-128.009062" />
      <trkpt lat="50.65769" lon="-128.008977" />
      <trkpt lat="50.657315" lon="-128.008537" />
      <trkpt lat="50.657027" lon="-128.008498" />
      <trkpt lat="50.656768" lon="-128.008456" />
      <trkpt lat="50.656479" lon="-128.008361" />
      <trkpt lat="50.656328" lon="-128.008245" />
      <trkpt lat="50.656282" lon="-128.008205" />
      <trkpt lat="50.655397" lon="-128.007411" />
      <trkpt lat="50.655169" lon="-128.00725" />
      <trkpt lat="50.6547" lon="-128.006921" />
      <trkpt lat="50.654605" lon="-128.006867" />
      <trkpt lat="50.654483" lon="-128.006862" />
      <trkpt lat="50.654366" lon="-128.006904" />
      <trkpt lat="50.654209" lon="-128.007042" />
      <trkpt lat="50.653934" lon="-128.007353" />
      <trkpt lat="50.653879" lon="-128.0075" />
      <trkpt lat="50.653874" lon="-128.007691" />
      <trkpt lat="50.653913" lon="-128.007913" />
      <trkpt lat="50.653998" lon="-128.008261" />
      <trkpt lat="50.654152" lon="-128.008643" />
      <trkpt lat="50.654145" lon="-128.008773" />
      <trkpt lat="50.654136" lon="-128.009259" />
      <trkpt lat="50.654135" lon="-128.009701" />
      <trkpt lat="50.654175" lon="-128.010089" />
      <trkpt lat="50.654303" lon="-128.010566" />
      <trkpt lat="50.654487" lon="-128.011001" />
      <trkpt lat="50.6546" lon="-128.011251" />
      <trkpt lat="50.654773" lon="-128.011619" />
      <trkpt lat="50.654912" lon="-128.012057" />
      <trkpt lat="50.655073" lon="-128.012348" />
      <trkpt lat="50.655218" lon="-128.012518" />
      <trkpt lat="50.655647" lon="-128.012973" />
      <trkpt lat="50.655885" lon="-128.013291" />
      <trkpt lat="50.656068" lon="-128.013479" />
      <trkpt lat="50.656124" lon="-128.013903" />
      <trkpt lat="50.656193" lon="-128.014493" />
      <trkpt lat="50.65623" lon="-128.015083" />
      <trkpt lat="50.656252" lon="-128.015971" />
      <trkpt lat="50.656351" lon="-128.016596" />
      <trkpt lat="50.656517" lon="-128.01741" />
      <trkpt lat="50.656634" lon="-128.017913" />
      <trkpt lat="50.657044" lon="-128.019303" />
      <trkpt lat="50.657356" lon="-128.019974" />
      <trkpt lat="50.657528" lon="-128.020386" />
      <trkpt lat="50.658069" lon="-128.021769" />
      <trkpt lat="50.658388" lon="-128.022347" />
      <trkpt lat="50.658646" lon="-128.022816" />
      <trkpt lat="50.659164" lon="-128.023636" />
      <trkpt lat="50.659765" lon="-128.024159" />
      <trkpt lat="50.660333" lon="-128.024717" />
      <trkpt lat="50.660543" lon="-128.025026" />
      <trkpt lat="50.660752" lon="-128.025468" />
      <trkpt lat="50.660877" lon="-128.025793" />
      <trkpt lat="50.661118" lon="-128.026328" />
      <trkpt lat="50.661217" lon="-128.026574" />
      <trkpt lat="50.661319" lon="-128.026744" />
      <trkpt lat="50.661434" lon="-128.026833" />
      <trkpt lat="50.661575" lon="-128.026955" />
      <trkpt lat="50.66171" lon="-128.026984" />
      <trkpt lat="50.661957" lon="-128.026981" />
      <trkpt lat="50.66271" lon="-128.027018" />
      <trkpt lat="50.663259" lon="-128.02712" />
      <trkpt lat="50.663594" lon="-128.027275" />
      <trkpt lat="50.663802" lon="-128.02746" />
      <trkpt lat="50.663861" lon="-128.027599" />
      <trkpt lat="50.663882" lon="-128.027726" />
      <trkpt lat="50.663871" lon="-128.027891" />
      <trkpt lat="50.663766" lon="-128.028578" />
      <trkpt lat="50.66371" lon="-128.02906" />
      <trkpt lat="50.663713" lon="-128.029445" />
      <trkpt lat="50.663772" lon="-128.03038" />
      <trkpt lat="50.664218" lon="-128.036899" />
      <trkpt lat="50.664201" lon="-128.037878" />
      <trkpt lat="50.664137" lon="-128.038943" />
      <trkpt lat="50.663486" lon="-128.042841" />
      <trkpt lat="50.662671" lon="-128.050748" />
      <trkpt lat="50.662637" lon="-128.050877" />
      <trkpt lat="50.662331" lon="-128.051287" />
      <trkpt lat="50.662345" lon="-128.051364" />
      <trkpt lat="50.662383" lon="-128.051588" />
      <trkpt lat="50.662485" lon="-128.052135" />
      <trkpt lat="50.662525" lon="-128.052358" />
      <trkpt lat="50.66273" lon="-128.053201" />
      <trkpt lat="50.66402" lon="-128.056327" />
      <trkpt lat="50.664123" lon="-128.056675" />
      <trkpt lat="50.664168" lon="-128.056827" />
      <trkpt lat="50.664228" lon="-128.057093" />
      <trkpt lat="50.66429" lon="-128.057363" />
      <trkpt lat="50.664316" lon="-128.057479" />
      <trkpt lat="50.664343" lon="-128.057652" />
      <trkpt lat="50.664577" lon="-128.059175" />
      <trkpt lat="50.664592" lon="-128.059226" />
      <trkpt lat="50.664731" lon="-128.059702" />
      <trkpt lat="50.664789" lon="-128.05983" />
      <trkpt lat="50.664911" lon="-128.060098" />
      <trkpt lat="50.665095" lon="-128.060346" />
      <trkpt lat="50.665323" lon="-128.060608" />
      <trkpt lat="50.665467" lon="-128.060844" />
      <trkpt lat="50.66559" lon="-128.061113" />
      <trkpt lat="50.665789" lon="-128.06173" />
      <trkpt lat="50.666845" lon="-128.066018" />
      <trkpt lat="50.667243" lon="-128.067444" />
      <trkpt lat="50.667492" lon="-128.068155" />
      <trkpt lat="50.667609" lon="-128.068665" />
      <trkpt lat="50.667684" lon="-128.069207" />
      <trkpt lat="50.667641" lon="-128.069817" />
      <trkpt lat="50.667586" lon="-128.071425" />
      <trkpt lat="50.66764" lon="-128.073262" />
      <trkpt lat="50.6676" lon="-128.07415" />
      <trkpt lat="50.667611" lon="-128.074921" />
      <trkpt lat="50.667682" lon="-128.075511" />
      <trkpt lat="50.667826" lon="-128.075982" />
      <trkpt lat="50.668085" lon="-128.076508" />
      <trkpt lat="50.66847" lon="-128.07709" />
      <trkpt lat="50.668862" lon="-128.07749" />
      <trkpt lat="50.66922" lon="-128.077828" />
      <trkpt lat="50.671088" lon="-128.080169" />
      <trkpt lat="50.671748" lon="-128.08077" />
      <trkpt lat="50.672197" lon="-128.081336" />
      <trkpt lat="50.672442" lon="-128.0818" />
      <trkpt lat="50.672721" lon="-128.082548" />
      <trkpt lat="50.672985" lon="-128.083313" />
      <trkpt lat="50.673244" lon="-128.084246" />
      <trkpt lat="50.673566" lon="-128.085355" />
      <trkpt lat="50.673944" lon="-128.086638" />
      <trkpt lat="50.674032" lon="-128.087148" />
      <trkpt lat="50.674088" lon="-128.087717" />
      <trkpt lat="50.674074" lon="-128.088175" />
      <trkpt lat="50.674033" lon="-128.090692" />
      <trkpt lat="50.673958" lon="-128.09123" />
      <trkpt lat="50.673944" lon="-128.09189" />
      <trkpt lat="50.673967" lon="-128.092611" />
      <trkpt lat="50.673931" lon="-128.093135" />
      <trkpt lat="50.673947" lon="-128.093486" />
      <trkpt lat="50.673905" lon="-128.095052" />
      <trkpt lat="50.673883" lon="-128.095694" />
      <trkpt lat="50.673882" lon="-128.09661" />
      <trkpt lat="50.673808" lon="-128.098955" />
      <trkpt lat="50.673842" lon="-128.099754" />
      <trkpt lat="50.673959" lon="-128.101487" />
      <trkpt lat="50.674033" lon="-128.102556" />
      <trkpt lat="50.674179" lon="-128.103838" />
      <trkpt lat="50.674472" lon="-128.106899" />
      <trkpt lat="50.674754" lon="-128.109482" />
      <trkpt lat="50.674773" lon="-128.109656" />
      <trkpt lat="50.674782" lon="-128.110186" />
      <trkpt lat="50.67479" lon="-128.110668" />
      <trkpt lat="50.674888" lon="-128.111135" />
      <trkpt lat="50.674987" lon="-128.111494" />
      <trkpt lat="50.675158" lon="-128.111817" />
      <trkpt lat="50.675381" lon="-128.112203" />
      <trkpt lat="50.676163" lon="-128.113392" />
      <trkpt lat="50.676392" lon="-128.113653" />
      <trkpt lat="50.676573" lon="-128.113797" />
      <trkpt lat="50.676904" lon="-128.113922" />
      <trkpt lat="50.677629" lon="-128.114029" />
      <trkpt lat="50.678315" lon="-128.114018" />
      <trkpt lat="50.678649" lon="-128.113622" />
      <trkpt lat="50.678838" lon="-128.113316" />
      <trkpt lat="50.679539" lon="-128.111706" />
      <trkpt lat="50.67978" lon="-128.110781" />
      <trkpt lat="50.679943" lon="-128.109971" />
    </trkseg>
  </trk>
</gpx>
