<?xml version="1.0" encoding="UTF-8"?>
<gpx version="1.1"
  creator="BC Backroads research map"
  xmlns="http://www.topografix.com/GPX/1/1"
  xmlns:xsi="http://www.w3.org/2001/XMLSchema-instance"
  xmlns:bcbr="https://konradstaniszewski.com/ns/bc-backroads/1"
  xsi:schemaLocation="http://www.topografix.com/GPX/1/1 http://www.topografix.com/GPX/1/1/gpx.xsd">
  <metadata>
    <name>VI-11 · Telegraph Cove–Sayward</name>
    <desc>Many branches and heavy logging make navigation more difficult than the riding itself. Road geometry derived from OpenStreetMap contributors under ODbL; route selection is an independently authored research overview. Verify land access, closures, gates, weather and field signage.</desc>
    <copyright author="OpenStreetMap contributors">
      <year>2026</year>
      <license>https://opendatacommons.org/licenses/odbl/1-0/</license>
    </copyright>
    <time>2026-09-09T00:00:00Z</time>
  </metadata>
  <trk>
    <name>Telegraph Cove–Sayward</name>
    <type>primary</type>
    <extensions>
      <bcbr:routeId>VI-11</bcbr:routeId>
      <bcbr:geometryPolicy>link-only</bcbr:geometryPolicy>
      <bcbr:geometrySource>OpenStreetMap road routing</bcbr:geometrySource>
      <bcbr:geometryUpdatedAt>2026-09-09</bcbr:geometryUpdatedAt>
      <bcbr:pointCount>3540</bcbr:pointCount>
    </extensions>
    <trkseg>
      <trkpt lat="50.547943" lon="-126.830864" />
      <trkpt lat="50.547433" lon="-126.831394" />
      <trkpt lat="50.547121" lon="-126.83171" />
      <trkpt lat="50.546852" lon="-126.83186" />
      <trkpt lat="50.546764" lon="-126.831908" />
      <trkpt lat="50.546535" lon="-126.831962" />
      <trkpt lat="50.54652" lon="-126.832161" />
      <trkpt lat="50.546434" lon="-126.832309" />
      <trkpt lat="50.546026" lon="-126.832555" />
      <trkpt lat="50.545411" lon="-126.83255" />
      <trkpt lat="50.545372" lon="-126.832507" />
      <trkpt lat="50.545372" lon="-126.832435" />
      <trkpt lat="50.54541" lon="-126.832384" />
      <trkpt lat="50.545619" lon="-126.83222" />
      <trkpt lat="50.545636" lon="-126.832143" />
      <trkpt lat="50.545619" lon="-126.832075" />
      <trkpt lat="50.545566" lon="-126.832008" />
      <trkpt lat="50.545507" lon="-126.83199" />
      <trkpt lat="50.545069" lon="-126.832261" />
      <trkpt lat="50.544766" lon="-126.832225" />
      <trkpt lat="50.54479" lon="-126.832749" />
      <trkpt lat="50.544801" lon="-126.832929" />
      <trkpt lat="50.544723" lon="-126.833272" />
      <trkpt lat="50.54469" lon="-126.833592" />
      <trkpt lat="50.544774" lon="-126.834208" />
      <trkpt lat="50.544749" lon="-126.834546" />
      <trkpt lat="50.544676" lon="-126.834806" />
      <trkpt lat="50.544503" lon="-126.835155" />
      <trkpt lat="50.544325" lon="-126.835513" />
      <trkpt lat="50.544148" lon="-126.835763" />
      <trkpt lat="50.543803" lon="-126.836103" />
      <trkpt lat="50.543722" lon="-126.83623" />
      <trkpt lat="50.543652" lon="-126.836447" />
      <trkpt lat="50.543581" lon="-126.836647" />
      <trkpt lat="50.543529" lon="-126.836953" />
      <trkpt lat="50.543525" lon="-126.837523" />
      <trkpt lat="50.543466" lon="-126.837766" />
      <trkpt lat="50.543021" lon="-126.838684" />
      <trkpt lat="50.542751" lon="-126.839522" />
      <trkpt lat="50.542571" lon="-126.840289" />
      <trkpt lat="50.542141" lon="-126.841569" />
      <trkpt lat="50.542049" lon="-126.841727" />
      <trkpt lat="50.541895" lon="-126.841844" />
      <trkpt lat="50.541239" lon="-126.842036" />
      <trkpt lat="50.54098" lon="-126.842235" />
      <trkpt lat="50.540461" lon="-126.842736" />
      <trkpt lat="50.540409" lon="-126.842776" />
      <trkpt lat="50.540353" lon="-126.842843" />
      <trkpt lat="50.54014" lon="-126.843044" />
      <trkpt lat="50.539825" lon="-126.843395" />
      <trkpt lat="50.539187" lon="-126.844091" />
      <trkpt lat="50.538833" lon="-126.844815" />
      <trkpt lat="50.538492" lon="-126.845095" />
      <trkpt lat="50.538295" lon="-126.845241" />
      <trkpt lat="50.538113" lon="-126.845302" />
      <trkpt lat="50.537657" lon="-126.845241" />
      <trkpt lat="50.537395" lon="-126.845307" />
      <trkpt lat="50.536915" lon="-126.845676" />
      <trkpt lat="50.536517" lon="-126.84596" />
      <trkpt lat="50.536284" lon="-126.84623" />
      <trkpt lat="50.536131" lon="-126.84642" />
      <trkpt lat="50.536017" lon="-126.846632" />
      <trkpt lat="50.535934" lon="-126.84686" />
      <trkpt lat="50.535742" lon="-126.847766" />
      <trkpt lat="50.535432" lon="-126.848657" />
      <trkpt lat="50.535288" lon="-126.849283" />
      <trkpt lat="50.53516" lon="-126.850299" />
      <trkpt lat="50.534984" lon="-126.851438" />
      <trkpt lat="50.534833" lon="-126.852308" />
      <trkpt lat="50.534778" lon="-126.852707" />
      <trkpt lat="50.534754" lon="-126.85334" />
      <trkpt lat="50.534664" lon="-126.853809" />
      <trkpt lat="50.534607" lon="-126.854142" />
      <trkpt lat="50.534572" lon="-126.854863" />
      <trkpt lat="50.53436" lon="-126.854704" />
      <trkpt lat="50.534196" lon="-126.854767" />
      <trkpt lat="50.533899" lon="-126.855077" />
      <trkpt lat="50.533722" lon="-126.855228" />
      <trkpt lat="50.533438" lon="-126.855247" />
      <trkpt lat="50.533202" lon="-126.85517" />
      <trkpt lat="50.532901" lon="-126.855086" />
      <trkpt lat="50.532811" lon="-126.855007" />
      <trkpt lat="50.532471" lon="-126.855011" />
      <trkpt lat="50.531909" lon="-126.855266" />
      <trkpt lat="50.531318" lon="-126.855644" />
      <trkpt lat="50.530772" lon="-126.856021" />
      <trkpt lat="50.53025" lon="-126.856787" />
      <trkpt lat="50.530023" lon="-126.857125" />
      <trkpt lat="50.52975" lon="-126.857326" />
      <trkpt lat="50.529591" lon="-126.857359" />
      <trkpt lat="50.529112" lon="-126.857424" />
      <trkpt lat="50.528959" lon="-126.857543" />
      <trkpt lat="50.528605" lon="-126.858124" />
      <trkpt lat="50.528331" lon="-126.858447" />
      <trkpt lat="50.52809" lon="-126.858458" />
      <trkpt lat="50.527625" lon="-126.858265" />
      <trkpt lat="50.52739" lon="-126.858294" />
      <trkpt lat="50.527138" lon="-126.858502" />
      <trkpt lat="50.526692" lon="-126.858836" />
      <trkpt lat="50.52613" lon="-126.858771" />
      <trkpt lat="50.524773" lon="-126.858249" />
      <trkpt lat="50.524532" lon="-126.858157" />
      <trkpt lat="50.523966" lon="-126.85809" />
      <trkpt lat="50.523339" lon="-126.858243" />
      <trkpt lat="50.522619" lon="-126.858437" />
      <trkpt lat="50.522158" lon="-126.858616" />
      <trkpt lat="50.521659" lon="-126.858954" />
      <trkpt lat="50.521281" lon="-126.859192" />
      <trkpt lat="50.521" lon="-126.859256" />
      <trkpt lat="50.520663" lon="-126.859245" />
      <trkpt lat="50.52044" lon="-126.859152" />
      <trkpt lat="50.519826" lon="-126.858766" />
      <trkpt lat="50.519485" lon="-126.858631" />
      <trkpt lat="50.519225" lon="-126.858584" />
      <trkpt lat="50.518976" lon="-126.85861" />
      <trkpt lat="50.518764" lon="-126.858663" />
      <trkpt lat="50.518489" lon="-126.858798" />
      <trkpt lat="50.517491" lon="-126.859676" />
      <trkpt lat="50.516961" lon="-126.860097" />
      <trkpt lat="50.516317" lon="-126.860368" />
      <trkpt lat="50.515521" lon="-126.860573" />
      <trkpt lat="50.514972" lon="-126.860777" />
      <trkpt lat="50.514825" lon="-126.860848" />
      <trkpt lat="50.514047" lon="-126.861198" />
      <trkpt lat="50.513495" lon="-126.86147" />
      <trkpt lat="50.513203" lon="-126.861596" />
      <trkpt lat="50.512894" lon="-126.861683" />
      <trkpt lat="50.512406" lon="-126.861672" />
      <trkpt lat="50.511775" lon="-126.861718" />
      <trkpt lat="50.511281" lon="-126.861651" />
      <trkpt lat="50.511185" lon="-126.861642" />
      <trkpt lat="50.510624" lon="-126.86162" />
      <trkpt lat="50.510096" lon="-126.8615" />
      <trkpt lat="50.509335" lon="-126.861079" />
      <trkpt lat="50.508155" lon="-126.860454" />
      <trkpt lat="50.507695" lon="-126.86026" />
      <trkpt lat="50.50738" lon="-126.860218" />
      <trkpt lat="50.507057" lon="-126.860477" />
      <trkpt lat="50.506728" lon="-126.861263" />
      <trkpt lat="50.506317" lon="-126.862482" />
      <trkpt lat="50.506158" lon="-126.862746" />
      <trkpt lat="50.505891" lon="-126.863193" />
      <trkpt lat="50.505077" lon="-126.8638" />
      <trkpt lat="50.503929" lon="-126.864757" />
      <trkpt lat="50.50266" lon="-126.865771" />
      <trkpt lat="50.502445" lon="-126.865807" />
      <trkpt lat="50.5024" lon="-126.865814" />
      <trkpt lat="50.502194" lon="-126.865739" />
      <trkpt lat="50.50113" lon="-126.864714" />
      <trkpt lat="50.500708" lon="-126.864334" />
      <trkpt lat="50.499978" lon="-126.863938" />
      <trkpt lat="50.498578" lon="-126.863075" />
      <trkpt lat="50.498155" lon="-126.862768" />
      <trkpt lat="50.497638" lon="-126.86259" />
      <trkpt lat="50.49707" lon="-126.862428" />
      <trkpt lat="50.496784" lon="-126.862146" />
      <trkpt lat="50.496397" lon="-126.861846" />
      <trkpt lat="50.495087" lon="-126.860789" />
      <trkpt lat="50.494551" lon="-126.86026" />
      <trkpt lat="50.494286" lon="-126.859807" />
      <trkpt lat="50.493906" lon="-126.858803" />
      <trkpt lat="50.493747" lon="-126.858251" />
      <trkpt lat="50.493693" lon="-126.857509" />
      <trkpt lat="50.493583" lon="-126.856942" />
      <trkpt lat="50.493289" lon="-126.856216" />
      <trkpt lat="50.493119" lon="-126.855821" />
      <trkpt lat="50.492911" lon="-126.855449" />
      <trkpt lat="50.491971" lon="-126.853875" />
      <trkpt lat="50.491038" lon="-126.8523" />
      <trkpt lat="50.490674" lon="-126.851737" />
      <trkpt lat="50.489904" lon="-126.849614" />
      <trkpt lat="50.489781" lon="-126.848949" />
      <trkpt lat="50.489597" lon="-126.848385" />
      <trkpt lat="50.489206" lon="-126.847274" />
      <trkpt lat="50.488822" lon="-126.846422" />
      <trkpt lat="50.488232" lon="-126.845494" />
      <trkpt lat="50.487628" lon="-126.844663" />
      <trkpt lat="50.487387" lon="-126.844006" />
      <trkpt lat="50.487086" lon="-126.843026" />
      <trkpt lat="50.487126" lon="-126.84263" />
      <trkpt lat="50.487271" lon="-126.842334" />
      <trkpt lat="50.487351" lon="-126.841997" />
      <trkpt lat="50.487353" lon="-126.841612" />
      <trkpt lat="50.487264" lon="-126.841233" />
      <trkpt lat="50.487195" lon="-126.84064" />
      <trkpt lat="50.48709" lon="-126.840292" />
      <trkpt lat="50.486845" lon="-126.840048" />
      <trkpt lat="50.48548" lon="-126.839433" />
      <trkpt lat="50.484306" lon="-126.838872" />
      <trkpt lat="50.483407" lon="-126.838452" />
      <trkpt lat="50.483092" lon="-126.838149" />
      <trkpt lat="50.482927" lon="-126.837781" />
      <trkpt lat="50.482872" lon="-126.837545" />
      <trkpt lat="50.482757" lon="-126.836493" />
      <trkpt lat="50.482769" lon="-126.836081" />
      <trkpt lat="50.482934" lon="-126.835767" />
      <trkpt lat="50.48303" lon="-126.835334" />
      <trkpt lat="50.48305" lon="-126.834719" />
      <trkpt lat="50.482968" lon="-126.834105" />
      <trkpt lat="50.482845" lon="-126.833769" />
      <trkpt lat="50.482832" lon="-126.833446" />
      <trkpt lat="50.482852" lon="-126.833103" />
      <trkpt lat="50.482968" lon="-126.832684" />
      <trkpt lat="50.483133" lon="-126.831874" />
      <trkpt lat="50.483181" lon="-126.8313" />
      <trkpt lat="50.483194" lon="-126.830802" />
      <trkpt lat="50.483071" lon="-126.829981" />
      <trkpt lat="50.482899" lon="-126.829683" />
      <trkpt lat="50.482426" lon="-126.829036" />
      <trkpt lat="50.481849" lon="-126.828432" />
      <trkpt lat="50.481576" lon="-126.828232" />
      <trkpt lat="50.481136" lon="-126.827677" />
      <trkpt lat="50.480779" lon="-126.827041" />
      <trkpt lat="50.480525" lon="-126.826351" />
      <trkpt lat="50.480497" lon="-126.825682" />
      <trkpt lat="50.48047" lon="-126.82511" />
      <trkpt lat="50.480593" lon="-126.824484" />
      <trkpt lat="50.480627" lon="-126.824138" />
      <trkpt lat="50.480586" lon="-126.823661" />
      <trkpt lat="50.480381" lon="-126.823308" />
      <trkpt lat="50.479852" lon="-126.822662" />
      <trkpt lat="50.479715" lon="-126.822306" />
      <trkpt lat="50.479534" lon="-126.821998" />
      <trkpt lat="50.479344" lon="-126.821853" />
      <trkpt lat="50.478445" lon="-126.821259" />
      <trkpt lat="50.478257" lon="-126.821194" />
      <trkpt lat="50.4778" lon="-126.821205" />
      <trkpt lat="50.477286" lon="-126.820818" />
      <trkpt lat="50.476613" lon="-126.820483" />
      <trkpt lat="50.475824" lon="-126.819685" />
      <trkpt lat="50.47535" lon="-126.818855" />
      <trkpt lat="50.474622" lon="-126.817615" />
      <trkpt lat="50.474272" lon="-126.817269" />
      <trkpt lat="50.472707" lon="-126.816159" />
      <trkpt lat="50.472199" lon="-126.815846" />
      <trkpt lat="50.470812" lon="-126.815662" />
      <trkpt lat="50.470105" lon="-126.815543" />
      <trkpt lat="50.469563" lon="-126.815096" />
      <trkpt lat="50.468952" lon="-126.81413" />
      <trkpt lat="50.468341" lon="-126.813406" />
      <trkpt lat="50.467611" lon="-126.811795" />
      <trkpt lat="50.467092" lon="-126.811143" />
      <trkpt lat="50.46638" lon="-126.810213" />
      <trkpt lat="50.466266" lon="-126.810019" />
      <trkpt lat="50.465867" lon="-126.809054" />
      <trkpt lat="50.465709" lon="-126.808347" />
      <trkpt lat="50.465229" lon="-126.807206" />
      <trkpt lat="50.464912" lon="-126.806833" />
      <trkpt lat="50.464666" lon="-126.806634" />
      <trkpt lat="50.463855" lon="-126.805524" />
      <trkpt lat="50.463521" lon="-126.804855" />
      <trkpt lat="50.463387" lon="-126.804295" />
      <trkpt lat="50.463417" lon="-126.803803" />
      <trkpt lat="50.463508" lon="-126.80348" />
      <trkpt lat="50.463544" lon="-126.803233" />
      <trkpt lat="50.463525" lon="-126.802968" />
      <trkpt lat="50.463448" lon="-126.802764" />
      <trkpt lat="50.463152" lon="-126.802582" />
      <trkpt lat="50.46254" lon="-126.802226" />
      <trkpt lat="50.462058" lon="-126.801908" />
      <trkpt lat="50.461834" lon="-126.801667" />
      <trkpt lat="50.461551" lon="-126.801462" />
      <trkpt lat="50.461189" lon="-126.801332" />
      <trkpt lat="50.460735" lon="-126.801142" />
      <trkpt lat="50.460386" lon="-126.801077" />
      <trkpt lat="50.459686" lon="-126.800836" />
      <trkpt lat="50.459297" lon="-126.800793" />
      <trkpt lat="50.459082" lon="-126.80075" />
      <trkpt lat="50.459007" lon="-126.800723" />
      <trkpt lat="50.458935" lon="-126.800675" />
      <trkpt lat="50.458856" lon="-126.800568" />
      <trkpt lat="50.458638" lon="-126.80002" />
      <trkpt lat="50.458119" lon="-126.799221" />
      <trkpt lat="50.457524" lon="-126.798036" />
      <trkpt lat="50.455844" lon="-126.79553" />
      <trkpt lat="50.455656" lon="-126.795209" />
      <trkpt lat="50.455509" lon="-126.794801" />
      <trkpt lat="50.455369" lon="-126.794629" />
      <trkpt lat="50.455229" lon="-126.794608" />
      <trkpt lat="50.454847" lon="-126.794597" />
      <trkpt lat="50.454324" lon="-126.794393" />
      <trkpt lat="50.454143" lon="-126.794302" />
      <trkpt lat="50.45401" lon="-126.794173" />
      <trkpt lat="50.453928" lon="-126.794066" />
      <trkpt lat="50.45346" lon="-126.79332" />
      <trkpt lat="50.453398" lon="-126.793261" />
      <trkpt lat="50.453286" lon="-126.793197" />
      <trkpt lat="50.453132" lon="-126.793181" />
      <trkpt lat="50.453057" lon="-126.793143" />
      <trkpt lat="50.452992" lon="-126.793079" />
      <trkpt lat="50.452825" lon="-126.792859" />
      <trkpt lat="50.452736" lon="-126.792693" />
      <trkpt lat="50.452685" lon="-126.792516" />
      <trkpt lat="50.452596" lon="-126.791936" />
      <trkpt lat="50.45251" lon="-126.791384" />
      <trkpt lat="50.452442" lon="-126.791089" />
      <trkpt lat="50.45236" lon="-126.790879" />
      <trkpt lat="50.452172" lon="-126.790601" />
      <trkpt lat="50.451581" lon="-126.789984" />
      <trkpt lat="50.451165" lon="-126.789436" />
      <trkpt lat="50.451008" lon="-126.78919" />
      <trkpt lat="50.450594" lon="-126.788471" />
      <trkpt lat="50.450454" lon="-126.78816" />
      <trkpt lat="50.449829" lon="-126.786856" />
      <trkpt lat="50.44943" lon="-126.785982" />
      <trkpt lat="50.449098" lon="-126.785478" />
      <trkpt lat="50.448968" lon="-126.785338" />
      <trkpt lat="50.448876" lon="-126.785274" />
      <trkpt lat="50.448326" lon="-126.785032" />
      <trkpt lat="50.447711" lon="-126.784678" />
      <trkpt lat="50.447165" lon="-126.784287" />
      <trkpt lat="50.446366" lon="-126.783895" />
      <trkpt lat="50.446086" lon="-126.783241" />
      <trkpt lat="50.445851" lon="-126.782141" />
      <trkpt lat="50.445629" lon="-126.781154" />
      <trkpt lat="50.445544" lon="-126.780408" />
      <trkpt lat="50.445441" lon="-126.779807" />
      <trkpt lat="50.445021" lon="-126.778214" />
      <trkpt lat="50.444891" lon="-126.777994" />
      <trkpt lat="50.444607" lon="-126.777672" />
      <trkpt lat="50.444464" lon="-126.777468" />
      <trkpt lat="50.444187" lon="-126.776846" />
      <trkpt lat="50.443907" lon="-126.776369" />
      <trkpt lat="50.443784" lon="-126.776106" />
      <trkpt lat="50.443685" lon="-126.775795" />
      <trkpt lat="50.443353" lon="-126.774545" />
      <trkpt lat="50.4432" lon="-126.773799" />
      <trkpt lat="50.44295" lon="-126.772978" />
      <trkpt lat="50.442902" lon="-126.772882" />
      <trkpt lat="50.44268" lon="-126.772528" />
      <trkpt lat="50.44253" lon="-126.772233" />
      <trkpt lat="50.442431" lon="-126.77197" />
      <trkpt lat="50.442366" lon="-126.771739" />
      <trkpt lat="50.442342" lon="-126.771557" />
      <trkpt lat="50.442345" lon="-126.771262" />
      <trkpt lat="50.442386" lon="-126.77094" />
      <trkpt lat="50.442485" lon="-126.770398" />
      <trkpt lat="50.44252" lon="-126.770135" />
      <trkpt lat="50.44254" lon="-126.769862" />
      <trkpt lat="50.442537" lon="-126.76962" />
      <trkpt lat="50.442475" lon="-126.769121" />
      <trkpt lat="50.442482" lon="-126.768934" />
      <trkpt lat="50.442513" lon="-126.768569" />
      <trkpt lat="50.442612" lon="-126.767818" />
      <trkpt lat="50.442625" lon="-126.767614" />
      <trkpt lat="50.442619" lon="-126.767442" />
      <trkpt lat="50.442588" lon="-126.767179" />
      <trkpt lat="50.442506" lon="-126.766788" />
      <trkpt lat="50.442318" lon="-126.76616" />
      <trkpt lat="50.44212" lon="-126.765565" />
      <trkpt lat="50.442031" lon="-126.765087" />
      <trkpt lat="50.44198" lon="-126.764937" />
      <trkpt lat="50.441788" lon="-126.764583" />
      <trkpt lat="50.44172" lon="-126.764433" />
      <trkpt lat="50.441669" lon="-126.764256" />
      <trkpt lat="50.441617" lon="-126.763709" />
      <trkpt lat="50.441494" lon="-126.762899" />
      <trkpt lat="50.441464" lon="-126.76263" />
      <trkpt lat="50.441453" lon="-126.762346" />
      <trkpt lat="50.44146" lon="-126.761606" />
      <trkpt lat="50.44145" lon="-126.761284" />
      <trkpt lat="50.441385" lon="-126.760544" />
      <trkpt lat="50.441361" lon="-126.760383" />
      <trkpt lat="50.441313" lon="-126.760179" />
      <trkpt lat="50.44116" lon="-126.759664" />
      <trkpt lat="50.441064" lon="-126.759272" />
      <trkpt lat="50.440999" lon="-126.759058" />
      <trkpt lat="50.440914" lon="-126.758854" />
      <trkpt lat="50.440835" lon="-126.758725" />
      <trkpt lat="50.440633" lon="-126.758473" />
      <trkpt lat="50.440538" lon="-126.758376" />
      <trkpt lat="50.440141" lon="-126.758076" />
      <trkpt lat="50.439964" lon="-126.757979" />
      <trkpt lat="50.439619" lon="-126.757963" />
      <trkpt lat="50.439543" lon="-126.757937" />
      <trkpt lat="50.439478" lon="-126.757888" />
      <trkpt lat="50.439383" lon="-126.757786" />
      <trkpt lat="50.439191" lon="-126.757507" />
      <trkpt lat="50.439092" lon="-126.757336" />
      <trkpt lat="50.439" lon="-126.757105" />
      <trkpt lat="50.438973" lon="-126.756982" />
      <trkpt lat="50.438921" lon="-126.756574" />
      <trkpt lat="50.438836" lon="-126.756038" />
      <trkpt lat="50.438833" lon="-126.755952" />
      <trkpt lat="50.438884" lon="-126.755769" />
      <trkpt lat="50.438939" lon="-126.755678" />
      <trkpt lat="50.438993" lon="-126.75563" />
      <trkpt lat="50.439492" lon="-126.755608" />
      <trkpt lat="50.439697" lon="-126.755571" />
      <trkpt lat="50.439967" lon="-126.755533" />
      <trkpt lat="50.440227" lon="-126.755437" />
      <trkpt lat="50.440432" lon="-126.755346" />
      <trkpt lat="50.440596" lon="-126.755249" />
      <trkpt lat="50.440681" lon="-126.755163" />
      <trkpt lat="50.440756" lon="-126.755061" />
      <trkpt lat="50.440828" lon="-126.754906" />
      <trkpt lat="50.440859" lon="-126.754718" />
      <trkpt lat="50.440855" lon="-126.754589" />
      <trkpt lat="50.440818" lon="-126.754294" />
      <trkpt lat="50.440756" lon="-126.753961" />
      <trkpt lat="50.440531" lon="-126.753162" />
      <trkpt lat="50.440422" lon="-126.752867" />
      <trkpt lat="50.440107" lon="-126.752234" />
      <trkpt lat="50.439772" lon="-126.751757" />
      <trkpt lat="50.439724" lon="-126.751542" />
      <trkpt lat="50.439714" lon="-126.751263" />
      <trkpt lat="50.43969" lon="-126.75107" />
      <trkpt lat="50.439653" lon="-126.750941" />
      <trkpt lat="50.439564" lon="-126.750732" />
      <trkpt lat="50.439475" lon="-126.750582" />
      <trkpt lat="50.439345" lon="-126.750453" />
      <trkpt lat="50.439232" lon="-126.750394" />
      <trkpt lat="50.438986" lon="-126.750351" />
      <trkpt lat="50.43888" lon="-126.750298" />
      <trkpt lat="50.438768" lon="-126.750142" />
      <trkpt lat="50.438658" lon="-126.749927" />
      <trkpt lat="50.438604" lon="-126.749858" />
      <trkpt lat="50.438344" lon="-126.749691" />
      <trkpt lat="50.4383" lon="-126.749632" />
      <trkpt lat="50.438265" lon="-126.749557" />
      <trkpt lat="50.438231" lon="-126.749429" />
      <trkpt lat="50.438214" lon="-126.749235" />
      <trkpt lat="50.43832" lon="-126.748409" />
      <trkpt lat="50.438317" lon="-126.74827" />
      <trkpt lat="50.438289" lon="-126.748136" />
      <trkpt lat="50.438245" lon="-126.748045" />
      <trkpt lat="50.43818" lon="-126.747975" />
      <trkpt lat="50.437746" lon="-126.747739" />
      <trkpt lat="50.437626" lon="-126.747621" />
      <trkpt lat="50.437527" lon="-126.747497" />
      <trkpt lat="50.437459" lon="-126.747333" />
      <trkpt lat="50.437377" lon="-126.747025" />
      <trkpt lat="50.437316" lon="-126.746628" />
      <trkpt lat="50.437121" lon="-126.746242" />
      <trkpt lat="50.437049" lon="-126.745969" />
      <trkpt lat="50.436953" lon="-126.744729" />
      <trkpt lat="50.436957" lon="-126.744547" />
      <trkpt lat="50.437005" lon="-126.743823" />
      <trkpt lat="50.437001" lon="-126.743453" />
      <trkpt lat="50.436991" lon="-126.743313" />
      <trkpt lat="50.436964" lon="-126.743163" />
      <trkpt lat="50.436882" lon="-126.742852" />
      <trkpt lat="50.436762" lon="-126.7426" />
      <trkpt lat="50.436383" lon="-126.742015" />
      <trkpt lat="50.43626" lon="-126.741811" />
      <trkpt lat="50.435843" lon="-126.740883" />
      <trkpt lat="50.435761" lon="-126.740727" />
      <trkpt lat="50.435645" lon="-126.74055" />
      <trkpt lat="50.435494" lon="-126.740395" />
      <trkpt lat="50.435399" lon="-126.74033" />
      <trkpt lat="50.435176" lon="-126.740223" />
      <trkpt lat="50.434701" lon="-126.74003" />
      <trkpt lat="50.434401" lon="-126.739869" />
      <trkpt lat="50.434298" lon="-126.739794" />
      <trkpt lat="50.43398" lon="-126.739365" />
      <trkpt lat="50.43385" lon="-126.738896" />
      <trkpt lat="50.433815" lon="-126.738305" />
      <trkpt lat="50.433789" lon="-126.737884" />
      <trkpt lat="50.433738" lon="-126.737713" />
      <trkpt lat="50.433666" lon="-126.737584" />
      <trkpt lat="50.433492" lon="-126.73738" />
      <trkpt lat="50.433417" lon="-126.737251" />
      <trkpt lat="50.433349" lon="-126.73708" />
      <trkpt lat="50.433321" lon="-126.736849" />
      <trkpt lat="50.433318" lon="-126.736667" />
      <trkpt lat="50.433335" lon="-126.736522" />
      <trkpt lat="50.433492" lon="-126.735841" />
      <trkpt lat="50.433502" lon="-126.735717" />
      <trkpt lat="50.433482" lon="-126.735556" />
      <trkpt lat="50.433386" lon="-126.735352" />
      <trkpt lat="50.433123" lon="-126.735122" />
      <trkpt lat="50.43298" lon="-126.734843" />
      <trkpt lat="50.432737" lon="-126.734129" />
      <trkpt lat="50.432402" lon="-126.733571" />
      <trkpt lat="50.43233" lon="-126.733437" />
      <trkpt lat="50.432112" lon="-126.732836" />
      <trkpt lat="50.43205" lon="-126.732246" />
      <trkpt lat="50.431968" lon="-126.731876" />
      <trkpt lat="50.431852" lon="-126.731447" />
      <trkpt lat="50.431866" lon="-126.731222" />
      <trkpt lat="50.431913" lon="-126.730937" />
      <trkpt lat="50.431934" lon="-126.730723" />
      <trkpt lat="50.431927" lon="-126.730605" />
      <trkpt lat="50.4319" lon="-126.730487" />
      <trkpt lat="50.431855" lon="-126.73039" />
      <trkpt lat="50.431804" lon="-126.73032" />
      <trkpt lat="50.431626" lon="-126.730143" />
      <trkpt lat="50.431223" lon="-126.729859" />
      <trkpt lat="50.430782" lon="-126.729596" />
      <trkpt lat="50.430635" lon="-126.729435" />
      <trkpt lat="50.430482" lon="-126.729156" />
      <trkpt lat="50.430403" lon="-126.728926" />
      <trkpt lat="50.430365" lon="-126.728625" />
      <trkpt lat="50.430335" lon="-126.728148" />
      <trkpt lat="50.43029" lon="-126.728025" />
      <trkpt lat="50.430208" lon="-126.727869" />
      <trkpt lat="50.429826" lon="-126.72729" />
      <trkpt lat="50.429491" lon="-126.726834" />
      <trkpt lat="50.428417" lon="-126.725611" />
      <trkpt lat="50.427693" lon="-126.724651" />
      <trkpt lat="50.427207" lon="-126.72409" />
      <trkpt lat="50.426414" lon="-126.723272" />
      <trkpt lat="50.426024" lon="-126.722896" />
      <trkpt lat="50.425847" lon="-126.722676" />
      <trkpt lat="50.425737" lon="-126.722505" />
      <trkpt lat="50.425662" lon="-126.722301" />
      <trkpt lat="50.425525" lon="-126.721743" />
      <trkpt lat="50.425433" lon="-126.721367" />
      <trkpt lat="50.425307" lon="-126.72067" />
      <trkpt lat="50.425266" lon="-126.7203" />
      <trkpt lat="50.425272" lon="-126.720139" />
      <trkpt lat="50.42531" lon="-126.719903" />
      <trkpt lat="50.425385" lon="-126.719608" />
      <trkpt lat="50.425495" lon="-126.719264" />
      <trkpt lat="50.425566" lon="-126.71905" />
      <trkpt lat="50.425607" lon="-126.718868" />
      <trkpt lat="50.425607" lon="-126.718712" />
      <trkpt lat="50.42556" lon="-126.718471" />
      <trkpt lat="50.425471" lon="-126.718261" />
      <trkpt lat="50.425252" lon="-126.717854" />
      <trkpt lat="50.425139" lon="-126.717591" />
      <trkpt lat="50.424951" lon="-126.717049" />
      <trkpt lat="50.424749" lon="-126.716716" />
      <trkpt lat="50.424685" lon="-126.716566" />
      <trkpt lat="50.42465" lon="-126.716416" />
      <trkpt lat="50.42463" lon="-126.716228" />
      <trkpt lat="50.424609" lon="-126.715466" />
      <trkpt lat="50.424572" lon="-126.715236" />
      <trkpt lat="50.424449" lon="-126.714812" />
      <trkpt lat="50.423922" lon="-126.713541" />
      <trkpt lat="50.423833" lon="-126.713208" />
      <trkpt lat="50.423768" lon="-126.712886" />
      <trkpt lat="50.423673" lon="-126.712521" />
      <trkpt lat="50.423526" lon="-126.712039" />
      <trkpt lat="50.423468" lon="-126.711899" />
      <trkpt lat="50.423327" lon="-126.711674" />
      <trkpt lat="50.423146" lon="-126.711454" />
      <trkpt lat="50.42301" lon="-126.71133" />
      <trkpt lat="50.422528" lon="-126.711046" />
      <trkpt lat="50.42234" lon="-126.710896" />
      <trkpt lat="50.422217" lon="-126.71073" />
      <trkpt lat="50.42216" lon="-126.710585" />
      <trkpt lat="50.422128" lon="-126.710392" />
      <trkpt lat="50.422117" lon="-126.710182" />
      <trkpt lat="50.422299" lon="-126.709614" />
      <trkpt lat="50.42263" lon="-126.708487" />
      <trkpt lat="50.422675" lon="-126.708251" />
      <trkpt lat="50.422722" lon="-126.707876" />
      <trkpt lat="50.422736" lon="-126.707404" />
      <trkpt lat="50.422712" lon="-126.70713" />
      <trkpt lat="50.422658" lon="-126.706808" />
      <trkpt lat="50.422712" lon="-126.706288" />
      <trkpt lat="50.422832" lon="-126.705875" />
      <trkpt lat="50.423032" lon="-126.705387" />
      <trkpt lat="50.423413" lon="-126.704427" />
      <trkpt lat="50.423707" lon="-126.704067" />
      <trkpt lat="50.423762" lon="-126.703788" />
      <trkpt lat="50.423762" lon="-126.703203" />
      <trkpt lat="50.423762" lon="-126.703048" />
      <trkpt lat="50.423762" lon="-126.702726" />
      <trkpt lat="50.423741" lon="-126.702447" />
      <trkpt lat="50.423692" lon="-126.702105" />
      <trkpt lat="50.423584" lon="-126.701653" />
      <trkpt lat="50.42341" lon="-126.70102" />
      <trkpt lat="50.423191" lon="-126.700162" />
      <trkpt lat="50.423105" lon="-126.699808" />
      <trkpt lat="50.422996" lon="-126.699384" />
      <trkpt lat="50.422845" lon="-126.699057" />
      <trkpt lat="50.422582" lon="-126.698579" />
      <trkpt lat="50.422422" lon="-126.698231" />
      <trkpt lat="50.422254" lon="-126.697823" />
      <trkpt lat="50.422076" lon="-126.697179" />
      <trkpt lat="50.421861" lon="-126.696176" />
      <trkpt lat="50.421711" lon="-126.695593" />
      <trkpt lat="50.421515" lon="-126.695009" />
      <trkpt lat="50.421037" lon="-126.694125" />
      <trkpt lat="50.420729" lon="-126.693442" />
      <trkpt lat="50.420156" lon="-126.692434" />
      <trkpt lat="50.419707" lon="-126.691653" />
      <trkpt lat="50.419002" lon="-126.689865" />
      <trkpt lat="50.418242" lon="-126.688163" />
      <trkpt lat="50.417986" lon="-126.687718" />
      <trkpt lat="50.417682" lon="-126.687284" />
      <trkpt lat="50.416841" lon="-126.686289" />
      <trkpt lat="50.416499" lon="-126.685748" />
      <trkpt lat="50.416445" lon="-126.68563" />
      <trkpt lat="50.416414" lon="-126.685479" />
      <trkpt lat="50.416393" lon="-126.685302" />
      <trkpt lat="50.416527" lon="-126.684186" />
      <trkpt lat="50.416551" lon="-126.68387" />
      <trkpt lat="50.41654" lon="-126.683736" />
      <trkpt lat="50.416493" lon="-126.683537" />
      <trkpt lat="50.416435" lon="-126.683403" />
      <trkpt lat="50.41626" lon="-126.683055" />
      <trkpt lat="50.416168" lon="-126.682727" />
      <trkpt lat="50.415997" lon="-126.682384" />
      <trkpt lat="50.415805" lon="-126.682009" />
      <trkpt lat="50.415258" lon="-126.68114" />
      <trkpt lat="50.414955" lon="-126.680288" />
      <trkpt lat="50.414698" lon="-126.679616" />
      <trkpt lat="50.414561" lon="-126.67938" />
      <trkpt lat="50.414424" lon="-126.679219" />
      <trkpt lat="50.414178" lon="-126.679058" />
      <trkpt lat="50.413911" lon="-126.678849" />
      <trkpt lat="50.413812" lon="-126.678736" />
      <trkpt lat="50.413682" lon="-126.678527" />
      <trkpt lat="50.413634" lon="-126.67842" />
      <trkpt lat="50.413508" lon="-126.678135" />
      <trkpt lat="50.413419" lon="-126.677926" />
      <trkpt lat="50.41334" lon="-126.677696" />
      <trkpt lat="50.413292" lon="-126.677502" />
      <trkpt lat="50.413241" lon="-126.677202" />
      <trkpt lat="50.413214" lon="-126.6771" />
      <trkpt lat="50.413152" lon="-126.67695" />
      <trkpt lat="50.413074" lon="-126.676875" />
      <trkpt lat="50.412985" lon="-126.676816" />
      <trkpt lat="50.412721" lon="-126.676757" />
      <trkpt lat="50.412605" lon="-126.676671" />
      <trkpt lat="50.41254" lon="-126.676596" />
      <trkpt lat="50.412434" lon="-126.676435" />
      <trkpt lat="50.41214" lon="-126.675904" />
      <trkpt lat="50.412069" lon="-126.675791" />
      <trkpt lat="50.412007" lon="-126.675721" />
      <trkpt lat="50.411504" lon="-126.675314" />
      <trkpt lat="50.411378" lon="-126.67518" />
      <trkpt lat="50.411268" lon="-126.675072" />
      <trkpt lat="50.410909" lon="-126.674649" />
      <trkpt lat="50.410499" lon="-126.67415" />
      <trkpt lat="50.409846" lon="-126.673801" />
      <trkpt lat="50.409573" lon="-126.673554" />
      <trkpt lat="50.409337" lon="-126.673248" />
      <trkpt lat="50.409126" lon="-126.672932" />
      <trkpt lat="50.408827" lon="-126.672782" />
      <trkpt lat="50.408489" lon="-126.672701" />
      <trkpt lat="50.408" lon="-126.672583" />
      <trkpt lat="50.407679" lon="-126.672449" />
      <trkpt lat="50.40734" lon="-126.672183" />
      <trkpt lat="50.406954" lon="-126.672042" />
      <trkpt lat="50.406587" lon="-126.671651" />
      <trkpt lat="50.406248" lon="-126.671205" />
      <trkpt lat="50.405817" lon="-126.67084" />
      <trkpt lat="50.40528" lon="-126.670137" />
      <trkpt lat="50.405034" lon="-126.669971" />
      <trkpt lat="50.404979" lon="-126.669869" />
      <trkpt lat="50.404863" lon="-126.669767" />
      <trkpt lat="50.404699" lon="-126.669756" />
      <trkpt lat="50.404309" lon="-126.669633" />
      <trkpt lat="50.403751" lon="-126.66937" />
      <trkpt lat="50.403686" lon="-126.669327" />
      <trkpt lat="50.403269" lon="-126.668973" />
      <trkpt lat="50.402637" lon="-126.668694" />
      <trkpt lat="50.402518" lon="-126.668695" />
      <trkpt lat="50.402352" lon="-126.66875" />
      <trkpt lat="50.402255" lon="-126.668739" />
      <trkpt lat="50.40211" lon="-126.668554" />
      <trkpt lat="50.401854" lon="-126.668305" />
      <trkpt lat="50.401556" lon="-126.66813" />
      <trkpt lat="50.40051" lon="-126.667653" />
      <trkpt lat="50.400024" lon="-126.667272" />
      <trkpt lat="50.399895" lon="-126.667192" />
      <trkpt lat="50.399672" lon="-126.667106" />
      <trkpt lat="50.399433" lon="-126.667069" />
      <trkpt lat="50.399081" lon="-126.666983" />
      <trkpt lat="50.398749" lon="-126.666774" />
      <trkpt lat="50.398544" lon="-126.666698" />
      <trkpt lat="50.397843" lon="-126.666516" />
      <trkpt lat="50.397528" lon="-126.666527" />
      <trkpt lat="50.397426" lon="-126.666489" />
      <trkpt lat="50.39734" lon="-126.66643" />
      <trkpt lat="50.397231" lon="-126.666269" />
      <trkpt lat="50.397149" lon="-126.666167" />
      <trkpt lat="50.396838" lon="-126.665658" />
      <trkpt lat="50.39666" lon="-126.665465" />
      <trkpt lat="50.396352" lon="-126.665255" />
      <trkpt lat="50.395959" lon="-126.665111" />
      <trkpt lat="50.395812" lon="-126.665025" />
      <trkpt lat="50.395675" lon="-126.664864" />
      <trkpt lat="50.395012" lon="-126.663963" />
      <trkpt lat="50.394731" lon="-126.663871" />
      <trkpt lat="50.394581" lon="-126.663823" />
      <trkpt lat="50.394345" lon="-126.663625" />
      <trkpt lat="50.394013" lon="-126.663045" />
      <trkpt lat="50.393825" lon="-126.662713" />
      <trkpt lat="50.393244" lon="-126.662026" />
      <trkpt lat="50.393087" lon="-126.661747" />
      <trkpt lat="50.392604" lon="-126.661211" />
      <trkpt lat="50.392498" lon="-126.661066" />
      <trkpt lat="50.392345" lon="-126.660782" />
      <trkpt lat="50.392174" lon="-126.660567" />
      <trkpt lat="50.391842" lon="-126.660309" />
      <trkpt lat="50.391664" lon="-126.660068" />
      <trkpt lat="50.3915" lon="-126.659736" />
      <trkpt lat="50.391435" lon="-126.659537" />
      <trkpt lat="50.391408" lon="-126.659044" />
      <trkpt lat="50.391377" lon="-126.658802" />
      <trkpt lat="50.391223" lon="-126.658303" />
      <trkpt lat="50.391168" lon="-126.658035" />
      <trkpt lat="50.391014" lon="-126.657016" />
      <trkpt lat="50.390987" lon="-126.656914" />
      <trkpt lat="50.390922" lon="-126.656769" />
      <trkpt lat="50.390375" lon="-126.655943" />
      <trkpt lat="50.39003" lon="-126.655498" />
      <trkpt lat="50.389824" lon="-126.655283" />
      <trkpt lat="50.389387" lon="-126.654779" />
      <trkpt lat="50.388722" lon="-126.654304" />
      <trkpt lat="50.388384" lon="-126.654103" />
      <trkpt lat="50.38777" lon="-126.653648" />
      <trkpt lat="50.387293" lon="-126.653247" />
      <trkpt lat="50.387016" lon="-126.652889" />
      <trkpt lat="50.386581" lon="-126.652401" />
      <trkpt lat="50.386415" lon="-126.652314" />
      <trkpt lat="50.386124" lon="-126.652336" />
      <trkpt lat="50.385571" lon="-126.652484" />
      <trkpt lat="50.38498" lon="-126.652598" />
      <trkpt lat="50.384655" lon="-126.652706" />
      <trkpt lat="50.384475" lon="-126.652836" />
      <trkpt lat="50.384399" lon="-126.653084" />
      <trkpt lat="50.38448" lon="-126.653321" />
      <trkpt lat="50.384596" lon="-126.65351" />
      <trkpt lat="50.384551" lon="-126.653701" />
      <trkpt lat="50.384368" lon="-126.653869" />
      <trkpt lat="50.384124" lon="-126.65405" />
      <trkpt lat="50.384066" lon="-126.654221" />
      <trkpt lat="50.384131" lon="-126.654448" />
      <trkpt lat="50.384437" lon="-126.65475" />
      <trkpt lat="50.384614" lon="-126.654947" />
      <trkpt lat="50.384648" lon="-126.655164" />
      <trkpt lat="50.384508" lon="-126.655381" />
      <trkpt lat="50.384268" lon="-126.655477" />
      <trkpt lat="50.383959" lon="-126.655541" />
      <trkpt lat="50.383575" lon="-126.655668" />
      <trkpt lat="50.383233" lon="-126.655915" />
      <trkpt lat="50.383093" lon="-126.656192" />
      <trkpt lat="50.383056" lon="-126.657031" />
      <trkpt lat="50.382941" lon="-126.657277" />
      <trkpt lat="50.382341" lon="-126.657946" />
      <trkpt lat="50.381902" lon="-126.658156" />
      <trkpt lat="50.380876" lon="-126.659183" />
      <trkpt lat="50.379813" lon="-126.65991" />
      <trkpt lat="50.378779" lon="-126.66094" />
      <trkpt lat="50.378576" lon="-126.661338" />
      <trkpt lat="50.378139" lon="-126.662343" />
      <trkpt lat="50.377498" lon="-126.663615" />
      <trkpt lat="50.376793" lon="-126.665575" />
      <trkpt lat="50.376461" lon="-126.666892" />
      <trkpt lat="50.375056" lon="-126.670223" />
      <trkpt lat="50.374926" lon="-126.670299" />
      <trkpt lat="50.374704" lon="-126.670258" />
      <trkpt lat="50.374615" lon="-126.67003" />
      <trkpt lat="50.374622" lon="-126.66978" />
      <trkpt lat="50.374701" lon="-126.66951" />
      <trkpt lat="50.374692" lon="-126.669274" />
      <trkpt lat="50.374517" lon="-126.668568" />
      <trkpt lat="50.374437" lon="-126.66818" />
      <trkpt lat="50.37424" lon="-126.668145" />
      <trkpt lat="50.373761" lon="-126.668015" />
      <trkpt lat="50.37358" lon="-126.668089" />
      <trkpt lat="50.373438" lon="-126.667983" />
      <trkpt lat="50.372848" lon="-126.666791" />
      <trkpt lat="50.372574" lon="-126.665959" />
      <trkpt lat="50.372319" lon="-126.665475" />
      <trkpt lat="50.37185" lon="-126.664875" />
      <trkpt lat="50.37171" lon="-126.664456" />
      <trkpt lat="50.371474" lon="-126.664139" />
      <trkpt lat="50.371098" lon="-126.663897" />
      <trkpt lat="50.37039" lon="-126.663526" />
      <trkpt lat="50.369425" lon="-126.662308" />
      <trkpt lat="50.368101" lon="-126.660274" />
      <trkpt lat="50.367737" lon="-126.65996" />
      <trkpt lat="50.367417" lon="-126.659521" />
      <trkpt lat="50.366771" lon="-126.658721" />
      <trkpt lat="50.366575" lon="-126.658086" />
      <trkpt lat="50.366579" lon="-126.657715" />
      <trkpt lat="50.366757" lon="-126.656871" />
      <trkpt lat="50.366816" lon="-126.656233" />
      <trkpt lat="50.366787" lon="-126.655645" />
      <trkpt lat="50.366242" lon="-126.653775" />
      <trkpt lat="50.366176" lon="-126.653547" />
      <trkpt lat="50.366191" lon="-126.653268" />
      <trkpt lat="50.366564" lon="-126.652047" />
      <trkpt lat="50.366541" lon="-126.650651" />
      <trkpt lat="50.366653" lon="-126.649854" />
      <trkpt lat="50.367036" lon="-126.64846" />
      <trkpt lat="50.367289" lon="-126.647821" />
      <trkpt lat="50.367361" lon="-126.647113" />
      <trkpt lat="50.367621" lon="-126.645234" />
      <trkpt lat="50.367651" lon="-126.643589" />
      <trkpt lat="50.368037" lon="-126.642093" />
      <trkpt lat="50.36805" lon="-126.641539" />
      <trkpt lat="50.368364" lon="-126.640413" />
      <trkpt lat="50.368501" lon="-126.639167" />
      <trkpt lat="50.368759" lon="-126.638245" />
      <trkpt lat="50.368988" lon="-126.636451" />
      <trkpt lat="50.369007" lon="-126.635649" />
      <trkpt lat="50.369128" lon="-126.634627" />
      <trkpt lat="50.369279" lon="-126.634161" />
      <trkpt lat="50.369541" lon="-126.633804" />
      <trkpt lat="50.369883" lon="-126.6336" />
      <trkpt lat="50.370621" lon="-126.633269" />
      <trkpt lat="50.371478" lon="-126.632516" />
      <trkpt lat="50.371752" lon="-126.631943" />
      <trkpt lat="50.372282" lon="-126.631513" />
      <trkpt lat="50.372538" lon="-126.631122" />
      <trkpt lat="50.372723" lon="-126.630682" />
      <trkpt lat="50.372973" lon="-126.630369" />
      <trkpt lat="50.373229" lon="-126.630335" />
      <trkpt lat="50.373902" lon="-126.630547" />
      <trkpt lat="50.374686" lon="-126.630518" />
      <trkpt lat="50.375696" lon="-126.62995" />
      <trkpt lat="50.375908" lon="-126.630046" />
      <trkpt lat="50.376178" lon="-126.630049" />
      <trkpt lat="50.376682" lon="-126.629741" />
      <trkpt lat="50.37762" lon="-126.628517" />
      <trkpt lat="50.377842" lon="-126.62827" />
      <trkpt lat="50.378081" lon="-126.628182" />
      <trkpt lat="50.3784" lon="-126.628258" />
      <trkpt lat="50.378599" lon="-126.628335" />
      <trkpt lat="50.379098" lon="-126.628268" />
      <trkpt lat="50.379488" lon="-126.628116" />
      <trkpt lat="50.379767" lon="-126.627816" />
      <trkpt lat="50.380252" lon="-126.627217" />
      <trkpt lat="50.381628" lon="-126.625754" />
      <trkpt lat="50.381875" lon="-126.625549" />
      <trkpt lat="50.382293" lon="-126.625512" />
      <trkpt lat="50.382856" lon="-126.625736" />
      <trkpt lat="50.383566" lon="-126.625845" />
      <trkpt lat="50.384053" lon="-126.625997" />
      <trkpt lat="50.384279" lon="-126.625929" />
      <trkpt lat="50.384534" lon="-126.625571" />
      <trkpt lat="50.385203" lon="-126.624298" />
      <trkpt lat="50.385362" lon="-126.624252" />
      <trkpt lat="50.385909" lon="-126.624529" />
      <trkpt lat="50.386249" lon="-126.624556" />
      <trkpt lat="50.38669" lon="-126.624456" />
      <trkpt lat="50.387881" lon="-126.623642" />
      <trkpt lat="50.389085" lon="-126.623976" />
      <trkpt lat="50.389505" lon="-126.623912" />
      <trkpt lat="50.390298" lon="-126.624005" />
      <trkpt lat="50.390779" lon="-126.623989" />
      <trkpt lat="50.391026" lon="-126.623829" />
      <trkpt lat="50.391733" lon="-126.623117" />
      <trkpt lat="50.393163" lon="-126.622683" />
      <trkpt lat="50.393814" lon="-126.621831" />
      <trkpt lat="50.394553" lon="-126.621058" />
      <trkpt lat="50.395431" lon="-126.620515" />
      <trkpt lat="50.396509" lon="-126.620114" />
      <trkpt lat="50.397469" lon="-126.619634" />
      <trkpt lat="50.399116" lon="-126.619326" />
      <trkpt lat="50.399902" lon="-126.618933" />
      <trkpt lat="50.401224" lon="-126.617418" />
      <trkpt lat="50.401771" lon="-126.61612" />
      <trkpt lat="50.402061" lon="-126.615933" />
      <trkpt lat="50.402348" lon="-126.616049" />
      <trkpt lat="50.402723" lon="-126.616385" />
      <trkpt lat="50.403088" lon="-126.61638" />
      <trkpt lat="50.403528" lon="-126.616074" />
      <trkpt lat="50.404286" lon="-126.615356" />
      <trkpt lat="50.404827" lon="-126.614529" />
      <trkpt lat="50.405208" lon="-126.613655" />
      <trkpt lat="50.405631" lon="-126.612669" />
      <trkpt lat="50.406042" lon="-126.611767" />
      <trkpt lat="50.406795" lon="-126.610635" />
      <trkpt lat="50.407332" lon="-126.610132" />
      <trkpt lat="50.408554" lon="-126.609818" />
      <trkpt lat="50.409314" lon="-126.609896" />
      <trkpt lat="50.410016" lon="-126.609713" />
      <trkpt lat="50.410451" lon="-126.60917" />
      <trkpt lat="50.411138" lon="-126.60769" />
      <trkpt lat="50.41144" lon="-126.607317" />
      <trkpt lat="50.411859" lon="-126.607281" />
      <trkpt lat="50.412593" lon="-126.607218" />
      <trkpt lat="50.413326" lon="-126.607032" />
      <trkpt lat="50.413979" lon="-126.60676" />
      <trkpt lat="50.414886" lon="-126.605299" />
      <trkpt lat="50.415526" lon="-126.604535" />
      <trkpt lat="50.415874" lon="-126.603785" />
      <trkpt lat="50.416275" lon="-126.602958" />
      <trkpt lat="50.416986" lon="-126.602308" />
      <trkpt lat="50.418385" lon="-126.601094" />
      <trkpt lat="50.419074" lon="-126.600244" />
      <trkpt lat="50.419876" lon="-126.599488" />
      <trkpt lat="50.42033" lon="-126.598884" />
      <trkpt lat="50.420827" lon="-126.597834" />
      <trkpt lat="50.421126" lon="-126.596585" />
      <trkpt lat="50.421326" lon="-126.595831" />
      <trkpt lat="50.421552" lon="-126.592765" />
      <trkpt lat="50.421542" lon="-126.592111" />
      <trkpt lat="50.421425" lon="-126.591511" />
      <trkpt lat="50.421246" lon="-126.591056" />
      <trkpt lat="50.421042" lon="-126.59018" />
      <trkpt lat="50.420877" lon="-126.588641" />
      <trkpt lat="50.4208" lon="-126.588263" />
      <trkpt lat="50.420919" lon="-126.587563" />
      <trkpt lat="50.421199" lon="-126.586941" />
      <trkpt lat="50.421247" lon="-126.586533" />
      <trkpt lat="50.421015" lon="-126.585438" />
      <trkpt lat="50.420919" lon="-126.584709" />
      <trkpt lat="50.420641" lon="-126.583956" />
      <trkpt lat="50.420177" lon="-126.581978" />
      <trkpt lat="50.420133" lon="-126.581512" />
      <trkpt lat="50.420017" lon="-126.581018" />
      <trkpt lat="50.41966" lon="-126.579757" />
      <trkpt lat="50.419164" lon="-126.579032" />
      <trkpt lat="50.418499" lon="-126.578507" />
      <trkpt lat="50.417878" lon="-126.578152" />
      <trkpt lat="50.417597" lon="-126.578089" />
      <trkpt lat="50.417165" lon="-126.57811" />
      <trkpt lat="50.416587" lon="-126.577979" />
      <trkpt lat="50.415649" lon="-126.577295" />
      <trkpt lat="50.414512" lon="-126.576656" />
      <trkpt lat="50.414124" lon="-126.576319" />
      <trkpt lat="50.413589" lon="-126.575586" />
      <trkpt lat="50.413017" lon="-126.574967" />
      <trkpt lat="50.41259" lon="-126.57423" />
      <trkpt lat="50.41236" lon="-126.574066" />
      <trkpt lat="50.411345" lon="-126.572712" />
      <trkpt lat="50.410762" lon="-126.57225" />
      <trkpt lat="50.409623" lon="-126.570206" />
      <trkpt lat="50.4091" lon="-126.56943" />
      <trkpt lat="50.408859" lon="-126.569152" />
      <trkpt lat="50.408556" lon="-126.568897" />
      <trkpt lat="50.408306" lon="-126.568841" />
      <trkpt lat="50.407951" lon="-126.568823" />
      <trkpt lat="50.407677" lon="-126.568749" />
      <trkpt lat="50.407259" lon="-126.568519" />
      <trkpt lat="50.406918" lon="-126.568047" />
      <trkpt lat="50.406715" lon="-126.567885" />
      <trkpt lat="50.40622" lon="-126.567864" />
      <trkpt lat="50.405769" lon="-126.567682" />
      <trkpt lat="50.405201" lon="-126.56751" />
      <trkpt lat="50.404972" lon="-126.567267" />
      <trkpt lat="50.404907" lon="-126.566948" />
      <trkpt lat="50.40483" lon="-126.566453" />
      <trkpt lat="50.40481" lon="-126.565754" />
      <trkpt lat="50.404752" lon="-126.564984" />
      <trkpt lat="50.404613" lon="-126.56426" />
      <trkpt lat="50.404448" lon="-126.563434" />
      <trkpt lat="50.404186" lon="-126.563113" />
      <trkpt lat="50.404736" lon="-126.562961" />
      <trkpt lat="50.4054" lon="-126.562628" />
      <trkpt lat="50.406068" lon="-126.562715" />
      <trkpt lat="50.406254" lon="-126.562709" />
      <trkpt lat="50.406429" lon="-126.562597" />
      <trkpt lat="50.406692" lon="-126.562366" />
      <trkpt lat="50.406917" lon="-126.56234" />
      <trkpt lat="50.407085" lon="-126.562328" />
      <trkpt lat="50.407342" lon="-126.562382" />
      <trkpt lat="50.407718" lon="-126.562607" />
      <trkpt lat="50.4081" lon="-126.562708" />
      <trkpt lat="50.408876" lon="-126.562687" />
      <trkpt lat="50.409263" lon="-126.562854" />
      <trkpt lat="50.409953" lon="-126.563133" />
      <trkpt lat="50.410466" lon="-126.563155" />
      <trkpt lat="50.410891" lon="-126.562892" />
      <trkpt lat="50.411246" lon="-126.562522" />
      <trkpt lat="50.411485" lon="-126.562398" />
      <trkpt lat="50.411635" lon="-126.562243" />
      <trkpt lat="50.411943" lon="-126.56176" />
      <trkpt lat="50.412012" lon="-126.561527" />
      <trkpt lat="50.412023" lon="-126.56068" />
      <trkpt lat="50.412087" lon="-126.560408" />
      <trkpt lat="50.412842" lon="-126.558903" />
      <trkpt lat="50.41289" lon="-126.558602" />
      <trkpt lat="50.412839" lon="-126.558273" />
      <trkpt lat="50.41267" lon="-126.557959" />
      <trkpt lat="50.412408" lon="-126.557736" />
      <trkpt lat="50.412055" lon="-126.557682" />
      <trkpt lat="50.411656" lon="-126.557876" />
      <trkpt lat="50.411053" lon="-126.558008" />
      <trkpt lat="50.410911" lon="-126.558123" />
      <trkpt lat="50.410706" lon="-126.558552" />
      <trkpt lat="50.410586" lon="-126.558716" />
      <trkpt lat="50.410432" lon="-126.558638" />
      <trkpt lat="50.410037" lon="-126.558284" />
      <trkpt lat="50.409763" lon="-126.558234" />
      <trkpt lat="50.409571" lon="-126.558337" />
      <trkpt lat="50.409222" lon="-126.558616" />
      <trkpt lat="50.408301" lon="-126.558645" />
      <trkpt lat="50.408084" lon="-126.558501" />
      <trkpt lat="50.407995" lon="-126.558252" />
      <trkpt lat="50.408066" lon="-126.557876" />
      <trkpt lat="50.408271" lon="-126.557576" />
      <trkpt lat="50.408333" lon="-126.557297" />
      <trkpt lat="50.408476" lon="-126.557012" />
      <trkpt lat="50.410077" lon="-126.556125" />
      <trkpt lat="50.410213" lon="-126.555805" />
      <trkpt lat="50.410268" lon="-126.555322" />
      <trkpt lat="50.4104" lon="-126.554714" />
      <trkpt lat="50.410685" lon="-126.553928" />
      <trkpt lat="50.411224" lon="-126.55301" />
      <trkpt lat="50.41141" lon="-126.552297" />
      <trkpt lat="50.41162" lon="-126.551455" />
      <trkpt lat="50.41167" lon="-126.550838" />
      <trkpt lat="50.411642" lon="-126.550301" />
      <trkpt lat="50.411594" lon="-126.549776" />
      <trkpt lat="50.411579" lon="-126.549258" />
      <trkpt lat="50.411738" lon="-126.548864" />
      <trkpt lat="50.41188" lon="-126.548077" />
      <trkpt lat="50.411834" lon="-126.547523" />
      <trkpt lat="50.411683" lon="-126.547329" />
      <trkpt lat="50.411512" lon="-126.546664" />
      <trkpt lat="50.411328" lon="-126.546246" />
      <trkpt lat="50.411163" lon="-126.545429" />
      <trkpt lat="50.411136" lon="-126.544411" />
      <trkpt lat="50.411157" lon="-126.543639" />
      <trkpt lat="50.411171" lon="-126.543091" />
      <trkpt lat="50.411143" lon="-126.542652" />
      <trkpt lat="50.411095" lon="-126.542405" />
      <trkpt lat="50.411066" lon="-126.541185" />
      <trkpt lat="50.410897" lon="-126.54027" />
      <trkpt lat="50.410683" lon="-126.539391" />
      <trkpt lat="50.41061" lon="-126.539068" />
      <trkpt lat="50.410685" lon="-126.537405" />
      <trkpt lat="50.410726" lon="-126.537019" />
      <trkpt lat="50.410709" lon="-126.536622" />
      <trkpt lat="50.410692" lon="-126.536043" />
      <trkpt lat="50.410565" lon="-126.535553" />
      <trkpt lat="50.410514" lon="-126.535292" />
      <trkpt lat="50.410473" lon="-126.53482" />
      <trkpt lat="50.410377" lon="-126.534283" />
      <trkpt lat="50.410261" lon="-126.533672" />
      <trkpt lat="50.410097" lon="-126.532964" />
      <trkpt lat="50.410089" lon="-126.532572" />
      <trkpt lat="50.410172" lon="-126.532009" />
      <trkpt lat="50.410307" lon="-126.530597" />
      <trkpt lat="50.410309" lon="-126.529938" />
      <trkpt lat="50.410254" lon="-126.529487" />
      <trkpt lat="50.41025" lon="-126.529011" />
      <trkpt lat="50.410049" lon="-126.528232" />
      <trkpt lat="50.409858" lon="-126.527664" />
      <trkpt lat="50.40968" lon="-126.527267" />
      <trkpt lat="50.409603" lon="-126.526847" />
      <trkpt lat="50.409618" lon="-126.526183" />
      <trkpt lat="50.409796" lon="-126.525351" />
      <trkpt lat="50.41053" lon="-126.524159" />
      <trkpt lat="50.410765" lon="-126.523159" />
      <trkpt lat="50.410702" lon="-126.522577" />
      <trkpt lat="50.410637" lon="-126.522192" />
      <trkpt lat="50.410528" lon="-126.521795" />
      <trkpt lat="50.410384" lon="-126.521527" />
      <trkpt lat="50.410083" lon="-126.521205" />
      <trkpt lat="50.409871" lon="-126.520926" />
      <trkpt lat="50.409755" lon="-126.520625" />
      <trkpt lat="50.409687" lon="-126.520282" />
      <trkpt lat="50.409632" lon="-126.520057" />
      <trkpt lat="50.409632" lon="-126.520057" />
      <trkpt lat="50.409687" lon="-126.520282" />
      <trkpt lat="50.409755" lon="-126.520625" />
      <trkpt lat="50.409871" lon="-126.520926" />
      <trkpt lat="50.410083" lon="-126.521205" />
      <trkpt lat="50.410384" lon="-126.521527" />
      <trkpt lat="50.410528" lon="-126.521795" />
      <trkpt lat="50.410637" lon="-126.522192" />
      <trkpt lat="50.410702" lon="-126.522577" />
      <trkpt lat="50.410765" lon="-126.523159" />
      <trkpt lat="50.41053" lon="-126.524159" />
      <trkpt lat="50.409796" lon="-126.525351" />
      <trkpt lat="50.409618" lon="-126.526183" />
      <trkpt lat="50.409603" lon="-126.526847" />
      <trkpt lat="50.40968" lon="-126.527267" />
      <trkpt lat="50.409858" lon="-126.527664" />
      <trkpt lat="50.410049" lon="-126.528232" />
      <trkpt lat="50.41025" lon="-126.529011" />
      <trkpt lat="50.410254" lon="-126.529487" />
      <trkpt lat="50.410309" lon="-126.529938" />
      <trkpt lat="50.410307" lon="-126.530597" />
      <trkpt lat="50.410172" lon="-126.532009" />
      <trkpt lat="50.410089" lon="-126.532572" />
      <trkpt lat="50.410097" lon="-126.532964" />
      <trkpt lat="50.410261" lon="-126.533672" />
      <trkpt lat="50.410377" lon="-126.534283" />
      <trkpt lat="50.410473" lon="-126.53482" />
      <trkpt lat="50.410514" lon="-126.535292" />
      <trkpt lat="50.410565" lon="-126.535553" />
      <trkpt lat="50.410692" lon="-126.536043" />
      <trkpt lat="50.410709" lon="-126.536622" />
      <trkpt lat="50.410726" lon="-126.537019" />
      <trkpt lat="50.410685" lon="-126.537405" />
      <trkpt lat="50.41061" lon="-126.539068" />
      <trkpt lat="50.410683" lon="-126.539391" />
      <trkpt lat="50.410897" lon="-126.54027" />
      <trkpt lat="50.411066" lon="-126.541185" />
      <trkpt lat="50.411095" lon="-126.542405" />
      <trkpt lat="50.411143" lon="-126.542652" />
      <trkpt lat="50.411171" lon="-126.543091" />
      <trkpt lat="50.411157" lon="-126.543639" />
      <trkpt lat="50.411136" lon="-126.544411" />
      <trkpt lat="50.411163" lon="-126.545429" />
      <trkpt lat="50.411328" lon="-126.546246" />
      <trkpt lat="50.411512" lon="-126.546664" />
      <trkpt lat="50.411683" lon="-126.547329" />
      <trkpt lat="50.411834" lon="-126.547523" />
      <trkpt lat="50.41188" lon="-126.548077" />
      <trkpt lat="50.411738" lon="-126.548864" />
      <trkpt lat="50.411579" lon="-126.549258" />
      <trkpt lat="50.411594" lon="-126.549776" />
      <trkpt lat="50.411642" lon="-126.550301" />
      <trkpt lat="50.41167" lon="-126.550838" />
      <trkpt lat="50.41162" lon="-126.551455" />
      <trkpt lat="50.41141" lon="-126.552297" />
      <trkpt lat="50.411224" lon="-126.55301" />
      <trkpt lat="50.410685" lon="-126.553928" />
      <trkpt lat="50.4104" lon="-126.554714" />
      <trkpt lat="50.410268" lon="-126.555322" />
      <trkpt lat="50.410213" lon="-126.555805" />
      <trkpt lat="50.410077" lon="-126.556125" />
      <trkpt lat="50.408476" lon="-126.557012" />
      <trkpt lat="50.408333" lon="-126.557297" />
      <trkpt lat="50.408271" lon="-126.557576" />
      <trkpt lat="50.408066" lon="-126.557876" />
      <trkpt lat="50.407995" lon="-126.558252" />
      <trkpt lat="50.408084" lon="-126.558501" />
      <trkpt lat="50.408301" lon="-126.558645" />
      <trkpt lat="50.409222" lon="-126.558616" />
      <trkpt lat="50.409571" lon="-126.558337" />
      <trkpt lat="50.409763" lon="-126.558234" />
      <trkpt lat="50.410037" lon="-126.558284" />
      <trkpt lat="50.410432" lon="-126.558638" />
      <trkpt lat="50.410586" lon="-126.558716" />
      <trkpt lat="50.410706" lon="-126.558552" />
      <trkpt lat="50.410911" lon="-126.558123" />
      <trkpt lat="50.411053" lon="-126.558008" />
      <trkpt lat="50.411656" lon="-126.557876" />
      <trkpt lat="50.412055" lon="-126.557682" />
      <trkpt lat="50.412408" lon="-126.557736" />
      <trkpt lat="50.41267" lon="-126.557959" />
      <trkpt lat="50.412839" lon="-126.558273" />
      <trkpt lat="50.41289" lon="-126.558602" />
      <trkpt lat="50.412842" lon="-126.558903" />
      <trkpt lat="50.412087" lon="-126.560408" />
      <trkpt lat="50.412023" lon="-126.56068" />
      <trkpt lat="50.412012" lon="-126.561527" />
      <trkpt lat="50.411943" lon="-126.56176" />
      <trkpt lat="50.411635" lon="-126.562243" />
      <trkpt lat="50.411485" lon="-126.562398" />
      <trkpt lat="50.411246" lon="-126.562522" />
      <trkpt lat="50.410891" lon="-126.562892" />
      <trkpt lat="50.410466" lon="-126.563155" />
      <trkpt lat="50.409953" lon="-126.563133" />
      <trkpt lat="50.409263" lon="-126.562854" />
      <trkpt lat="50.408876" lon="-126.562687" />
      <trkpt lat="50.4081" lon="-126.562708" />
      <trkpt lat="50.407718" lon="-126.562607" />
      <trkpt lat="50.407342" lon="-126.562382" />
      <trkpt lat="50.407085" lon="-126.562328" />
      <trkpt lat="50.406917" lon="-126.56234" />
      <trkpt lat="50.406692" lon="-126.562366" />
      <trkpt lat="50.406429" lon="-126.562597" />
      <trkpt lat="50.406254" lon="-126.562709" />
      <trkpt lat="50.406068" lon="-126.562715" />
      <trkpt lat="50.4054" lon="-126.562628" />
      <trkpt lat="50.404736" lon="-126.562961" />
      <trkpt lat="50.404186" lon="-126.563113" />
      <trkpt lat="50.403881" lon="-126.562951" />
      <trkpt lat="50.403389" lon="-126.562607" />
      <trkpt lat="50.403028" lon="-126.562408" />
      <trkpt lat="50.402541" lon="-126.562243" />
      <trkpt lat="50.402319" lon="-126.562136" />
      <trkpt lat="50.402015" lon="-126.56221" />
      <trkpt lat="50.401507" lon="-126.562471" />
      <trkpt lat="50.400877" lon="-126.562507" />
      <trkpt lat="50.400503" lon="-126.562285" />
      <trkpt lat="50.399996" lon="-126.561864" />
      <trkpt lat="50.399595" lon="-126.561674" />
      <trkpt lat="50.399354" lon="-126.561738" />
      <trkpt lat="50.398773" lon="-126.562253" />
      <trkpt lat="50.39845" lon="-126.562435" />
      <trkpt lat="50.398185" lon="-126.562468" />
      <trkpt lat="50.397932" lon="-126.562393" />
      <trkpt lat="50.39759" lon="-126.562193" />
      <trkpt lat="50.397125" lon="-126.561792" />
      <trkpt lat="50.396987" lon="-126.561624" />
      <trkpt lat="50.396838" lon="-126.561513" />
      <trkpt lat="50.39655" lon="-126.561351" />
      <trkpt lat="50.396208" lon="-126.561223" />
      <trkpt lat="50.395928" lon="-126.56103" />
      <trkpt lat="50.395587" lon="-126.560667" />
      <trkpt lat="50.39508" lon="-126.56044" />
      <trkpt lat="50.394891" lon="-126.560402" />
      <trkpt lat="50.394601" lon="-126.560458" />
      <trkpt lat="50.393247" lon="-126.560537" />
      <trkpt lat="50.392853" lon="-126.560529" />
      <trkpt lat="50.39216" lon="-126.560054" />
      <trkpt lat="50.391965" lon="-126.560052" />
      <trkpt lat="50.391544" lon="-126.560086" />
      <trkpt lat="50.391133" lon="-126.559968" />
      <trkpt lat="50.390723" lon="-126.559711" />
      <trkpt lat="50.390572" lon="-126.559442" />
      <trkpt lat="50.390353" lon="-126.558981" />
      <trkpt lat="50.390135" lon="-126.558348" />
      <trkpt lat="50.390005" lon="-126.557812" />
      <trkpt lat="50.38982" lon="-126.557254" />
      <trkpt lat="50.389555" lon="-126.556868" />
      <trkpt lat="50.389286" lon="-126.556642" />
      <trkpt lat="50.389045" lon="-126.556119" />
      <trkpt lat="50.388554" lon="-126.555119" />
      <trkpt lat="50.388395" lon="-126.554942" />
      <trkpt lat="50.38816" lon="-126.554855" />
      <trkpt lat="50.387476" lon="-126.554897" />
      <trkpt lat="50.387296" lon="-126.55484" />
      <trkpt lat="50.387029" lon="-126.554571" />
      <trkpt lat="50.386683" lon="-126.554161" />
      <trkpt lat="50.386103" lon="-126.553624" />
      <trkpt lat="50.385428" lon="-126.552758" />
      <trkpt lat="50.385058" lon="-126.552376" />
      <trkpt lat="50.384151" lon="-126.550578" />
      <trkpt lat="50.383899" lon="-126.550237" />
      <trkpt lat="50.383697" lon="-126.550151" />
      <trkpt lat="50.382527" lon="-126.5502" />
      <trkpt lat="50.381328" lon="-126.549824" />
      <trkpt lat="50.380167" lon="-126.549207" />
      <trkpt lat="50.37905" lon="-126.548463" />
      <trkpt lat="50.378558" lon="-126.547762" />
      <trkpt lat="50.378184" lon="-126.547034" />
      <trkpt lat="50.377839" lon="-126.546044" />
      <trkpt lat="50.37754" lon="-126.545194" />
      <trkpt lat="50.377307" lon="-126.544443" />
      <trkpt lat="50.377155" lon="-126.543872" />
      <trkpt lat="50.376527" lon="-126.542641" />
      <trkpt lat="50.376288" lon="-126.541997" />
      <trkpt lat="50.375966" lon="-126.541461" />
      <trkpt lat="50.375733" lon="-126.541219" />
      <trkpt lat="50.375349" lon="-126.541021" />
      <trkpt lat="50.374588" lon="-126.539694" />
      <trkpt lat="50.374331" lon="-126.538918" />
      <trkpt lat="50.374158" lon="-126.538585" />
      <trkpt lat="50.373241" lon="-126.537659" />
      <trkpt lat="50.372969" lon="-126.536762" />
      <trkpt lat="50.37286" lon="-126.536189" />
      <trkpt lat="50.372822" lon="-126.53474" />
      <trkpt lat="50.372737" lon="-126.534197" />
      <trkpt lat="50.372635" lon="-126.53377" />
      <trkpt lat="50.371437" lon="-126.531783" />
      <trkpt lat="50.371231" lon="-126.531333" />
      <trkpt lat="50.370964" lon="-126.530882" />
      <trkpt lat="50.370694" lon="-126.530605" />
      <trkpt lat="50.370358" lon="-126.530401" />
      <trkpt lat="50.368932" lon="-126.530635" />
      <trkpt lat="50.36874" lon="-126.530537" />
      <trkpt lat="50.368432" lon="-126.530249" />
      <trkpt lat="50.367713" lon="-126.529814" />
      <trkpt lat="50.366612" lon="-126.528769" />
      <trkpt lat="50.366376" lon="-126.528479" />
      <trkpt lat="50.36614" lon="-126.528093" />
      <trkpt lat="50.365871" lon="-126.527369" />
      <trkpt lat="50.36504" lon="-126.524988" />
      <trkpt lat="50.364927" lon="-126.524503" />
      <trkpt lat="50.364838" lon="-126.524003" />
      <trkpt lat="50.364648" lon="-126.523608" />
      <trkpt lat="50.364187" lon="-126.522936" />
      <trkpt lat="50.363916" lon="-126.522342" />
      <trkpt lat="50.363635" lon="-126.521591" />
      <trkpt lat="50.362711" lon="-126.519595" />
      <trkpt lat="50.362466" lon="-126.519219" />
      <trkpt lat="50.362033" lon="-126.518791" />
      <trkpt lat="50.361534" lon="-126.518437" />
      <trkpt lat="50.361116" lon="-126.518083" />
      <trkpt lat="50.360634" lon="-126.517827" />
      <trkpt lat="50.360302" lon="-126.517375" />
      <trkpt lat="50.360012" lon="-126.516721" />
      <trkpt lat="50.359362" lon="-126.515733" />
      <trkpt lat="50.358926" lon="-126.515358" />
      <trkpt lat="50.358411" lon="-126.51482" />
      <trkpt lat="50.35818" lon="-126.514735" />
      <trkpt lat="50.357966" lon="-126.514738" />
      <trkpt lat="50.357041" lon="-126.514933" />
      <trkpt lat="50.35607" lon="-126.514894" />
      <trkpt lat="50.35536" lon="-126.514682" />
      <trkpt lat="50.354728" lon="-126.514179" />
      <trkpt lat="50.3541" lon="-126.51363" />
      <trkpt lat="50.353532" lon="-126.512933" />
      <trkpt lat="50.353205" lon="-126.512459" />
      <trkpt lat="50.35295" lon="-126.511742" />
      <trkpt lat="50.352708" lon="-126.510747" />
      <trkpt lat="50.352355" lon="-126.509403" />
      <trkpt lat="50.351939" lon="-126.50827" />
      <trkpt lat="50.351677" lon="-126.507837" />
      <trkpt lat="50.350794" lon="-126.506742" />
      <trkpt lat="50.35054" lon="-126.506238" />
      <trkpt lat="50.349549" lon="-126.504972" />
      <trkpt lat="50.34877" lon="-126.50448" />
      <trkpt lat="50.347929" lon="-126.503285" />
      <trkpt lat="50.347488" lon="-126.502239" />
      <trkpt lat="50.347054" lon="-126.501371" />
      <trkpt lat="50.346153" lon="-126.499885" />
      <trkpt lat="50.345905" lon="-126.499479" />
      <trkpt lat="50.345389" lon="-126.498995" />
      <trkpt lat="50.345044" lon="-126.49797" />
      <trkpt lat="50.34387" lon="-126.496042" />
      <trkpt lat="50.342674" lon="-126.494418" />
      <trkpt lat="50.341987" lon="-126.492413" />
      <trkpt lat="50.340878" lon="-126.490181" />
      <trkpt lat="50.340613" lon="-126.489469" />
      <trkpt lat="50.340333" lon="-126.488341" />
      <trkpt lat="50.340088" lon="-126.486902" />
      <trkpt lat="50.339921" lon="-126.485961" />
      <trkpt lat="50.33983" lon="-126.485073" />
      <trkpt lat="50.339555" lon="-126.48326" />
      <trkpt lat="50.339417" lon="-126.480532" />
      <trkpt lat="50.338366" lon="-126.477521" />
      <trkpt lat="50.336932" lon="-126.472585" />
      <trkpt lat="50.336737" lon="-126.471127" />
      <trkpt lat="50.336675" lon="-126.46826" />
      <trkpt lat="50.336648" lon="-126.465962" />
      <trkpt lat="50.336538" lon="-126.46288" />
      <trkpt lat="50.336826" lon="-126.461155" />
      <trkpt lat="50.337192" lon="-126.459289" />
      <trkpt lat="50.337305" lon="-126.458269" />
      <trkpt lat="50.337408" lon="-126.456528" />
      <trkpt lat="50.337422" lon="-126.454858" />
      <trkpt lat="50.33734" lon="-126.453585" />
      <trkpt lat="50.337305" lon="-126.45312" />
      <trkpt lat="50.337312" lon="-126.45151" />
      <trkpt lat="50.337251" lon="-126.450888" />
      <trkpt lat="50.336872" lon="-126.449393" />
      <trkpt lat="50.33655" lon="-126.446936" />
      <trkpt lat="50.33647" lon="-126.446489" />
      <trkpt lat="50.336122" lon="-126.445643" />
      <trkpt lat="50.335799" lon="-126.44391" />
      <trkpt lat="50.335805" lon="-126.441202" />
      <trkpt lat="50.33556" lon="-126.437335" />
      <trkpt lat="50.335169" lon="-126.435884" />
      <trkpt lat="50.33508" lon="-126.435562" />
      <trkpt lat="50.334881" lon="-126.434841" />
      <trkpt lat="50.334117" lon="-126.432252" />
      <trkpt lat="50.333214" lon="-126.430918" />
      <trkpt lat="50.333042" lon="-126.430707" />
      <trkpt lat="50.332761" lon="-126.429677" />
      <trkpt lat="50.332281" lon="-126.428964" />
      <trkpt lat="50.332094" lon="-126.42854" />
      <trkpt lat="50.3319" lon="-126.427827" />
      <trkpt lat="50.331333" lon="-126.426659" />
      <trkpt lat="50.331025" lon="-126.425532" />
      <trkpt lat="50.331119" lon="-126.423484" />
      <trkpt lat="50.331181" lon="-126.421587" />
      <trkpt lat="50.331111" lon="-126.420955" />
      <trkpt lat="50.331219" lon="-126.419874" />
      <trkpt lat="50.331214" lon="-126.41876" />
      <trkpt lat="50.331149" lon="-126.418127" />
      <trkpt lat="50.331047" lon="-126.417449" />
      <trkpt lat="50.330991" lon="-126.416559" />
      <trkpt lat="50.33095" lon="-126.415923" />
      <trkpt lat="50.330879" lon="-126.415454" />
      <trkpt lat="50.330313" lon="-126.413377" />
      <trkpt lat="50.329734" lon="-126.410368" />
      <trkpt lat="50.329313" lon="-126.409078" />
      <trkpt lat="50.329077" lon="-126.407862" />
      <trkpt lat="50.328917" lon="-126.407377" />
      <trkpt lat="50.328739" lon="-126.407067" />
      <trkpt lat="50.328603" lon="-126.406937" />
      <trkpt lat="50.328304" lon="-126.40696" />
      <trkpt lat="50.327042" lon="-126.406696" />
      <trkpt lat="50.326178" lon="-126.406519" />
      <trkpt lat="50.325745" lon="-126.406739" />
      <trkpt lat="50.325475" lon="-126.407129" />
      <trkpt lat="50.325282" lon="-126.407874" />
      <trkpt lat="50.325267" lon="-126.408262" />
      <trkpt lat="50.325128" lon="-126.409373" />
      <trkpt lat="50.32489" lon="-126.409962" />
      <trkpt lat="50.324746" lon="-126.410302" />
      <trkpt lat="50.324117" lon="-126.411935" />
      <trkpt lat="50.323973" lon="-126.412929" />
      <trkpt lat="50.323861" lon="-126.413305" />
      <trkpt lat="50.323604" lon="-126.413697" />
      <trkpt lat="50.323269" lon="-126.4139" />
      <trkpt lat="50.322786" lon="-126.414195" />
      <trkpt lat="50.322238" lon="-126.414303" />
      <trkpt lat="50.322012" lon="-126.414388" />
      <trkpt lat="50.321179" lon="-126.415049" />
      <trkpt lat="50.320799" lon="-126.415167" />
      <trkpt lat="50.319538" lon="-126.414522" />
      <trkpt lat="50.319056" lon="-126.4143" />
      <trkpt lat="50.318217" lon="-126.414571" />
      <trkpt lat="50.317977" lon="-126.414539" />
      <trkpt lat="50.317672" lon="-126.414467" />
      <trkpt lat="50.317094" lon="-126.414539" />
      <trkpt lat="50.316014" lon="-126.414918" />
      <trkpt lat="50.315778" lon="-126.414968" />
      <trkpt lat="50.315415" lon="-126.414871" />
      <trkpt lat="50.315065" lon="-126.414861" />
      <trkpt lat="50.314307" lon="-126.414645" />
      <trkpt lat="50.313825" lon="-126.414818" />
      <trkpt lat="50.313484" lon="-126.414718" />
      <trkpt lat="50.312434" lon="-126.414592" />
      <trkpt lat="50.311613" lon="-126.414563" />
      <trkpt lat="50.311253" lon="-126.414401" />
      <trkpt lat="50.311016" lon="-126.414056" />
      <trkpt lat="50.310857" lon="-126.413559" />
      <trkpt lat="50.310715" lon="-126.412607" />
      <trkpt lat="50.310552" lon="-126.412341" />
      <trkpt lat="50.310373" lon="-126.412107" />
      <trkpt lat="50.310009" lon="-126.411878" />
      <trkpt lat="50.309824" lon="-126.411803" />
      <trkpt lat="50.309577" lon="-126.411556" />
      <trkpt lat="50.309157" lon="-126.410896" />
      <trkpt lat="50.308867" lon="-126.410535" />
      <trkpt lat="50.308447" lon="-126.40999" />
      <trkpt lat="50.308145" lon="-126.409442" />
      <trkpt lat="50.307855" lon="-126.40868" />
      <trkpt lat="50.307406" lon="-126.408146" />
      <trkpt lat="50.306112" lon="-126.407393" />
      <trkpt lat="50.305568" lon="-126.40665" />
      <trkpt lat="50.305199" lon="-126.405741" />
      <trkpt lat="50.304886" lon="-126.404728" />
      <trkpt lat="50.304326" lon="-126.403448" />
      <trkpt lat="50.30391" lon="-126.402943" />
      <trkpt lat="50.303636" lon="-126.402576" />
      <trkpt lat="50.303438" lon="-126.402128" />
      <trkpt lat="50.303198" lon="-126.401492" />
      <trkpt lat="50.302474" lon="-126.399953" />
      <trkpt lat="50.302211" lon="-126.399465" />
      <trkpt lat="50.302005" lon="-126.398335" />
      <trkpt lat="50.301813" lon="-126.397855" />
      <trkpt lat="50.30141" lon="-126.397476" />
      <trkpt lat="50.300977" lon="-126.397137" />
      <trkpt lat="50.300433" lon="-126.396894" />
      <trkpt lat="50.300155" lon="-126.396911" />
      <trkpt lat="50.299699" lon="-126.396601" />
      <trkpt lat="50.299346" lon="-126.3963" />
      <trkpt lat="50.298764" lon="-126.39544" />
      <trkpt lat="50.29864" lon="-126.395238" />
      <trkpt lat="50.298104" lon="-126.393507" />
      <trkpt lat="50.297457" lon="-126.391955" />
      <trkpt lat="50.29703" lon="-126.391225" />
      <trkpt lat="50.296836" lon="-126.390959" />
      <trkpt lat="50.295909" lon="-126.388438" />
      <trkpt lat="50.295289" lon="-126.386838" />
      <trkpt lat="50.294744" lon="-126.385309" />
      <trkpt lat="50.29435" lon="-126.384766" />
      <trkpt lat="50.293859" lon="-126.38423" />
      <trkpt lat="50.293379" lon="-126.383828" />
      <trkpt lat="50.293156" lon="-126.383795" />
      <trkpt lat="50.292931" lon="-126.383876" />
      <trkpt lat="50.292679" lon="-126.383732" />
      <trkpt lat="50.291042" lon="-126.383848" />
      <trkpt lat="50.289861" lon="-126.384004" />
      <trkpt lat="50.289455" lon="-126.384249" />
      <trkpt lat="50.288949" lon="-126.384555" />
      <trkpt lat="50.288711" lon="-126.384679" />
      <trkpt lat="50.287873" lon="-126.380732" />
      <trkpt lat="50.287604" lon="-126.379579" />
      <trkpt lat="50.287266" lon="-126.378477" />
      <trkpt lat="50.287075" lon="-126.377981" />
      <trkpt lat="50.286629" lon="-126.377016" />
      <trkpt lat="50.28541" lon="-126.375032" />
      <trkpt lat="50.284134" lon="-126.373002" />
      <trkpt lat="50.283537" lon="-126.371859" />
      <trkpt lat="50.283189" lon="-126.370992" />
      <trkpt lat="50.2828" lon="-126.37001" />
      <trkpt lat="50.282395" lon="-126.368732" />
      <trkpt lat="50.28213" lon="-126.367737" />
      <trkpt lat="50.281934" lon="-126.366774" />
      <trkpt lat="50.281767" lon="-126.365744" />
      <trkpt lat="50.281554" lon="-126.363896" />
      <trkpt lat="50.2815" lon="-126.362563" />
      <trkpt lat="50.281518" lon="-126.361231" />
      <trkpt lat="50.281622" lon="-126.359736" />
      <trkpt lat="50.281773" lon="-126.358535" />
      <trkpt lat="50.281957" lon="-126.357427" />
      <trkpt lat="50.282154" lon="-126.356523" />
      <trkpt lat="50.283033" lon="-126.35346" />
      <trkpt lat="50.283212" lon="-126.352286" />
      <trkpt lat="50.283254" lon="-126.351657" />
      <trkpt lat="50.283254" lon="-126.351019" />
      <trkpt lat="50.283198" lon="-126.350401" />
      <trkpt lat="50.282801" lon="-126.347584" />
      <trkpt lat="50.282753" lon="-126.346978" />
      <trkpt lat="50.282738" lon="-126.34655" />
      <trkpt lat="50.282747" lon="-126.346121" />
      <trkpt lat="50.282796" lon="-126.345342" />
      <trkpt lat="50.282821" lon="-126.345077" />
      <trkpt lat="50.282827" lon="-126.34501" />
      <trkpt lat="50.283176" lon="-126.341324" />
      <trkpt lat="50.283309" lon="-126.340195" />
      <trkpt lat="50.283548" lon="-126.338969" />
      <trkpt lat="50.283925" lon="-126.337716" />
      <trkpt lat="50.285043" lon="-126.335071" />
      <trkpt lat="50.285381" lon="-126.33406" />
      <trkpt lat="50.285656" lon="-126.332932" />
      <trkpt lat="50.285791" lon="-126.332192" />
      <trkpt lat="50.28739" lon="-126.32068" />
      <trkpt lat="50.287779" lon="-126.318551" />
      <trkpt lat="50.288168" lon="-126.317073" />
      <trkpt lat="50.288449" lon="-126.316217" />
      <trkpt lat="50.288722" lon="-126.315492" />
      <trkpt lat="50.289369" lon="-126.314021" />
      <trkpt lat="50.293746" lon="-126.305707" />
      <trkpt lat="50.294874" lon="-126.303641" />
      <trkpt lat="50.300627" lon="-126.293662" />
      <trkpt lat="50.301878" lon="-126.291493" />
      <trkpt lat="50.302319" lon="-126.290664" />
      <trkpt lat="50.302562" lon="-126.290146" />
      <trkpt lat="50.302798" lon="-126.289536" />
      <trkpt lat="50.302985" lon="-126.288953" />
      <trkpt lat="50.303827" lon="-126.28436" />
      <trkpt lat="50.304131" lon="-126.28301" />
      <trkpt lat="50.304451" lon="-126.281765" />
      <trkpt lat="50.304943" lon="-126.280073" />
      <trkpt lat="50.307013" lon="-126.273903" />
      <trkpt lat="50.307336" lon="-126.272585" />
      <trkpt lat="50.307448" lon="-126.27193" />
      <trkpt lat="50.308683" lon="-126.257431" />
      <trkpt lat="50.308801" lon="-126.256568" />
      <trkpt lat="50.30897" lon="-126.255725" />
      <trkpt lat="50.309098" lon="-126.255175" />
      <trkpt lat="50.309452" lon="-126.254013" />
      <trkpt lat="50.309676" lon="-126.253411" />
      <trkpt lat="50.311198" lon="-126.25" />
      <trkpt lat="50.3125" lon="-126.247081" />
      <trkpt lat="50.313122" lon="-126.245687" />
      <trkpt lat="50.313675" lon="-126.244391" />
      <trkpt lat="50.313996" lon="-126.243529" />
      <trkpt lat="50.314629" lon="-126.241616" />
      <trkpt lat="50.314858" lon="-126.24078" />
      <trkpt lat="50.315332" lon="-126.238736" />
      <trkpt lat="50.315582" lon="-126.237354" />
      <trkpt lat="50.31579" lon="-126.235754" />
      <trkpt lat="50.315971" lon="-126.23437" />
      <trkpt lat="50.316184" lon="-126.232743" />
      <trkpt lat="50.316199" lon="-126.232624" />
      <trkpt lat="50.316285" lon="-126.231937" />
      <trkpt lat="50.316573" lon="-126.22976" />
      <trkpt lat="50.316649" lon="-126.229181" />
      <trkpt lat="50.316935" lon="-126.227818" />
      <trkpt lat="50.317103" lon="-126.227183" />
      <trkpt lat="50.317514" lon="-126.225952" />
      <trkpt lat="50.317827" lon="-126.225192" />
      <trkpt lat="50.322932" lon="-126.214815" />
      <trkpt lat="50.324182" lon="-126.21243" />
      <trkpt lat="50.324904" lon="-126.211328" />
      <trkpt lat="50.32471" lon="-126.211206" />
      <trkpt lat="50.324548" lon="-126.211265" />
      <trkpt lat="50.324342" lon="-126.211694" />
      <trkpt lat="50.323476" lon="-126.213353" />
      <trkpt lat="50.321073" lon="-126.218063" />
      <trkpt lat="50.320458" lon="-126.218741" />
      <trkpt lat="50.319091" lon="-126.220243" />
      <trkpt lat="50.318549" lon="-126.221206" />
      <trkpt lat="50.318437" lon="-126.221468" />
      <trkpt lat="50.318343" lon="-126.221458" />
      <trkpt lat="50.318018" lon="-126.221506" />
      <trkpt lat="50.317716" lon="-126.221463" />
      <trkpt lat="50.317412" lon="-126.221575" />
      <trkpt lat="50.316997" lon="-126.221811" />
      <trkpt lat="50.316719" lon="-126.221908" />
      <trkpt lat="50.316353" lon="-126.222101" />
      <trkpt lat="50.316154" lon="-126.22209" />
      <trkpt lat="50.315256" lon="-126.221978" />
      <trkpt lat="50.314725" lon="-126.221709" />
      <trkpt lat="50.314551" lon="-126.221849" />
      <trkpt lat="50.313828" lon="-126.222723" />
      <trkpt lat="50.313742" lon="-126.222782" />
      <trkpt lat="50.313605" lon="-126.222809" />
      <trkpt lat="50.313523" lon="-126.222804" />
      <trkpt lat="50.313057" lon="-126.222686" />
      <trkpt lat="50.312474" lon="-126.222659" />
      <trkpt lat="50.312022" lon="-126.2226" />
      <trkpt lat="50.311618" lon="-126.222589" />
      <trkpt lat="50.311323" lon="-126.222664" />
      <trkpt lat="50.311172" lon="-126.222605" />
      <trkpt lat="50.310364" lon="-126.22275" />
      <trkpt lat="50.309634" lon="-126.222949" />
      <trkpt lat="50.309223" lon="-126.223147" />
      <trkpt lat="50.308979" lon="-126.223244" />
      <trkpt lat="50.308791" lon="-126.223297" />
      <trkpt lat="50.308332" lon="-126.223383" />
      <trkpt lat="50.307725" lon="-126.223598" />
      <trkpt lat="50.307088" lon="-126.223716" />
      <trkpt lat="50.306643" lon="-126.223576" />
      <trkpt lat="50.306425" lon="-126.223565" />
      <trkpt lat="50.306063" lon="-126.223973" />
      <trkpt lat="50.305971" lon="-126.223973" />
      <trkpt lat="50.30568" lon="-126.223925" />
      <trkpt lat="50.305553" lon="-126.22393" />
      <trkpt lat="50.304854" lon="-126.224054" />
      <trkpt lat="50.304669" lon="-126.224048" />
      <trkpt lat="50.304367" lon="-126.223984" />
      <trkpt lat="50.304148" lon="-126.223877" />
      <trkpt lat="50.304059" lon="-126.22385" />
      <trkpt lat="50.303922" lon="-126.223842" />
      <trkpt lat="50.303723" lon="-126.223861" />
      <trkpt lat="50.30362" lon="-126.223818" />
      <trkpt lat="50.303528" lon="-126.223705" />
      <trkpt lat="50.303584" lon="-126.223424" />
      <trkpt lat="50.303871" lon="-126.223319" />
      <trkpt lat="50.304162" lon="-126.223072" />
      <trkpt lat="50.304861" lon="-126.222294" />
      <trkpt lat="50.305039" lon="-126.222031" />
      <trkpt lat="50.305272" lon="-126.221575" />
      <trkpt lat="50.305477" lon="-126.221302" />
      <trkpt lat="50.305851" lon="-126.220948" />
      <trkpt lat="50.306122" lon="-126.220749" />
      <trkpt lat="50.30678" lon="-126.219987" />
      <trkpt lat="50.306954" lon="-126.219832" />
      <trkpt lat="50.307307" lon="-126.219569" />
      <trkpt lat="50.307506" lon="-126.219467" />
      <trkpt lat="50.307828" lon="-126.219456" />
      <trkpt lat="50.307975" lon="-126.219435" />
      <trkpt lat="50.308123" lon="-126.219376" />
      <trkpt lat="50.308201" lon="-126.219311" />
      <trkpt lat="50.308236" lon="-126.219263" />
      <trkpt lat="50.308246" lon="-126.219097" />
      <trkpt lat="50.308184" lon="-126.218936" />
      <trkpt lat="50.308136" lon="-126.218882" />
      <trkpt lat="50.307979" lon="-126.218818" />
      <trkpt lat="50.307705" lon="-126.218775" />
      <trkpt lat="50.307465" lon="-126.218775" />
      <trkpt lat="50.307232" lon="-126.218834" />
      <trkpt lat="50.307057" lon="-126.21892" />
      <trkpt lat="50.306896" lon="-126.218973" />
      <trkpt lat="50.306314" lon="-126.219081" />
      <trkpt lat="50.305354" lon="-126.219156" />
      <trkpt lat="50.30508" lon="-126.219156" />
      <trkpt lat="50.304758" lon="-126.219118" />
      <trkpt lat="50.304655" lon="-126.219134" />
      <trkpt lat="50.304062" lon="-126.219311" />
      <trkpt lat="50.303812" lon="-126.219349" />
      <trkpt lat="50.302812" lon="-126.219134" />
      <trkpt lat="50.302634" lon="-126.219145" />
      <trkpt lat="50.302244" lon="-126.21919" />
      <trkpt lat="50.301411" lon="-126.219533" />
      <trkpt lat="50.300643" lon="-126.219826" />
      <trkpt lat="50.299981" lon="-126.219928" />
      <trkpt lat="50.29946" lon="-126.219875" />
      <trkpt lat="50.299138" lon="-126.219826" />
      <trkpt lat="50.299035" lon="-126.219778" />
      <trkpt lat="50.298268" lon="-126.219703" />
      <trkpt lat="50.297935" lon="-126.219698" />
      <trkpt lat="50.297678" lon="-126.219724" />
      <trkpt lat="50.297031" lon="-126.219829" />
      <trkpt lat="50.296636" lon="-126.219971" />
      <trkpt lat="50.295515" lon="-126.219859" />
      <trkpt lat="50.295152" lon="-126.219832" />
      <trkpt lat="50.295008" lon="-126.219778" />
      <trkpt lat="50.293946" lon="-126.219172" />
      <trkpt lat="50.293562" lon="-126.218931" />
      <trkpt lat="50.29327" lon="-126.218775" />
      <trkpt lat="50.292993" lon="-126.218732" />
      <trkpt lat="50.292801" lon="-126.218802" />
      <trkpt lat="50.292746" lon="-126.218839" />
      <trkpt lat="50.292695" lon="-126.218927" />
      <trkpt lat="50.292595" lon="-126.21914" />
      <trkpt lat="50.292499" lon="-126.219381" />
      <trkpt lat="50.292417" lon="-126.219644" />
      <trkpt lat="50.292321" lon="-126.220003" />
      <trkpt lat="50.292239" lon="-126.220358" />
      <trkpt lat="50.292156" lon="-126.220653" />
      <trkpt lat="50.292129" lon="-126.220953" />
      <trkpt lat="50.292122" lon="-126.221044" />
      <trkpt lat="50.292108" lon="-126.221683" />
      <trkpt lat="50.292129" lon="-126.221924" />
      <trkpt lat="50.292122" lon="-126.222257" />
      <trkpt lat="50.29206" lon="-126.222589" />
      <trkpt lat="50.29205" lon="-126.222718" />
      <trkpt lat="50.292012" lon="-126.222943" />
      <trkpt lat="50.291941" lon="-126.223126" />
      <trkpt lat="50.291677" lon="-126.22341" />
      <trkpt lat="50.291533" lon="-126.223539" />
      <trkpt lat="50.290624" lon="-126.224107" />
      <trkpt lat="50.290288" lon="-126.224263" />
      <trkpt lat="50.289809" lon="-126.224445" />
      <trkpt lat="50.289373" lon="-126.224714" />
      <trkpt lat="50.288887" lon="-126.224955" />
      <trkpt lat="50.288609" lon="-126.225207" />
      <trkpt lat="50.288498" lon="-126.225287" />
      <trkpt lat="50.288054" lon="-126.225604" />
      <trkpt lat="50.287848" lon="-126.22569" />
      <trkpt lat="50.287626" lon="-126.225679" />
      <trkpt lat="50.287389" lon="-126.225705" />
      <trkpt lat="50.287276" lon="-126.225771" />
      <trkpt lat="50.287228" lon="-126.225846" />
      <trkpt lat="50.287187" lon="-126.225985" />
      <trkpt lat="50.287156" lon="-126.226264" />
      <trkpt lat="50.287111" lon="-126.226495" />
      <trkpt lat="50.287077" lon="-126.226591" />
      <trkpt lat="50.286916" lon="-126.226827" />
      <trkpt lat="50.286758" lon="-126.227026" />
      <trkpt lat="50.286649" lon="-126.227117" />
      <trkpt lat="50.286577" lon="-126.227133" />
      <trkpt lat="50.286501" lon="-126.227117" />
      <trkpt lat="50.286395" lon="-126.227063" />
      <trkpt lat="50.285898" lon="-126.226699" />
      <trkpt lat="50.285627" lon="-126.226527" />
      <trkpt lat="50.285223" lon="-126.226318" />
      <trkpt lat="50.284973" lon="-126.226157" />
      <trkpt lat="50.284578" lon="-126.225797" />
      <trkpt lat="50.284133" lon="-126.225433" />
      <trkpt lat="50.283951" lon="-126.225218" />
      <trkpt lat="50.283811" lon="-126.225009" />
      <trkpt lat="50.28366" lon="-126.224751" />
      <trkpt lat="50.283279" lon="-126.224183" />
      <trkpt lat="50.283132" lon="-126.224006" />
      <trkpt lat="50.282865" lon="-126.223764" />
      <trkpt lat="50.282601" lon="-126.223448" />
      <trkpt lat="50.282484" lon="-126.223378" />
      <trkpt lat="50.282405" lon="-126.223378" />
      <trkpt lat="50.282323" lon="-126.22341" />
      <trkpt lat="50.282114" lon="-126.22355" />
      <trkpt lat="50.282025" lon="-126.223587" />
      <trkpt lat="50.281919" lon="-126.223571" />
      <trkpt lat="50.281768" lon="-126.223458" />
      <trkpt lat="50.281356" lon="-126.222981" />
      <trkpt lat="50.281106" lon="-126.222659" />
      <trkpt lat="50.280973" lon="-126.222407" />
      <trkpt lat="50.280808" lon="-126.221994" />
      <trkpt lat="50.280712" lon="-126.221865" />
      <trkpt lat="50.280544" lon="-126.221715" />
      <trkpt lat="50.28029" lon="-126.221554" />
      <trkpt lat="50.279941" lon="-126.221447" />
      <trkpt lat="50.279817" lon="-126.221388" />
      <trkpt lat="50.279701" lon="-126.221264" />
      <trkpt lat="50.279492" lon="-126.220899" />
      <trkpt lat="50.279399" lon="-126.220798" />
      <trkpt lat="50.279115" lon="-126.220658" />
      <trkpt lat="50.27881" lon="-126.220481" />
      <trkpt lat="50.278673" lon="-126.220368" />
      <trkpt lat="50.278306" lon="-126.219923" />
      <trkpt lat="50.278052" lon="-126.21958" />
      <trkpt lat="50.277377" lon="-126.218528" />
      <trkpt lat="50.277069" lon="-126.218153" />
      <trkpt lat="50.276805" lon="-126.217901" />
      <trkpt lat="50.27663" lon="-126.217761" />
      <trkpt lat="50.276304" lon="-126.217589" />
      <trkpt lat="50.276078" lon="-126.217445" />
      <trkpt lat="50.27592" lon="-126.21745" />
      <trkpt lat="50.275732" lon="-126.217493" />
      <trkpt lat="50.275595" lon="-126.217493" />
      <trkpt lat="50.275296" lon="-126.217353" />
      <trkpt lat="50.275036" lon="-126.2173" />
      <trkpt lat="50.274937" lon="-126.217235" />
      <trkpt lat="50.274882" lon="-126.217155" />
      <trkpt lat="50.274847" lon="-126.217037" />
      <trkpt lat="50.274837" lon="-126.216946" />
      <trkpt lat="50.274865" lon="-126.216828" />
      <trkpt lat="50.274902" lon="-126.216769" />
      <trkpt lat="50.27495" lon="-126.216731" />
      <trkpt lat="50.275392" lon="-126.216468" />
      <trkpt lat="50.275509" lon="-126.216297" />
      <trkpt lat="50.275313" lon="-126.21605" />
      <trkpt lat="50.275141" lon="-126.215905" />
      <trkpt lat="50.274949" lon="-126.215749" />
      <trkpt lat="50.274422" lon="-126.215363" />
      <trkpt lat="50.274192" lon="-126.215229" />
      <trkpt lat="50.274027" lon="-126.215218" />
      <trkpt lat="50.273805" lon="-126.215277" />
      <trkpt lat="50.273592" lon="-126.215395" />
      <trkpt lat="50.273448" lon="-126.215513" />
      <trkpt lat="50.273205" lon="-126.215738" />
      <trkpt lat="50.273044" lon="-126.215846" />
      <trkpt lat="50.272889" lon="-126.215921" />
      <trkpt lat="50.2728" lon="-126.215926" />
      <trkpt lat="50.272715" lon="-126.215878" />
      <trkpt lat="50.272663" lon="-126.215803" />
      <trkpt lat="50.272639" lon="-126.215712" />
      <trkpt lat="50.272639" lon="-126.215631" />
      <trkpt lat="50.272653" lon="-126.215556" />
      <trkpt lat="50.272742" lon="-126.215331" />
      <trkpt lat="50.272896" lon="-126.215057" />
      <trkpt lat="50.27293" lon="-126.214982" />
      <trkpt lat="50.273009" lon="-126.214837" />
      <trkpt lat="50.273013" lon="-126.214644" />
      <trkpt lat="50.272924" lon="-126.214488" />
      <trkpt lat="50.272759" lon="-126.214488" />
      <trkpt lat="50.272622" lon="-126.214505" />
      <trkpt lat="50.272471" lon="-126.214531" />
      <trkpt lat="50.272348" lon="-126.21458" />
      <trkpt lat="50.272259" lon="-126.214606" />
      <trkpt lat="50.271988" lon="-126.214784" />
      <trkpt lat="50.271858" lon="-126.214912" />
      <trkpt lat="50.271676" lon="-126.215164" />
      <trkpt lat="50.271474" lon="-126.215449" />
      <trkpt lat="50.271357" lon="-126.215578" />
      <trkpt lat="50.271275" lon="-126.215631" />
      <trkpt lat="50.271179" lon="-126.215663" />
      <trkpt lat="50.271031" lon="-126.215669" />
      <trkpt lat="50.270953" lon="-126.215647" />
      <trkpt lat="50.270867" lon="-126.215583" />
      <trkpt lat="50.270651" lon="-126.215336" />
      <trkpt lat="50.270565" lon="-126.215213" />
      <trkpt lat="50.270312" lon="-126.214489" />
      <trkpt lat="50.270157" lon="-126.213845" />
      <trkpt lat="50.270116" lon="-126.21363" />
      <trkpt lat="50.27012" lon="-126.213496" />
      <trkpt lat="50.270161" lon="-126.212643" />
      <trkpt lat="50.270243" lon="-126.212227" />
      <trkpt lat="50.270423" lon="-126.211801" />
      <trkpt lat="50.270945" lon="-126.210943" />
      <trkpt lat="50.271032" lon="-126.210782" />
      <trkpt lat="50.271299" lon="-126.210525" />
      <trkpt lat="50.271481" lon="-126.210412" />
      <trkpt lat="50.271751" lon="-126.210171" />
      <trkpt lat="50.271861" lon="-126.210101" />
      <trkpt lat="50.271964" lon="-126.210069" />
      <trkpt lat="50.272156" lon="-126.210069" />
      <trkpt lat="50.272547" lon="-126.210155" />
      <trkpt lat="50.27291" lon="-126.210123" />
      <trkpt lat="50.273177" lon="-126.20994" />
      <trkpt lat="50.273098" lon="-126.209565" />
      <trkpt lat="50.272828" lon="-126.208932" />
      <trkpt lat="50.272673" lon="-126.208706" />
      <trkpt lat="50.272341" lon="-126.20817" />
      <trkpt lat="50.272173" lon="-126.207869" />
      <trkpt lat="50.272091" lon="-126.207682" />
      <trkpt lat="50.272029" lon="-126.207311" />
      <trkpt lat="50.272094" lon="-126.206872" />
      <trkpt lat="50.272437" lon="-126.206839" />
      <trkpt lat="50.273071" lon="-126.207145" />
      <trkpt lat="50.273366" lon="-126.207193" />
      <trkpt lat="50.273781" lon="-126.207558" />
      <trkpt lat="50.273924" lon="-126.207607" />
      <trkpt lat="50.273972" lon="-126.20744" />
      <trkpt lat="50.273966" lon="-126.207328" />
      <trkpt lat="50.273781" lon="-126.2067" />
      <trkpt lat="50.273565" lon="-126.205772" />
      <trkpt lat="50.273438" lon="-126.205402" />
      <trkpt lat="50.273328" lon="-126.205171" />
      <trkpt lat="50.273215" lon="-126.204994" />
      <trkpt lat="50.272619" lon="-126.204232" />
      <trkpt lat="50.272416" lon="-126.203905" />
      <trkpt lat="50.272293" lon="-126.203771" />
      <trkpt lat="50.272173" lon="-126.203599" />
      <trkpt lat="50.271926" lon="-126.203165" />
      <trkpt lat="50.271926" lon="-126.203165" />
      <trkpt lat="50.272173" lon="-126.203599" />
      <trkpt lat="50.272293" lon="-126.203771" />
      <trkpt lat="50.272416" lon="-126.203905" />
      <trkpt lat="50.272619" lon="-126.204232" />
      <trkpt lat="50.273215" lon="-126.204994" />
      <trkpt lat="50.273328" lon="-126.205171" />
      <trkpt lat="50.273438" lon="-126.205402" />
      <trkpt lat="50.273565" lon="-126.205772" />
      <trkpt lat="50.273781" lon="-126.2067" />
      <trkpt lat="50.273966" lon="-126.207328" />
      <trkpt lat="50.273972" lon="-126.20744" />
      <trkpt lat="50.273924" lon="-126.207607" />
      <trkpt lat="50.273781" lon="-126.207558" />
      <trkpt lat="50.273366" lon="-126.207193" />
      <trkpt lat="50.273071" lon="-126.207145" />
      <trkpt lat="50.272437" lon="-126.206839" />
      <trkpt lat="50.272094" lon="-126.206872" />
      <trkpt lat="50.272029" lon="-126.207311" />
      <trkpt lat="50.272091" lon="-126.207682" />
      <trkpt lat="50.272173" lon="-126.207869" />
      <trkpt lat="50.272341" lon="-126.20817" />
      <trkpt lat="50.272673" lon="-126.208706" />
      <trkpt lat="50.272828" lon="-126.208932" />
      <trkpt lat="50.273098" lon="-126.209565" />
      <trkpt lat="50.273177" lon="-126.20994" />
      <trkpt lat="50.27291" lon="-126.210123" />
      <trkpt lat="50.272547" lon="-126.210155" />
      <trkpt lat="50.272156" lon="-126.210069" />
      <trkpt lat="50.271964" lon="-126.210069" />
      <trkpt lat="50.271861" lon="-126.210101" />
      <trkpt lat="50.271751" lon="-126.210171" />
      <trkpt lat="50.271481" lon="-126.210412" />
      <trkpt lat="50.271299" lon="-126.210525" />
      <trkpt lat="50.271032" lon="-126.210782" />
      <trkpt lat="50.270945" lon="-126.210943" />
      <trkpt lat="50.270423" lon="-126.211801" />
      <trkpt lat="50.270243" lon="-126.212227" />
      <trkpt lat="50.270161" lon="-126.212643" />
      <trkpt lat="50.27012" lon="-126.213496" />
      <trkpt lat="50.270116" lon="-126.21363" />
      <trkpt lat="50.270157" lon="-126.213845" />
      <trkpt lat="50.270312" lon="-126.214489" />
      <trkpt lat="50.270565" lon="-126.215213" />
      <trkpt lat="50.270651" lon="-126.215336" />
      <trkpt lat="50.270867" lon="-126.215583" />
      <trkpt lat="50.270953" lon="-126.215647" />
      <trkpt lat="50.271031" lon="-126.215669" />
      <trkpt lat="50.271179" lon="-126.215663" />
      <trkpt lat="50.271275" lon="-126.215631" />
      <trkpt lat="50.271357" lon="-126.215578" />
      <trkpt lat="50.271474" lon="-126.215449" />
      <trkpt lat="50.271676" lon="-126.215164" />
      <trkpt lat="50.271858" lon="-126.214912" />
      <trkpt lat="50.271988" lon="-126.214784" />
      <trkpt lat="50.272259" lon="-126.214606" />
      <trkpt lat="50.272348" lon="-126.21458" />
      <trkpt lat="50.272471" lon="-126.214531" />
      <trkpt lat="50.272622" lon="-126.214505" />
      <trkpt lat="50.272759" lon="-126.214488" />
      <trkpt lat="50.272924" lon="-126.214488" />
      <trkpt lat="50.273013" lon="-126.214644" />
      <trkpt lat="50.273009" lon="-126.214837" />
      <trkpt lat="50.27293" lon="-126.214982" />
      <trkpt lat="50.272896" lon="-126.215057" />
      <trkpt lat="50.272742" lon="-126.215331" />
      <trkpt lat="50.272653" lon="-126.215556" />
      <trkpt lat="50.272639" lon="-126.215631" />
      <trkpt lat="50.272639" lon="-126.215712" />
      <trkpt lat="50.272663" lon="-126.215803" />
      <trkpt lat="50.272715" lon="-126.215878" />
      <trkpt lat="50.2728" lon="-126.215926" />
      <trkpt lat="50.272889" lon="-126.215921" />
      <trkpt lat="50.273044" lon="-126.215846" />
      <trkpt lat="50.273205" lon="-126.215738" />
      <trkpt lat="50.273448" lon="-126.215513" />
      <trkpt lat="50.273592" lon="-126.215395" />
      <trkpt lat="50.273805" lon="-126.215277" />
      <trkpt lat="50.274027" lon="-126.215218" />
      <trkpt lat="50.274192" lon="-126.215229" />
      <trkpt lat="50.274422" lon="-126.215363" />
      <trkpt lat="50.274949" lon="-126.215749" />
      <trkpt lat="50.275141" lon="-126.215905" />
      <trkpt lat="50.275313" lon="-126.21605" />
      <trkpt lat="50.275509" lon="-126.216297" />
      <trkpt lat="50.275392" lon="-126.216468" />
      <trkpt lat="50.27495" lon="-126.216731" />
      <trkpt lat="50.274902" lon="-126.216769" />
      <trkpt lat="50.274865" lon="-126.216828" />
      <trkpt lat="50.274837" lon="-126.216946" />
      <trkpt lat="50.274847" lon="-126.217037" />
      <trkpt lat="50.274882" lon="-126.217155" />
      <trkpt lat="50.274937" lon="-126.217235" />
      <trkpt lat="50.275036" lon="-126.2173" />
      <trkpt lat="50.275296" lon="-126.217353" />
      <trkpt lat="50.275595" lon="-126.217493" />
      <trkpt lat="50.275732" lon="-126.217493" />
      <trkpt lat="50.27592" lon="-126.21745" />
      <trkpt lat="50.276078" lon="-126.217445" />
      <trkpt lat="50.276304" lon="-126.217589" />
      <trkpt lat="50.27663" lon="-126.217761" />
      <trkpt lat="50.276805" lon="-126.217901" />
      <trkpt lat="50.277069" lon="-126.218153" />
      <trkpt lat="50.277377" lon="-126.218528" />
      <trkpt lat="50.278052" lon="-126.21958" />
      <trkpt lat="50.278306" lon="-126.219923" />
      <trkpt lat="50.278673" lon="-126.220368" />
      <trkpt lat="50.27881" lon="-126.220481" />
      <trkpt lat="50.279115" lon="-126.220658" />
      <trkpt lat="50.279399" lon="-126.220798" />
      <trkpt lat="50.279492" lon="-126.220899" />
      <trkpt lat="50.279701" lon="-126.221264" />
      <trkpt lat="50.279817" lon="-126.221388" />
      <trkpt lat="50.279941" lon="-126.221447" />
      <trkpt lat="50.28029" lon="-126.221554" />
      <trkpt lat="50.280544" lon="-126.221715" />
      <trkpt lat="50.280712" lon="-126.221865" />
      <trkpt lat="50.280808" lon="-126.221994" />
      <trkpt lat="50.280973" lon="-126.222407" />
      <trkpt lat="50.281106" lon="-126.222659" />
      <trkpt lat="50.281356" lon="-126.222981" />
      <trkpt lat="50.281768" lon="-126.223458" />
      <trkpt lat="50.281919" lon="-126.223571" />
      <trkpt lat="50.282025" lon="-126.223587" />
      <trkpt lat="50.282114" lon="-126.22355" />
      <trkpt lat="50.282323" lon="-126.22341" />
      <trkpt lat="50.282405" lon="-126.223378" />
      <trkpt lat="50.282484" lon="-126.223378" />
      <trkpt lat="50.282601" lon="-126.223448" />
      <trkpt lat="50.282865" lon="-126.223764" />
      <trkpt lat="50.283132" lon="-126.224006" />
      <trkpt lat="50.283279" lon="-126.224183" />
      <trkpt lat="50.28366" lon="-126.224751" />
      <trkpt lat="50.283811" lon="-126.225009" />
      <trkpt lat="50.283951" lon="-126.225218" />
      <trkpt lat="50.284133" lon="-126.225433" />
      <trkpt lat="50.284578" lon="-126.225797" />
      <trkpt lat="50.284973" lon="-126.226157" />
      <trkpt lat="50.285223" lon="-126.226318" />
      <trkpt lat="50.285627" lon="-126.226527" />
      <trkpt lat="50.285898" lon="-126.226699" />
      <trkpt lat="50.286395" lon="-126.227063" />
      <trkpt lat="50.286501" lon="-126.227117" />
      <trkpt lat="50.286577" lon="-126.227133" />
      <trkpt lat="50.286649" lon="-126.227117" />
      <trkpt lat="50.286758" lon="-126.227026" />
      <trkpt lat="50.286916" lon="-126.226827" />
      <trkpt lat="50.287077" lon="-126.226591" />
      <trkpt lat="50.287111" lon="-126.226495" />
      <trkpt lat="50.287156" lon="-126.226264" />
      <trkpt lat="50.287187" lon="-126.225985" />
      <trkpt lat="50.287228" lon="-126.225846" />
      <trkpt lat="50.287276" lon="-126.225771" />
      <trkpt lat="50.287389" lon="-126.225705" />
      <trkpt lat="50.287626" lon="-126.225679" />
      <trkpt lat="50.287848" lon="-126.22569" />
      <trkpt lat="50.288054" lon="-126.225604" />
      <trkpt lat="50.288498" lon="-126.225287" />
      <trkpt lat="50.288609" lon="-126.225207" />
      <trkpt lat="50.288887" lon="-126.224955" />
      <trkpt lat="50.289373" lon="-126.224714" />
      <trkpt lat="50.289809" lon="-126.224445" />
      <trkpt lat="50.290288" lon="-126.224263" />
      <trkpt lat="50.290624" lon="-126.224107" />
      <trkpt lat="50.291533" lon="-126.223539" />
      <trkpt lat="50.291677" lon="-126.22341" />
      <trkpt lat="50.291941" lon="-126.223126" />
      <trkpt lat="50.292012" lon="-126.222943" />
      <trkpt lat="50.29205" lon="-126.222718" />
      <trkpt lat="50.29206" lon="-126.222589" />
      <trkpt lat="50.292122" lon="-126.222257" />
      <trkpt lat="50.292129" lon="-126.221924" />
      <trkpt lat="50.292108" lon="-126.221683" />
      <trkpt lat="50.292122" lon="-126.221044" />
      <trkpt lat="50.292129" lon="-126.220953" />
      <trkpt lat="50.292156" lon="-126.220653" />
      <trkpt lat="50.292239" lon="-126.220358" />
      <trkpt lat="50.292321" lon="-126.220003" />
      <trkpt lat="50.292417" lon="-126.219644" />
      <trkpt lat="50.292499" lon="-126.219381" />
      <trkpt lat="50.292595" lon="-126.21914" />
      <trkpt lat="50.292695" lon="-126.218927" />
      <trkpt lat="50.292746" lon="-126.218839" />
      <trkpt lat="50.292801" lon="-126.218802" />
      <trkpt lat="50.292993" lon="-126.218732" />
      <trkpt lat="50.29327" lon="-126.218775" />
      <trkpt lat="50.293562" lon="-126.218931" />
      <trkpt lat="50.293946" lon="-126.219172" />
      <trkpt lat="50.295008" lon="-126.219778" />
      <trkpt lat="50.295152" lon="-126.219832" />
      <trkpt lat="50.295515" lon="-126.219859" />
      <trkpt lat="50.296636" lon="-126.219971" />
      <trkpt lat="50.297031" lon="-126.219829" />
      <trkpt lat="50.297678" lon="-126.219724" />
      <trkpt lat="50.297935" lon="-126.219698" />
      <trkpt lat="50.298268" lon="-126.219703" />
      <trkpt lat="50.299035" lon="-126.219778" />
      <trkpt lat="50.299138" lon="-126.219826" />
      <trkpt lat="50.29946" lon="-126.219875" />
      <trkpt lat="50.299981" lon="-126.219928" />
      <trkpt lat="50.300643" lon="-126.219826" />
      <trkpt lat="50.301411" lon="-126.219533" />
      <trkpt lat="50.302244" lon="-126.21919" />
      <trkpt lat="50.302634" lon="-126.219145" />
      <trkpt lat="50.302812" lon="-126.219134" />
      <trkpt lat="50.303812" lon="-126.219349" />
      <trkpt lat="50.304062" lon="-126.219311" />
      <trkpt lat="50.304655" lon="-126.219134" />
      <trkpt lat="50.304758" lon="-126.219118" />
      <trkpt lat="50.30508" lon="-126.219156" />
      <trkpt lat="50.305354" lon="-126.219156" />
      <trkpt lat="50.306314" lon="-126.219081" />
      <trkpt lat="50.306896" lon="-126.218973" />
      <trkpt lat="50.307057" lon="-126.21892" />
      <trkpt lat="50.307232" lon="-126.218834" />
      <trkpt lat="50.307465" lon="-126.218775" />
      <trkpt lat="50.307705" lon="-126.218775" />
      <trkpt lat="50.307979" lon="-126.218818" />
      <trkpt lat="50.308136" lon="-126.218882" />
      <trkpt lat="50.308184" lon="-126.218936" />
      <trkpt lat="50.308246" lon="-126.219097" />
      <trkpt lat="50.308236" lon="-126.219263" />
      <trkpt lat="50.308201" lon="-126.219311" />
      <trkpt lat="50.308123" lon="-126.219376" />
      <trkpt lat="50.307975" lon="-126.219435" />
      <trkpt lat="50.307828" lon="-126.219456" />
      <trkpt lat="50.307506" lon="-126.219467" />
      <trkpt lat="50.307307" lon="-126.219569" />
      <trkpt lat="50.306954" lon="-126.219832" />
      <trkpt lat="50.30678" lon="-126.219987" />
      <trkpt lat="50.306122" lon="-126.220749" />
      <trkpt lat="50.305851" lon="-126.220948" />
      <trkpt lat="50.305477" lon="-126.221302" />
      <trkpt lat="50.305272" lon="-126.221575" />
      <trkpt lat="50.305039" lon="-126.222031" />
      <trkpt lat="50.304861" lon="-126.222294" />
      <trkpt lat="50.304162" lon="-126.223072" />
      <trkpt lat="50.303871" lon="-126.223319" />
      <trkpt lat="50.303584" lon="-126.223424" />
      <trkpt lat="50.303528" lon="-126.223705" />
      <trkpt lat="50.30362" lon="-126.223818" />
      <trkpt lat="50.303723" lon="-126.223861" />
      <trkpt lat="50.303922" lon="-126.223842" />
      <trkpt lat="50.304059" lon="-126.22385" />
      <trkpt lat="50.304148" lon="-126.223877" />
      <trkpt lat="50.304367" lon="-126.223984" />
      <trkpt lat="50.304669" lon="-126.224048" />
      <trkpt lat="50.304854" lon="-126.224054" />
      <trkpt lat="50.305553" lon="-126.22393" />
      <trkpt lat="50.30568" lon="-126.223925" />
      <trkpt lat="50.305971" lon="-126.223973" />
      <trkpt lat="50.306063" lon="-126.223973" />
      <trkpt lat="50.306425" lon="-126.223565" />
      <trkpt lat="50.306643" lon="-126.223576" />
      <trkpt lat="50.307088" lon="-126.223716" />
      <trkpt lat="50.307725" lon="-126.223598" />
      <trkpt lat="50.308332" lon="-126.223383" />
      <trkpt lat="50.308791" lon="-126.223297" />
      <trkpt lat="50.308979" lon="-126.223244" />
      <trkpt lat="50.309223" lon="-126.223147" />
      <trkpt lat="50.309634" lon="-126.222949" />
      <trkpt lat="50.310364" lon="-126.22275" />
      <trkpt lat="50.311172" lon="-126.222605" />
      <trkpt lat="50.311323" lon="-126.222664" />
      <trkpt lat="50.311618" lon="-126.222589" />
      <trkpt lat="50.312022" lon="-126.2226" />
      <trkpt lat="50.312474" lon="-126.222659" />
      <trkpt lat="50.313057" lon="-126.222686" />
      <trkpt lat="50.313523" lon="-126.222804" />
      <trkpt lat="50.313605" lon="-126.222809" />
      <trkpt lat="50.313742" lon="-126.222782" />
      <trkpt lat="50.313828" lon="-126.222723" />
      <trkpt lat="50.314551" lon="-126.221849" />
      <trkpt lat="50.314725" lon="-126.221709" />
      <trkpt lat="50.315256" lon="-126.221978" />
      <trkpt lat="50.316154" lon="-126.22209" />
      <trkpt lat="50.316353" lon="-126.222101" />
      <trkpt lat="50.316719" lon="-126.221908" />
      <trkpt lat="50.316997" lon="-126.221811" />
      <trkpt lat="50.317412" lon="-126.221575" />
      <trkpt lat="50.317716" lon="-126.221463" />
      <trkpt lat="50.318018" lon="-126.221506" />
      <trkpt lat="50.318343" lon="-126.221458" />
      <trkpt lat="50.318437" lon="-126.221468" />
      <trkpt lat="50.318549" lon="-126.221206" />
      <trkpt lat="50.319091" lon="-126.220243" />
      <trkpt lat="50.320458" lon="-126.218741" />
      <trkpt lat="50.321073" lon="-126.218063" />
      <trkpt lat="50.323476" lon="-126.213353" />
      <trkpt lat="50.324342" lon="-126.211694" />
      <trkpt lat="50.324548" lon="-126.211265" />
      <trkpt lat="50.32471" lon="-126.211206" />
      <trkpt lat="50.324904" lon="-126.211328" />
      <trkpt lat="50.325033" lon="-126.211159" />
      <trkpt lat="50.325557" lon="-126.21049" />
      <trkpt lat="50.326479" lon="-126.209498" />
      <trkpt lat="50.333203" lon="-126.203662" />
      <trkpt lat="50.334554" lon="-126.202452" />
      <trkpt lat="50.335081" lon="-126.201903" />
      <trkpt lat="50.336" lon="-126.200611" />
      <trkpt lat="50.336611" lon="-126.199518" />
      <trkpt lat="50.337186" lon="-126.198145" />
      <trkpt lat="50.337438" lon="-126.197393" />
      <trkpt lat="50.337711" lon="-126.196376" />
      <trkpt lat="50.337963" lon="-126.195182" />
      <trkpt lat="50.338392" lon="-126.191862" />
      <trkpt lat="50.338597" lon="-126.19029" />
      <trkpt lat="50.338797" lon="-126.188978" />
      <trkpt lat="50.339008" lon="-126.188149" />
      <trkpt lat="50.33993" lon="-126.185325" />
      <trkpt lat="50.340248" lon="-126.184228" />
      <trkpt lat="50.340637" lon="-126.182504" />
      <trkpt lat="50.34085" lon="-126.181053" />
      <trkpt lat="50.340988" lon="-126.179522" />
      <trkpt lat="50.341003" lon="-126.179245" />
      <trkpt lat="50.341112" lon="-126.177229" />
      <trkpt lat="50.341233" lon="-126.174983" />
      <trkpt lat="50.341345" lon="-126.172283" />
      <trkpt lat="50.341449" lon="-126.171394" />
      <trkpt lat="50.341613" lon="-126.170548" />
      <trkpt lat="50.341816" lon="-126.169896" />
      <trkpt lat="50.342033" lon="-126.169378" />
      <trkpt lat="50.342405" lon="-126.168703" />
      <trkpt lat="50.349513" lon="-126.157173" />
      <trkpt lat="50.350003" lon="-126.156556" />
      <trkpt lat="50.350599" lon="-126.155831" />
      <trkpt lat="50.351187" lon="-126.155292" />
      <trkpt lat="50.354107" lon="-126.152988" />
      <trkpt lat="50.356825" lon="-126.150939" />
      <trkpt lat="50.359488" lon="-126.148834" />
      <trkpt lat="50.359984" lon="-126.148308" />
      <trkpt lat="50.360441" lon="-126.147783" />
      <trkpt lat="50.360944" lon="-126.147079" />
      <trkpt lat="50.361317" lon="-126.146428" />
      <trkpt lat="50.361732" lon="-126.145575" />
      <trkpt lat="50.361968" lon="-126.144943" />
      <trkpt lat="50.362192" lon="-126.144243" />
      <trkpt lat="50.362435" lon="-126.143323" />
      <trkpt lat="50.362582" lon="-126.142529" />
      <trkpt lat="50.362611" lon="-126.142317" />
      <trkpt lat="50.362686" lon="-126.141778" />
      <trkpt lat="50.362755" lon="-126.140944" />
      <trkpt lat="50.362777" lon="-126.14014" />
      <trkpt lat="50.362751" lon="-126.139185" />
      <trkpt lat="50.362693" lon="-126.138523" />
      <trkpt lat="50.362485" lon="-126.137252" />
      <trkpt lat="50.362239" lon="-126.136232" />
      <trkpt lat="50.362168" lon="-126.135957" />
      <trkpt lat="50.361796" lon="-126.134907" />
      <trkpt lat="50.361482" lon="-126.13419" />
      <trkpt lat="50.361115" lon="-126.133513" />
      <trkpt lat="50.359794" lon="-126.13152" />
      <trkpt lat="50.359469" lon="-126.130869" />
      <trkpt lat="50.357417" lon="-126.125847" />
      <trkpt lat="50.357023" lon="-126.125" />
      <trkpt lat="50.356438" lon="-126.123919" />
      <trkpt lat="50.35598" lon="-126.123151" />
      <trkpt lat="50.355439" lon="-126.122343" />
      <trkpt lat="50.354784" lon="-126.12153" />
      <trkpt lat="50.354041" lon="-126.120759" />
      <trkpt lat="50.353421" lon="-126.120154" />
      <trkpt lat="50.341982" lon="-126.109807" />
      <trkpt lat="50.341358" lon="-126.109151" />
      <trkpt lat="50.340952" lon="-126.108671" />
      <trkpt lat="50.340504" lon="-126.108059" />
      <trkpt lat="50.340087" lon="-126.107355" />
      <trkpt lat="50.338109" lon="-126.103635" />
      <trkpt lat="50.336603" lon="-126.101112" />
      <trkpt lat="50.332079" lon="-126.094017" />
      <trkpt lat="50.329861" lon="-126.090581" />
      <trkpt lat="50.327556" lon="-126.086909" />
      <trkpt lat="50.326866" lon="-126.085528" />
      <trkpt lat="50.325165" lon="-126.081804" />
      <trkpt lat="50.323559" lon="-126.078587" />
      <trkpt lat="50.315611" lon="-126.063331" />
      <trkpt lat="50.315378" lon="-126.062663" />
      <trkpt lat="50.315216" lon="-126.062039" />
      <trkpt lat="50.315109" lon="-126.061469" />
      <trkpt lat="50.315006" lon="-126.060067" />
      <trkpt lat="50.315028" lon="-126.059393" />
      <trkpt lat="50.315095" lon="-126.058816" />
      <trkpt lat="50.315643" lon="-126.05556" />
      <trkpt lat="50.315775" lon="-126.054088" />
      <trkpt lat="50.315783" lon="-126.052659" />
      <trkpt lat="50.315719" lon="-126.051135" />
      <trkpt lat="50.315665" lon="-126.050544" />
      <trkpt lat="50.315501" lon="-126.049377" />
      <trkpt lat="50.314577" lon="-126.044731" />
      <trkpt lat="50.314469" lon="-126.044137" />
      <trkpt lat="50.314365" lon="-126.043156" />
      <trkpt lat="50.314316" lon="-126.042339" />
      <trkpt lat="50.314451" lon="-126.041238" />
      <trkpt lat="50.314525" lon="-126.040775" />
      <trkpt lat="50.314568" lon="-126.040523" />
      <trkpt lat="50.31505" lon="-126.0379" />
      <trkpt lat="50.31515" lon="-126.036759" />
      <trkpt lat="50.315165" lon="-126.036188" />
      <trkpt lat="50.315135" lon="-126.034436" />
      <trkpt lat="50.31515" lon="-126.03299" />
      <trkpt lat="50.315194" lon="-126.032378" />
      <trkpt lat="50.315273" lon="-126.031831" />
      <trkpt lat="50.315402" lon="-126.03132" />
      <trkpt lat="50.315595" lon="-126.030555" />
      <trkpt lat="50.315846" lon="-126.029822" />
      <trkpt lat="50.316628" lon="-126.028003" />
      <trkpt lat="50.316827" lon="-126.027367" />
      <trkpt lat="50.31699" lon="-126.026711" />
      <trkpt lat="50.317071" lon="-126.02614" />
      <trkpt lat="50.317134" lon="-126.025531" />
      <trkpt lat="50.317215" lon="-126.02478" />
      <trkpt lat="50.317368" lon="-126.022625" />
      <trkpt lat="50.317399" lon="-126.022271" />
      <trkpt lat="50.317536" lon="-126.021258" />
      <trkpt lat="50.3191" lon="-126.014229" />
      <trkpt lat="50.319383" lon="-126.012841" />
      <trkpt lat="50.319452" lon="-126.012244" />
      <trkpt lat="50.319446" lon="-126.009539" />
      <trkpt lat="50.319565" lon="-126.00843" />
      <trkpt lat="50.319808" lon="-126.007456" />
      <trkpt lat="50.320014" lon="-126.006925" />
      <trkpt lat="50.32072" lon="-126.005452" />
      <trkpt lat="50.321039" lon="-126.004686" />
      <trkpt lat="50.321165" lon="-126.004292" />
      <trkpt lat="50.321348" lon="-126.003408" />
      <trkpt lat="50.32148" lon="-126.002358" />
      <trkpt lat="50.321584" lon="-126" />
      <trkpt lat="50.321793" lon="-125.995298" />
      <trkpt lat="50.321776" lon="-125.993112" />
      <trkpt lat="50.321726" lon="-125.992074" />
      <trkpt lat="50.321623" lon="-125.990959" />
      <trkpt lat="50.321566" lon="-125.99034" />
      <trkpt lat="50.320669" lon="-125.983555" />
      <trkpt lat="50.320561" lon="-125.982154" />
      <trkpt lat="50.320555" lon="-125.98073" />
      <trkpt lat="50.320538" lon="-125.975833" />
      <trkpt lat="50.32047" lon="-125.974017" />
      <trkpt lat="50.32029" lon="-125.972544" />
      <trkpt lat="50.319167" lon="-125.966725" />
      <trkpt lat="50.318945" lon="-125.965922" />
      <trkpt lat="50.318718" lon="-125.965223" />
      <trkpt lat="50.318252" lon="-125.964212" />
      <trkpt lat="50.317811" lon="-125.963476" />
      <trkpt lat="50.317443" lon="-125.962969" />
      <trkpt lat="50.31692" lon="-125.962397" />
      <trkpt lat="50.316355" lon="-125.961921" />
      <trkpt lat="50.315514" lon="-125.96144" />
      <trkpt lat="50.314147" lon="-125.960872" />
      <trkpt lat="50.313888" lon="-125.960697" />
      <trkpt lat="50.313605" lon="-125.960438" />
      <trkpt lat="50.313245" lon="-125.960016" />
      <trkpt lat="50.312934" lon="-125.959504" />
      <trkpt lat="50.312683" lon="-125.958951" />
      <trkpt lat="50.3125" lon="-125.958431" />
      <trkpt lat="50.312345" lon="-125.957793" />
      <trkpt lat="50.312246" lon="-125.957133" />
      <trkpt lat="50.312102" lon="-125.955278" />
      <trkpt lat="50.311997" lon="-125.954653" />
      <trkpt lat="50.311872" lon="-125.954128" />
      <trkpt lat="50.311701" lon="-125.953621" />
      <trkpt lat="50.311322" lon="-125.952811" />
      <trkpt lat="50.310283" lon="-125.951196" />
      <trkpt lat="50.309861" lon="-125.950318" />
      <trkpt lat="50.309722" lon="-125.949869" />
      <trkpt lat="50.3096" lon="-125.94928" />
      <trkpt lat="50.309311" lon="-125.947333" />
      <trkpt lat="50.309173" lon="-125.946721" />
      <trkpt lat="50.30897" lon="-125.946121" />
      <trkpt lat="50.308062" lon="-125.944202" />
      <trkpt lat="50.307837" lon="-125.94353" />
      <trkpt lat="50.307682" lon="-125.942824" />
      <trkpt lat="50.3076" lon="-125.942058" />
      <trkpt lat="50.3076" lon="-125.94123" />
      <trkpt lat="50.307621" lon="-125.941023" />
      <trkpt lat="50.307668" lon="-125.940547" />
      <trkpt lat="50.30779" lon="-125.93987" />
      <trkpt lat="50.307938" lon="-125.939359" />
      <trkpt lat="50.308301" lon="-125.938474" />
      <trkpt lat="50.30853" lon="-125.938083" />
      <trkpt lat="50.309092" lon="-125.9374" />
      <trkpt lat="50.312491" lon="-125.934605" />
      <trkpt lat="50.3125" lon="-125.934596" />
      <trkpt lat="50.312887" lon="-125.934221" />
      <trkpt lat="50.313235" lon="-125.93374" />
      <trkpt lat="50.313448" lon="-125.933349" />
      <trkpt lat="50.313572" lon="-125.933067" />
      <trkpt lat="50.313798" lon="-125.932531" />
      <trkpt lat="50.31399" lon="-125.931878" />
      <trkpt lat="50.314093" lon="-125.931154" />
      <trkpt lat="50.314124" lon="-125.930337" />
      <trkpt lat="50.314096" lon="-125.929574" />
      <trkpt lat="50.314034" lon="-125.928986" />
      <trkpt lat="50.313951" lon="-125.928602" />
      <trkpt lat="50.313865" lon="-125.928207" />
      <trkpt lat="50.313197" lon="-125.925143" />
      <trkpt lat="50.3127" lon="-125.922866" />
      <trkpt lat="50.3125" lon="-125.922013" />
      <trkpt lat="50.31193" lon="-125.919551" />
      <trkpt lat="50.311867" lon="-125.919419" />
      <trkpt lat="50.31177" lon="-125.919229" />
      <trkpt lat="50.311676" lon="-125.919146" />
      <trkpt lat="50.311529" lon="-125.919076" />
      <trkpt lat="50.311028" lon="-125.918464" />
      <trkpt lat="50.309573" lon="-125.917694" />
      <trkpt lat="50.308786" lon="-125.917449" />
      <trkpt lat="50.308289" lon="-125.917426" />
      <trkpt lat="50.307601" lon="-125.91738" />
      <trkpt lat="50.307408" lon="-125.917363" />
      <trkpt lat="50.307283" lon="-125.917303" />
      <trkpt lat="50.307179" lon="-125.917212" />
      <trkpt lat="50.307065" lon="-125.917007" />
      <trkpt lat="50.30667" lon="-125.918057" />
      <trkpt lat="50.306527" lon="-125.918378" />
      <trkpt lat="50.306127" lon="-125.919085" />
      <trkpt lat="50.305679" lon="-125.919632" />
      <trkpt lat="50.305351" lon="-125.919962" />
      <trkpt lat="50.305103" lon="-125.920124" />
      <trkpt lat="50.30463" lon="-125.920281" />
      <trkpt lat="50.304394" lon="-125.920353" />
      <trkpt lat="50.303868" lon="-125.919538" />
      <trkpt lat="50.303602" lon="-125.918893" />
      <trkpt lat="50.303377" lon="-125.918079" />
      <trkpt lat="50.303165" lon="-125.917495" />
      <trkpt lat="50.30288" lon="-125.916386" />
      <trkpt lat="50.302831" lon="-125.915941" />
      <trkpt lat="50.302826" lon="-125.915263" />
      <trkpt lat="50.302866" lon="-125.914322" />
      <trkpt lat="50.302839" lon="-125.91401" />
      <trkpt lat="50.302761" lon="-125.913662" />
      <trkpt lat="50.302537" lon="-125.913111" />
      <trkpt lat="50.302371" lon="-125.912905" />
      <trkpt lat="50.30215" lon="-125.912745" />
      <trkpt lat="50.301908" lon="-125.912654" />
      <trkpt lat="50.301665" lon="-125.912618" />
      <trkpt lat="50.299992" lon="-125.91261" />
      <trkpt lat="50.299411" lon="-125.912622" />
      <trkpt lat="50.299153" lon="-125.912677" />
      <trkpt lat="50.297419" lon="-125.913048" />
      <trkpt lat="50.297062" lon="-125.913001" />
      <trkpt lat="50.296734" lon="-125.912826" />
      <trkpt lat="50.29643" lon="-125.912558" />
      <trkpt lat="50.2958" lon="-125.911623" />
      <trkpt lat="50.295216" lon="-125.910479" />
      <trkpt lat="50.294146" lon="-125.908476" />
      <trkpt lat="50.292273" lon="-125.905101" />
      <trkpt lat="50.290454" lon="-125.901663" />
      <trkpt lat="50.289242" lon="-125.899503" />
      <trkpt lat="50.28912" lon="-125.899194" />
      <trkpt lat="50.288993" lon="-125.89891" />
      <trkpt lat="50.288882" lon="-125.898607" />
      <trkpt lat="50.288763" lon="-125.898304" />
      <trkpt lat="50.288644" lon="-125.89803" />
      <trkpt lat="50.288508" lon="-125.897713" />
      <trkpt lat="50.288408" lon="-125.897404" />
      <trkpt lat="50.288115" lon="-125.896875" />
      <trkpt lat="50.28782" lon="-125.89645" />
      <trkpt lat="50.287577" lon="-125.896112" />
      <trkpt lat="50.287326" lon="-125.895733" />
      <trkpt lat="50.28705" lon="-125.895286" />
      <trkpt lat="50.286637" lon="-125.894474" />
      <trkpt lat="50.286459" lon="-125.894081" />
      <trkpt lat="50.286301" lon="-125.893739" />
      <trkpt lat="50.285399" lon="-125.891729" />
      <trkpt lat="50.284922" lon="-125.890639" />
      <trkpt lat="50.284492" lon="-125.889405" />
      <trkpt lat="50.283926" lon="-125.888077" />
      <trkpt lat="50.283726" lon="-125.88765" />
      <trkpt lat="50.283406" lon="-125.886956" />
      <trkpt lat="50.283322" lon="-125.88672" />
      <trkpt lat="50.283177" lon="-125.886455" />
      <trkpt lat="50.282981" lon="-125.88604" />
      <trkpt lat="50.282879" lon="-125.885819" />
      <trkpt lat="50.28273" lon="-125.885527" />
      <trkpt lat="50.282656" lon="-125.885358" />
      <trkpt lat="50.282508" lon="-125.885064" />
      <trkpt lat="50.282431" lon="-125.884905" />
      <trkpt lat="50.282303" lon="-125.884617" />
      <trkpt lat="50.282233" lon="-125.884528" />
      <trkpt lat="50.282016" lon="-125.884206" />
      <trkpt lat="50.281875" lon="-125.884099" />
      <trkpt lat="50.281674" lon="-125.883863" />
      <trkpt lat="50.281514" lon="-125.883797" />
      <trkpt lat="50.281461" lon="-125.883752" />
      <trkpt lat="50.28124" lon="-125.883598" />
      <trkpt lat="50.28107" lon="-125.883545" />
      <trkpt lat="50.28099" lon="-125.883513" />
      <trkpt lat="50.280839" lon="-125.883447" />
      <trkpt lat="50.280616" lon="-125.883364" />
      <trkpt lat="50.280456" lon="-125.883298" />
      <trkpt lat="50.280304" lon="-125.883232" />
      <trkpt lat="50.279741" lon="-125.8831" />
      <trkpt lat="50.279625" lon="-125.883079" />
      <trkpt lat="50.279544" lon="-125.88306" />
      <trkpt lat="50.279423" lon="-125.883012" />
      <trkpt lat="50.279419" lon="-125.883011" />
      <trkpt lat="50.27927" lon="-125.882875" />
      <trkpt lat="50.279137" lon="-125.882797" />
      <trkpt lat="50.278951" lon="-125.882673" />
      <trkpt lat="50.278819" lon="-125.882553" />
      <trkpt lat="50.278617" lon="-125.882372" />
      <trkpt lat="50.278485" lon="-125.882224" />
      <trkpt lat="50.278302" lon="-125.882002" />
      <trkpt lat="50.278101" lon="-125.881752" />
      <trkpt lat="50.2779" lon="-125.881515" />
      <trkpt lat="50.277761" lon="-125.881338" />
      <trkpt lat="50.277605" lon="-125.881076" />
      <trkpt lat="50.277544" lon="-125.881002" />
      <trkpt lat="50.277398" lon="-125.880727" />
      <trkpt lat="50.277389" lon="-125.880712" />
      <trkpt lat="50.27727" lon="-125.880452" />
      <trkpt lat="50.277243" lon="-125.880436" />
      <trkpt lat="50.276967" lon="-125.879971" />
      <trkpt lat="50.276752" lon="-125.879565" />
      <trkpt lat="50.276734" lon="-125.879549" />
      <trkpt lat="50.276682" lon="-125.879476" />
      <trkpt lat="50.276511" lon="-125.879115" />
      <trkpt lat="50.276468" lon="-125.879042" />
      <trkpt lat="50.276278" lon="-125.878736" />
      <trkpt lat="50.276123" lon="-125.878446" />
      <trkpt lat="50.275848" lon="-125.87791" />
      <trkpt lat="50.27584" lon="-125.877895" />
      <trkpt lat="50.275607" lon="-125.877474" />
      <trkpt lat="50.275366" lon="-125.877066" />
      <trkpt lat="50.275367" lon="-125.877024" />
      <trkpt lat="50.27509" lon="-125.876573" />
      <trkpt lat="50.274816" lon="-125.876023" />
      <trkpt lat="50.274807" lon="-125.876008" />
      <trkpt lat="50.274573" lon="-125.875657" />
      <trkpt lat="50.274565" lon="-125.875615" />
      <trkpt lat="50.274288" lon="-125.875177" />
      <trkpt lat="50.274206" lon="-125.875" />
      <trkpt lat="50.274134" lon="-125.874845" />
      <trkpt lat="50.274082" lon="-125.874785" />
      <trkpt lat="50.273831" lon="-125.874363" />
      <trkpt lat="50.273685" lon="-125.874074" />
      <trkpt lat="50.273592" lon="-125.873843" />
      <trkpt lat="50.273583" lon="-125.873829" />
      <trkpt lat="50.273417" lon="-125.873422" />
      <trkpt lat="50.27305" lon="-125.871633" />
      <trkpt lat="50.272807" lon="-125.870357" />
      <trkpt lat="50.272566" lon="-125.869214" />
      <trkpt lat="50.271715" lon="-125.865184" />
      <trkpt lat="50.271625" lon="-125.864711" />
      <trkpt lat="50.271506" lon="-125.864153" />
      <trkpt lat="50.27129" lon="-125.863349" />
      <trkpt lat="50.271145" lon="-125.862798" />
      <trkpt lat="50.271044" lon="-125.862396" />
      <trkpt lat="50.270898" lon="-125.861843" />
      <trkpt lat="50.270752" lon="-125.861268" />
      <trkpt lat="50.270671" lon="-125.860773" />
      <trkpt lat="50.270572" lon="-125.860227" />
      <trkpt lat="50.270495" lon="-125.858133" />
      <trkpt lat="50.270464" lon="-125.856557" />
      <trkpt lat="50.270437" lon="-125.854775" />
      <trkpt lat="50.270289" lon="-125.85311" />
      <trkpt lat="50.270232" lon="-125.852883" />
      <trkpt lat="50.270087" lon="-125.852551" />
      <trkpt lat="50.269546" lon="-125.851495" />
      <trkpt lat="50.269261" lon="-125.850651" />
      <trkpt lat="50.269051" lon="-125.849698" />
      <trkpt lat="50.268807" lon="-125.848922" />
      <trkpt lat="50.268442" lon="-125.848452" />
      <trkpt lat="50.268258" lon="-125.848273" />
      <trkpt lat="50.268117" lon="-125.848195" />
      <trkpt lat="50.266468" lon="-125.8479" />
      <trkpt lat="50.26594" lon="-125.847735" />
      <trkpt lat="50.265904" lon="-125.847723" />
      <trkpt lat="50.265146" lon="-125.847486" />
      <trkpt lat="50.264965" lon="-125.847429" />
      <trkpt lat="50.264585" lon="-125.847311" />
      <trkpt lat="50.264303" lon="-125.847208" />
      <trkpt lat="50.263702" lon="-125.846991" />
      <trkpt lat="50.262781" lon="-125.846754" />
      <trkpt lat="50.262032" lon="-125.846476" />
      <trkpt lat="50.261969" lon="-125.846452" />
      <trkpt lat="50.261182" lon="-125.846238" />
      <trkpt lat="50.260836" lon="-125.846049" />
      <trkpt lat="50.260466" lon="-125.845787" />
      <trkpt lat="50.260044" lon="-125.845327" />
      <trkpt lat="50.259837" lon="-125.845008" />
      <trkpt lat="50.259382" lon="-125.844473" />
      <trkpt lat="50.259062" lon="-125.843895" />
      <trkpt lat="50.258418" lon="-125.843028" />
      <trkpt lat="50.257718" lon="-125.841905" />
      <trkpt lat="50.257184" lon="-125.8413" />
      <trkpt lat="50.25659" lon="-125.840547" />
      <trkpt lat="50.256019" lon="-125.83998" />
      <trkpt lat="50.255586" lon="-125.839454" />
      <trkpt lat="50.255082" lon="-125.838888" />
      <trkpt lat="50.254907" lon="-125.838707" />
      <trkpt lat="50.254548" lon="-125.838289" />
      <trkpt lat="50.253353" lon="-125.836861" />
      <trkpt lat="50.252272" lon="-125.835815" />
      <trkpt lat="50.251698" lon="-125.835303" />
      <trkpt lat="50.250685" lon="-125.834513" />
      <trkpt lat="50.25" lon="-125.833829" />
      <trkpt lat="50.249866" lon="-125.833696" />
      <trkpt lat="50.249493" lon="-125.833153" />
      <trkpt lat="50.249348" lon="-125.832849" />
      <trkpt lat="50.24837" lon="-125.831319" />
      <trkpt lat="50.248258" lon="-125.831102" />
      <trkpt lat="50.247821" lon="-125.830528" />
      <trkpt lat="50.247232" lon="-125.829989" />
      <trkpt lat="50.246647" lon="-125.829722" />
      <trkpt lat="50.245926" lon="-125.829382" />
      <trkpt lat="50.245544" lon="-125.828987" />
      <trkpt lat="50.244746" lon="-125.828138" />
      <trkpt lat="50.244451" lon="-125.827679" />
      <trkpt lat="50.244219" lon="-125.827222" />
      <trkpt lat="50.244149" lon="-125.826605" />
      <trkpt lat="50.243772" lon="-125.824312" />
      <trkpt lat="50.243699" lon="-125.823945" />
      <trkpt lat="50.243594" lon="-125.823628" />
      <trkpt lat="50.243338" lon="-125.822856" />
      <trkpt lat="50.242943" lon="-125.821277" />
      <trkpt lat="50.242874" lon="-125.821035" />
      <trkpt lat="50.242601" lon="-125.820124" />
      <trkpt lat="50.242217" lon="-125.818721" />
      <trkpt lat="50.242005" lon="-125.817878" />
      <trkpt lat="50.241512" lon="-125.816196" />
      <trkpt lat="50.241304" lon="-125.815484" />
      <trkpt lat="50.241096" lon="-125.814739" />
      <trkpt lat="50.240768" lon="-125.81363" />
      <trkpt lat="50.240642" lon="-125.813188" />
      <trkpt lat="50.240483" lon="-125.812561" />
      <trkpt lat="50.240119" lon="-125.811332" />
      <trkpt lat="50.23999" lon="-125.810968" />
      <trkpt lat="50.239839" lon="-125.810589" />
      <trkpt lat="50.239499" lon="-125.810108" />
      <trkpt lat="50.239023" lon="-125.809473" />
      <trkpt lat="50.238833" lon="-125.809153" />
      <trkpt lat="50.238403" lon="-125.808623" />
      <trkpt lat="50.238165" lon="-125.808307" />
      <trkpt lat="50.237691" lon="-125.807629" />
      <trkpt lat="50.237149" lon="-125.806972" />
      <trkpt lat="50.236304" lon="-125.805793" />
      <trkpt lat="50.23563" lon="-125.804965" />
      <trkpt lat="50.235364" lon="-125.804569" />
      <trkpt lat="50.23368" lon="-125.802358" />
      <trkpt lat="50.23283" lon="-125.801211" />
      <trkpt lat="50.232348" lon="-125.800552" />
      <trkpt lat="50.231881" lon="-125.799942" />
      <trkpt lat="50.231145" lon="-125.79898" />
      <trkpt lat="50.230328" lon="-125.797858" />
      <trkpt lat="50.229809" lon="-125.79714" />
      <trkpt lat="50.229342" lon="-125.796506" />
      <trkpt lat="50.229114" lon="-125.796215" />
      <trkpt lat="50.228819" lon="-125.795819" />
      <trkpt lat="50.228479" lon="-125.795356" />
      <trkpt lat="50.228303" lon="-125.795144" />
      <trkpt lat="50.227783" lon="-125.794429" />
      <trkpt lat="50.227285" lon="-125.793812" />
      <trkpt lat="50.226762" lon="-125.793027" />
      <trkpt lat="50.226338" lon="-125.792481" />
      <trkpt lat="50.226179" lon="-125.792267" />
      <trkpt lat="50.225924" lon="-125.791939" />
      <trkpt lat="50.225627" lon="-125.791536" />
      <trkpt lat="50.224686" lon="-125.790291" />
      <trkpt lat="50.224324" lon="-125.789777" />
      <trkpt lat="50.223931" lon="-125.789253" />
      <trkpt lat="50.223293" lon="-125.788372" />
      <trkpt lat="50.222358" lon="-125.787113" />
      <trkpt lat="50.221129" lon="-125.78553" />
      <trkpt lat="50.220812" lon="-125.785069" />
      <trkpt lat="50.220201" lon="-125.784235" />
      <trkpt lat="50.219452" lon="-125.783221" />
      <trkpt lat="50.219137" lon="-125.782814" />
      <trkpt lat="50.218413" lon="-125.781844" />
      <trkpt lat="50.217538" lon="-125.780653" />
      <trkpt lat="50.216938" lon="-125.779835" />
      <trkpt lat="50.216628" lon="-125.779443" />
      <trkpt lat="50.216249" lon="-125.778925" />
      <trkpt lat="50.215755" lon="-125.778257" />
      <trkpt lat="50.21543" lon="-125.777841" />
      <trkpt lat="50.215197" lon="-125.777538" />
      <trkpt lat="50.214542" lon="-125.776679" />
      <trkpt lat="50.214328" lon="-125.776393" />
      <trkpt lat="50.214198" lon="-125.776241" />
      <trkpt lat="50.213918" lon="-125.775662" />
      <trkpt lat="50.213722" lon="-125.775279" />
      <trkpt lat="50.21363" lon="-125.775046" />
      <trkpt lat="50.213579" lon="-125.77481" />
      <trkpt lat="50.213471" lon="-125.774279" />
      <trkpt lat="50.213403" lon="-125.773901" />
      <trkpt lat="50.213415" lon="-125.773534" />
      <trkpt lat="50.213491" lon="-125.772931" />
      <trkpt lat="50.213528" lon="-125.772451" />
      <trkpt lat="50.213674" lon="-125.768982" />
      <trkpt lat="50.213665" lon="-125.768515" />
      <trkpt lat="50.213646" lon="-125.767537" />
      <trkpt lat="50.213619" lon="-125.767198" />
      <trkpt lat="50.213407" lon="-125.766263" />
      <trkpt lat="50.213182" lon="-125.765869" />
      <trkpt lat="50.21308" lon="-125.765599" />
      <trkpt lat="50.212858" lon="-125.765159" />
      <trkpt lat="50.212799" lon="-125.764767" />
      <trkpt lat="50.212741" lon="-125.764039" />
      <trkpt lat="50.212545" lon="-125.763636" />
      <trkpt lat="50.212366" lon="-125.763165" />
      <trkpt lat="50.212246" lon="-125.763278" />
      <trkpt lat="50.212125" lon="-125.763425" />
      <trkpt lat="50.212078" lon="-125.763507" />
      <trkpt lat="50.212041" lon="-125.76356" />
      <trkpt lat="50.211965" lon="-125.763724" />
      <trkpt lat="50.211898" lon="-125.763917" />
      <trkpt lat="50.211877" lon="-125.764014" />
      <trkpt lat="50.21189" lon="-125.764239" />
      <trkpt lat="50.211938" lon="-125.76448" />
      <trkpt lat="50.21198" lon="-125.764594" />
      <trkpt lat="50.212064" lon="-125.764879" />
      <trkpt lat="50.212129" lon="-125.765164" />
      <trkpt lat="50.212152" lon="-125.765305" />
      <trkpt lat="50.212218" lon="-125.765589" />
      <trkpt lat="50.212264" lon="-125.7659" />
      <trkpt lat="50.212301" lon="-125.766239" />
      <trkpt lat="50.212339" lon="-125.76655" />
      <trkpt lat="50.212368" lon="-125.766832" />
      <trkpt lat="50.212417" lon="-125.767031" />
      <trkpt lat="50.212535" lon="-125.767374" />
      <trkpt lat="50.2126" lon="-125.767672" />
      <trkpt lat="50.212673" lon="-125.767999" />
      <trkpt lat="50.212736" lon="-125.768353" />
      <trkpt lat="50.212819" lon="-125.768666" />
      <trkpt lat="50.212841" lon="-125.76885" />
      <trkpt lat="50.212855" lon="-125.769033" />
      <trkpt lat="50.212874" lon="-125.769384" />
      <trkpt lat="50.212869" lon="-125.769566" />
      <trkpt lat="50.212856" lon="-125.769748" />
      <trkpt lat="50.212834" lon="-125.769901" />
      <trkpt lat="50.21281" lon="-125.770166" />
      <trkpt lat="50.212806" lon="-125.77032" />
      <trkpt lat="50.212808" lon="-125.770628" />
      <trkpt lat="50.212758" lon="-125.7713" />
      <trkpt lat="50.212763" lon="-125.771441" />
      <trkpt lat="50.212782" lon="-125.771764" />
      <trkpt lat="50.212779" lon="-125.771918" />
      <trkpt lat="50.212735" lon="-125.772238" />
      <trkpt lat="50.212718" lon="-125.772501" />
      <trkpt lat="50.21268" lon="-125.772597" />
      <trkpt lat="50.212586" lon="-125.772746" />
      <trkpt lat="50.212522" lon="-125.772812" />
      <trkpt lat="50.212458" lon="-125.772865" />
      <trkpt lat="50.212239" lon="-125.772978" />
      <trkpt lat="50.212084" lon="-125.773067" />
      <trkpt lat="50.211911" lon="-125.77317" />
      <trkpt lat="50.211737" lon="-125.773286" />
      <trkpt lat="50.211572" lon="-125.773402" />
      <trkpt lat="50.211342" lon="-125.773627" />
      <trkpt lat="50.211277" lon="-125.773708" />
      <trkpt lat="50.211064" lon="-125.773975" />
      <trkpt lat="50.210989" lon="-125.774097" />
      <trkpt lat="50.210857" lon="-125.774328" />
      <trkpt lat="50.210726" lon="-125.774573" />
      <trkpt lat="50.21062" lon="-125.774847" />
      <trkpt lat="50.210554" lon="-125.774969" />
      <trkpt lat="50.210432" lon="-125.7752" />
      <trkpt lat="50.210207" lon="-125.775507" />
      <trkpt lat="50.210124" lon="-125.775586" />
      <trkpt lat="50.209873" lon="-125.775572" />
      <trkpt lat="50.209738" lon="-125.77555" />
      <trkpt lat="50.209685" lon="-125.775519" />
      <trkpt lat="50.209641" lon="-125.77546" />
      <trkpt lat="50.209495" lon="-125.775135" />
      <trkpt lat="50.209478" lon="-125.775092" />
      <trkpt lat="50.20941" lon="-125.774892" />
      <trkpt lat="50.209283" lon="-125.774576" />
      <trkpt lat="50.209232" lon="-125.774475" />
      <trkpt lat="50.209086" lon="-125.774144" />
      <trkpt lat="50.208905" lon="-125.773825" />
      <trkpt lat="50.208854" lon="-125.77371" />
      <trkpt lat="50.20872" lon="-125.773419" />
      <trkpt lat="50.208529" lon="-125.773142" />
      <trkpt lat="50.208415" lon="-125.772968" />
      <trkpt lat="50.208299" lon="-125.772659" />
      <trkpt lat="50.208241" lon="-125.772396" />
      <trkpt lat="50.208093" lon="-125.772191" />
      <trkpt lat="50.207901" lon="-125.771928" />
      <trkpt lat="50.207822" lon="-125.771853" />
      <trkpt lat="50.207673" lon="-125.77169" />
      <trkpt lat="50.207637" lon="-125.771674" />
      <trkpt lat="50.207494" lon="-125.771666" />
      <trkpt lat="50.207331" lon="-125.771712" />
      <trkpt lat="50.20724" lon="-125.771749" />
      <trkpt lat="50.207057" lon="-125.771879" />
      <trkpt lat="50.206853" lon="-125.772133" />
      <trkpt lat="50.206671" lon="-125.772453" />
      <trkpt lat="50.206623" lon="-125.772576" />
      <trkpt lat="50.206465" lon="-125.77291" />
      <trkpt lat="50.206383" lon="-125.773029" />
      <trkpt lat="50.206291" lon="-125.773108" />
      <trkpt lat="50.206117" lon="-125.77317" />
      <trkpt lat="50.205926" lon="-125.773257" />
      <trkpt lat="50.205594" lon="-125.773238" />
      <trkpt lat="50.205434" lon="-125.773172" />
      <trkpt lat="50.205179" lon="-125.773045" />
      <trkpt lat="50.205031" lon="-125.772686" />
      <trkpt lat="50.204937" lon="-125.772485" />
      <trkpt lat="50.204873" lon="-125.772145" />
      <trkpt lat="50.204837" lon="-125.771806" />
      <trkpt lat="50.204839" lon="-125.771694" />
      <trkpt lat="50.204836" lon="-125.771442" />
      <trkpt lat="50.204756" lon="-125.771427" />
      <trkpt lat="50.204666" lon="-125.771436" />
      <trkpt lat="50.204567" lon="-125.771458" />
      <trkpt lat="50.204495" lon="-125.771468" />
      <trkpt lat="50.204368" lon="-125.771475" />
      <trkpt lat="50.204287" lon="-125.771512" />
      <trkpt lat="50.204097" lon="-125.771557" />
      <trkpt lat="50.203906" lon="-125.771616" />
      <trkpt lat="50.203698" lon="-125.771674" />
      <trkpt lat="50.203589" lon="-125.771724" />
      <trkpt lat="50.203416" lon="-125.771826" />
      <trkpt lat="50.203232" lon="-125.772002" />
      <trkpt lat="50.203149" lon="-125.772095" />
      <trkpt lat="50.202993" lon="-125.77224" />
      <trkpt lat="50.20277" lon="-125.772443" />
      <trkpt lat="50.202688" lon="-125.772495" />
      <trkpt lat="50.202487" lon="-125.772701" />
      <trkpt lat="50.202311" lon="-125.772891" />
      <trkpt lat="50.202252" lon="-125.772944" />
      <trkpt lat="50.202172" lon="-125.773062" />
      <trkpt lat="50.202071" lon="-125.773182" />
      <trkpt lat="50.201977" lon="-125.773334" />
      <trkpt lat="50.201764" lon="-125.773615" />
      <trkpt lat="50.201569" lon="-125.773775" />
      <trkpt lat="50.201441" lon="-125.77388" />
      <trkpt lat="50.201349" lon="-125.773931" />
      <trkpt lat="50.201131" lon="-125.774044" />
      <trkpt lat="50.200921" lon="-125.774186" />
      <trkpt lat="50.200748" lon="-125.774274" />
      <trkpt lat="50.20072" lon="-125.774314" />
      <trkpt lat="50.200693" lon="-125.774313" />
      <trkpt lat="50.200619" lon="-125.774365" />
      <trkpt lat="50.200555" lon="-125.774445" />
      <trkpt lat="50.200343" lon="-125.774643" />
      <trkpt lat="50.200175" lon="-125.7749" />
      <trkpt lat="50.200089" lon="-125.775091" />
      <trkpt lat="50.199962" lon="-125.77531" />
      <trkpt lat="50.199924" lon="-125.775392" />
      <trkpt lat="50.199858" lon="-125.7755" />
      <trkpt lat="50.199741" lon="-125.775743" />
      <trkpt lat="50.199647" lon="-125.77592" />
      <trkpt lat="50.199571" lon="-125.776084" />
      <trkpt lat="50.199512" lon="-125.776291" />
      <trkpt lat="50.199325" lon="-125.776574" />
      <trkpt lat="50.199252" lon="-125.776626" />
      <trkpt lat="50.199098" lon="-125.776687" />
      <trkpt lat="50.199025" lon="-125.776697" />
      <trkpt lat="50.198826" lon="-125.776741" />
      <trkpt lat="50.198764" lon="-125.776738" />
      <trkpt lat="50.198539" lon="-125.776739" />
      <trkpt lat="50.198457" lon="-125.776762" />
      <trkpt lat="50.198293" lon="-125.776836" />
      <trkpt lat="50.198149" lon="-125.77687" />
      <trkpt lat="50.197995" lon="-125.776889" />
      <trkpt lat="50.197804" lon="-125.77699" />
      <trkpt lat="50.197722" lon="-125.777014" />
      <trkpt lat="50.197532" lon="-125.777073" />
      <trkpt lat="50.197396" lon="-125.777121" />
      <trkpt lat="50.197187" lon="-125.777221" />
      <trkpt lat="50.196986" lon="-125.777349" />
      <trkpt lat="50.196895" lon="-125.777386" />
      <trkpt lat="50.19674" lon="-125.777461" />
      <trkpt lat="50.196603" lon="-125.777579" />
      <trkpt lat="50.196409" lon="-125.777764" />
      <trkpt lat="50.196391" lon="-125.777791" />
      <trkpt lat="50.196362" lon="-125.777845" />
      <trkpt lat="50.196294" lon="-125.778052" />
      <trkpt lat="50.196247" lon="-125.778147" />
      <trkpt lat="50.196141" lon="-125.778449" />
      <trkpt lat="50.196103" lon="-125.778545" />
      <trkpt lat="50.195951" lon="-125.778887" />
      <trkpt lat="50.195845" lon="-125.779175" />
      <trkpt lat="50.195777" lon="-125.779381" />
      <trkpt lat="50.195654" lon="-125.779698" />
      <trkpt lat="50.195571" lon="-125.779808" />
      <trkpt lat="50.195447" lon="-125.779992" />
      <trkpt lat="50.195077" lon="-125.780447" />
      <trkpt lat="50.194854" lon="-125.780715" />
      <trkpt lat="50.194734" lon="-125.780862" />
      <trkpt lat="50.194513" lon="-125.781045" />
      <trkpt lat="50.194458" lon="-125.781098" />
      <trkpt lat="50.194257" lon="-125.781226" />
      <trkpt lat="50.194103" lon="-125.781288" />
      <trkpt lat="50.193779" lon="-125.781297" />
      <trkpt lat="50.193464" lon="-125.781278" />
      <trkpt lat="50.193257" lon="-125.78128" />
      <trkpt lat="50.193044" lon="-125.781198" />
      <trkpt lat="50.192848" lon="-125.781102" />
      <trkpt lat="50.192715" lon="-125.781025" />
      <trkpt lat="50.192662" lon="-125.780966" />
      <trkpt lat="50.192576" lon="-125.78082" />
      <trkpt lat="50.192462" lon="-125.780702" />
      <trkpt lat="50.192366" lon="-125.780556" />
      <trkpt lat="50.192281" lon="-125.780355" />
      <trkpt lat="50.192215" lon="-125.780477" />
      <trkpt lat="50.19216" lon="-125.780544" />
      <trkpt lat="50.191975" lon="-125.780743" />
      <trkpt lat="50.191825" lon="-125.780987" />
      <trkpt lat="50.191761" lon="-125.781053" />
      <trkpt lat="50.191714" lon="-125.781135" />
      <trkpt lat="50.191667" lon="-125.781202" />
      <trkpt lat="50.19149" lon="-125.781472" />
      <trkpt lat="50.191305" lon="-125.781711" />
      <trkpt lat="50.19124" lon="-125.781778" />
      <trkpt lat="50.191044" lon="-125.782049" />
      <trkpt lat="50.190941" lon="-125.782211" />
      <trkpt lat="50.190736" lon="-125.782457" />
      <trkpt lat="50.190551" lon="-125.782734" />
      <trkpt lat="50.190413" lon="-125.782867" />
      <trkpt lat="50.190366" lon="-125.782934" />
      <trkpt lat="50.190143" lon="-125.783229" />
      <trkpt lat="50.190096" lon="-125.783325" />
      <trkpt lat="50.18991" lon="-125.783606" />
      <trkpt lat="50.189817" lon="-125.783787" />
      <trkpt lat="50.189716" lon="-125.784054" />
      <trkpt lat="50.189624" lon="-125.784261" />
      <trkpt lat="50.189538" lon="-125.784441" />
      <trkpt lat="50.1895" lon="-125.784537" />
      <trkpt lat="50.189415" lon="-125.784764" />
      <trkpt lat="50.189299" lon="-125.785047" />
      <trkpt lat="50.189232" lon="-125.785195" />
      <trkpt lat="50.189148" lon="-125.785351" />
      <trkpt lat="50.189032" lon="-125.785659" />
      <trkpt lat="50.188937" lon="-125.785877" />
      <trkpt lat="50.18868" lon="-125.786465" />
      <trkpt lat="50.188267" lon="-125.787258" />
      <trkpt lat="50.188171" lon="-125.787458" />
      <trkpt lat="50.187888" lon="-125.787974" />
      <trkpt lat="50.18758" lon="-125.788446" />
      <trkpt lat="50.1875" lon="-125.788587" />
      <trkpt lat="50.18727" lon="-125.788989" />
      <trkpt lat="50.186981" lon="-125.789406" />
      <trkpt lat="50.186926" lon="-125.789473" />
      <trkpt lat="50.186712" lon="-125.789755" />
      <trkpt lat="50.186473" lon="-125.789979" />
      <trkpt lat="50.186455" lon="-125.789978" />
      <trkpt lat="50.186262" lon="-125.790163" />
      <trkpt lat="50.186011" lon="-125.790471" />
      <trkpt lat="50.185992" lon="-125.790511" />
      <trkpt lat="50.185872" lon="-125.790631" />
      <trkpt lat="50.185817" lon="-125.790711" />
      <trkpt lat="50.185731" lon="-125.790902" />
      <trkpt lat="50.185573" lon="-125.791117" />
      <trkpt lat="50.185488" lon="-125.791281" />
      <trkpt lat="50.185384" lon="-125.791471" />
      <trkpt lat="50.185355" lon="-125.791567" />
      <trkpt lat="50.185299" lon="-125.791662" />
      <trkpt lat="50.185243" lon="-125.791743" />
      <trkpt lat="50.185078" lon="-125.791873" />
      <trkpt lat="50.184948" lon="-125.792034" />
      <trkpt lat="50.184893" lon="-125.792101" />
      <trkpt lat="50.184672" lon="-125.792298" />
      <trkpt lat="50.184542" lon="-125.792444" />
      <trkpt lat="50.184337" lon="-125.792755" />
      <trkpt lat="50.184205" lon="-125.792999" />
      <trkpt lat="50.184083" lon="-125.79323" />
      <trkpt lat="50.183987" lon="-125.793491" />
      <trkpt lat="50.183956" lon="-125.793629" />
      <trkpt lat="50.18386" lon="-125.793876" />
      <trkpt lat="50.183804" lon="-125.793984" />
      <trkpt lat="50.183757" lon="-125.794066" />
      <trkpt lat="50.18356" lon="-125.794376" />
      <trkpt lat="50.183495" lon="-125.794471" />
      <trkpt lat="50.183263" lon="-125.794765" />
      <trkpt lat="50.183189" lon="-125.794859" />
      <trkpt lat="50.183115" lon="-125.794925" />
      <trkpt lat="50.182934" lon="-125.794998" />
      <trkpt lat="50.182834" lon="-125.795021" />
      <trkpt lat="50.182726" lon="-125.795014" />
      <trkpt lat="50.182591" lon="-125.79502" />
      <trkpt lat="50.182484" lon="-125.795014" />
      <trkpt lat="50.182296" lon="-125.794961" />
      <trkpt lat="50.182197" lon="-125.794941" />
      <trkpt lat="50.182009" lon="-125.79493" />
      <trkpt lat="50.181811" lon="-125.794933" />
      <trkpt lat="50.181586" lon="-125.79492" />
      <trkpt lat="50.181487" lon="-125.794928" />
      <trkpt lat="50.181352" lon="-125.79492" />
      <trkpt lat="50.181173" lon="-125.794895" />
      <trkpt lat="50.180975" lon="-125.794884" />
      <trkpt lat="50.180786" lon="-125.794915" />
      <trkpt lat="50.180686" lon="-125.794937" />
      <trkpt lat="50.180459" lon="-125.795022" />
      <trkpt lat="50.180377" lon="-125.795059" />
      <trkpt lat="50.180213" lon="-125.795148" />
      <trkpt lat="50.180131" lon="-125.795199" />
      <trkpt lat="50.179948" lon="-125.795356" />
      <trkpt lat="50.179901" lon="-125.795424" />
      <trkpt lat="50.179763" lon="-125.795542" />
      <trkpt lat="50.179589" lon="-125.795686" />
      <trkpt lat="50.179405" lon="-125.795829" />
      <trkpt lat="50.179314" lon="-125.795908" />
      <trkpt lat="50.179305" lon="-125.795907" />
      <trkpt lat="50.179132" lon="-125.795981" />
      <trkpt lat="50.178967" lon="-125.796083" />
      <trkpt lat="50.178587" lon="-125.79638" />
      <trkpt lat="50.178411" lon="-125.796469" />
      <trkpt lat="50.178247" lon="-125.796504" />
      <trkpt lat="50.178074" lon="-125.796592" />
      <trkpt lat="50.178" lon="-125.796643" />
      <trkpt lat="50.177819" lon="-125.796703" />
      <trkpt lat="50.177646" lon="-125.796777" />
      <trkpt lat="50.177456" lon="-125.796836" />
      <trkpt lat="50.177238" lon="-125.796907" />
      <trkpt lat="50.177028" lon="-125.797063" />
      <trkpt lat="50.176928" lon="-125.797113" />
      <trkpt lat="50.176737" lon="-125.797172" />
      <trkpt lat="50.176538" lon="-125.79723" />
      <trkpt lat="50.17633" lon="-125.797288" />
      <trkpt lat="50.17568" lon="-125.797441" />
      <trkpt lat="50.17549" lon="-125.797407" />
      <trkpt lat="50.175345" lon="-125.797441" />
      <trkpt lat="50.17521" lon="-125.797447" />
      <trkpt lat="50.175084" lon="-125.797454" />
      <trkpt lat="50.174976" lon="-125.797461" />
      <trkpt lat="50.174876" lon="-125.797497" />
      <trkpt lat="50.174777" lon="-125.797506" />
      <trkpt lat="50.17466" lon="-125.797513" />
      <trkpt lat="50.174606" lon="-125.797524" />
      <trkpt lat="50.17447" lon="-125.797558" />
      <trkpt lat="50.174271" lon="-125.797616" />
      <trkpt lat="50.174144" lon="-125.797651" />
      <trkpt lat="50.173936" lon="-125.797681" />
      <trkpt lat="50.173736" lon="-125.797767" />
      <trkpt lat="50.173655" lon="-125.797804" />
      <trkpt lat="50.173555" lon="-125.797826" />
      <trkpt lat="50.173382" lon="-125.797928" />
      <trkpt lat="50.173209" lon="-125.797988" />
      <trkpt lat="50.1731" lon="-125.798038" />
      <trkpt lat="50.17291" lon="-125.798083" />
      <trkpt lat="50.17271" lon="-125.798169" />
      <trkpt lat="50.172592" lon="-125.798204" />
      <trkpt lat="50.172493" lon="-125.798213" />
      <trkpt lat="50.172412" lon="-125.798236" />
      <trkpt lat="50.172212" lon="-125.798322" />
      <trkpt lat="50.172012" lon="-125.798395" />
      <trkpt lat="50.171831" lon="-125.79844" />
      <trkpt lat="50.171723" lon="-125.798448" />
      <trkpt lat="50.171342" lon="-125.798593" />
      <trkpt lat="50.171259" lon="-125.798645" />
      <trkpt lat="50.171102" lon="-125.798818" />
      <trkpt lat="50.170881" lon="-125.799043" />
      <trkpt lat="50.170717" lon="-125.799145" />
      <trkpt lat="50.170625" lon="-125.799196" />
      <trkpt lat="50.170443" lon="-125.799283" />
      <trkpt lat="50.170343" lon="-125.799333" />
      <trkpt lat="50.170235" lon="-125.799355" />
      <trkpt lat="50.170109" lon="-125.799362" />
      <trkpt lat="50.169749" lon="-125.799341" />
      <trkpt lat="50.169524" lon="-125.799342" />
      <trkpt lat="50.169416" lon="-125.799363" />
      <trkpt lat="50.169244" lon="-125.799423" />
      <trkpt lat="50.169144" lon="-125.799459" />
      <trkpt lat="50.169053" lon="-125.79951" />
      <trkpt lat="50.168915" lon="-125.799628" />
      <trkpt lat="50.168733" lon="-125.799701" />
      <trkpt lat="50.16856" lon="-125.799775" />
      <trkpt lat="50.168343" lon="-125.799819" />
      <trkpt lat="50.168235" lon="-125.799826" />
      <trkpt lat="50.168137" lon="-125.799821" />
      <trkpt lat="50.168037" lon="-125.799829" />
      <trkpt lat="50.167965" lon="-125.799839" />
      <trkpt lat="50.167803" lon="-125.799857" />
      <trkpt lat="50.167497" lon="-125.799839" />
      <trkpt lat="50.167389" lon="-125.799847" />
      <trkpt lat="50.167021" lon="-125.799783" />
      <trkpt lat="50.166797" lon="-125.799784" />
      <trkpt lat="50.166564" lon="-125.799743" />
      <trkpt lat="50.166447" lon="-125.79975" />
      <trkpt lat="50.166321" lon="-125.799743" />
      <trkpt lat="50.166132" lon="-125.799745" />
      <trkpt lat="50.165908" lon="-125.799732" />
      <trkpt lat="50.165692" lon="-125.799734" />
      <trkpt lat="50.165602" lon="-125.799728" />
      <trkpt lat="50.165431" lon="-125.799746" />
      <trkpt lat="50.165232" lon="-125.799777" />
      <trkpt lat="50.165187" lon="-125.799788" />
      <trkpt lat="50.16515" lon="-125.799828" />
      <trkpt lat="50.165131" lon="-125.799841" />
      <trkpt lat="50.16503" lon="-125.799823" />
      <trkpt lat="50.164895" lon="-125.799883" />
      <trkpt lat="50.164708" lon="-125.799923" />
      <trkpt lat="50.164521" lon="-125.799886" />
      <trkpt lat="50.164347" lon="-125.799855" />
      <trkpt lat="50.164296" lon="-125.79986" />
      <trkpt lat="50.164224" lon="-125.799842" />
      <trkpt lat="50.164161" lon="-125.799838" />
      <trkpt lat="50.164062" lon="-125.799832" />
      <trkpt lat="50.163981" lon="-125.799841" />
      <trkpt lat="50.16389" lon="-125.799892" />
      <trkpt lat="50.163734" lon="-125.800037" />
      <trkpt lat="50.163706" lon="-125.800049" />
      <trkpt lat="50.163542" lon="-125.800166" />
      <trkpt lat="50.163358" lon="-125.800323" />
      <trkpt lat="50.163211" lon="-125.800469" />
      <trkpt lat="50.163119" lon="-125.800547" />
      <trkpt lat="50.162899" lon="-125.800785" />
      <trkpt lat="50.162744" lon="-125.800902" />
      <trkpt lat="50.162661" lon="-125.800967" />
      <trkpt lat="50.162434" lon="-125.801038" />
      <trkpt lat="50.162316" lon="-125.801087" />
      <trkpt lat="50.162198" lon="-125.801136" />
      <trkpt lat="50.161988" lon="-125.801264" />
      <trkpt lat="50.161785" lon="-125.80149" />
      <trkpt lat="50.161637" lon="-125.801663" />
      <trkpt lat="50.161599" lon="-125.801745" />
      <trkpt lat="50.161559" lon="-125.801844" />
      <trkpt lat="50.161539" lon="-125.801926" />
      <trkpt lat="50.161521" lon="-125.802018" />
      <trkpt lat="50.161498" lon="-125.802227" />
      <trkpt lat="50.161485" lon="-125.802358" />
      <trkpt lat="50.161424" lon="-125.802701" />
      <trkpt lat="50.161389" lon="-125.802947" />
      <trkpt lat="50.161399" lon="-125.803119" />
      <trkpt lat="50.161293" lon="-125.803112" />
      <trkpt lat="50.161037" lon="-125.803108" />
      <trkpt lat="50.160718" lon="-125.803082" />
      <trkpt lat="50.159974" lon="-125.802962" />
      <trkpt lat="50.159661" lon="-125.802862" />
      <trkpt lat="50.159434" lon="-125.802814" />
      <trkpt lat="50.15911" lon="-125.802839" />
      <trkpt lat="50.15897" lon="-125.802904" />
      <trkpt lat="50.158538" lon="-125.803301" />
      <trkpt lat="50.158303" lon="-125.803492" />
      <trkpt lat="50.158136" lon="-125.803621" />
      <trkpt lat="50.158023" lon="-125.803696" />
      <trkpt lat="50.157923" lon="-125.803801" />
      <trkpt lat="50.157458" lon="-125.804685" />
      <trkpt lat="50.157368" lon="-125.804961" />
      <trkpt lat="50.157298" lon="-125.805741" />
      <trkpt lat="50.157236" lon="-125.806073" />
      <trkpt lat="50.157059" lon="-125.806652" />
      <trkpt lat="50.156838" lon="-125.807576" />
      <trkpt lat="50.156332" lon="-125.809212" />
      <trkpt lat="50.156323" lon="-125.809576" />
      <trkpt lat="50.156266" lon="-125.810077" />
      <trkpt lat="50.156254" lon="-125.810511" />
      <trkpt lat="50.156169" lon="-125.811485" />
      <trkpt lat="50.15609" lon="-125.81176" />
      <trkpt lat="50.155844" lon="-125.81225" />
      <trkpt lat="50.155748" lon="-125.812524" />
      <trkpt lat="50.155625" lon="-125.813106" />
      <trkpt lat="50.155404" lon="-125.813722" />
      <trkpt lat="50.155222" lon="-125.814553" />
      <trkpt lat="50.154745" lon="-125.816344" />
      <trkpt lat="50.154283" lon="-125.817661" />
      <trkpt lat="50.154163" lon="-125.818144" />
      <trkpt lat="50.154151" lon="-125.818311" />
      <trkpt lat="50.153897" lon="-125.819486" />
      <trkpt lat="50.153758" lon="-125.819982" />
      <trkpt lat="50.153673" lon="-125.820537" />
      <trkpt lat="50.153513" lon="-125.821215" />
      <trkpt lat="50.153388" lon="-125.821586" />
      <trkpt lat="50.153244" lon="-125.821857" />
      <trkpt lat="50.153148" lon="-125.822158" />
      <trkpt lat="50.15293" lon="-125.822637" />
      <trkpt lat="50.152606" lon="-125.823109" />
      <trkpt lat="50.152234" lon="-125.823855" />
      <trkpt lat="50.151985" lon="-125.824092" />
      <trkpt lat="50.151864" lon="-125.824294" />
      <trkpt lat="50.151737" lon="-125.824708" />
      <trkpt lat="50.151345" lon="-125.82561" />
      <trkpt lat="50.151057" lon="-125.825942" />
      <trkpt lat="50.150864" lon="-125.826224" />
      <trkpt lat="50.150272" lon="-125.826777" />
      <trkpt lat="50.150084" lon="-125.826849" />
      <trkpt lat="50.149653" lon="-125.827104" />
      <trkpt lat="50.149118" lon="-125.827704" />
      <trkpt lat="50.149023" lon="-125.827921" />
      <trkpt lat="50.14853" lon="-125.828606" />
      <trkpt lat="50.148346" lon="-125.828735" />
      <trkpt lat="50.148154" lon="-125.828793" />
      <trkpt lat="50.147974" lon="-125.828797" />
      <trkpt lat="50.147528" lon="-125.828715" />
      <trkpt lat="50.147363" lon="-125.828761" />
      <trkpt lat="50.146873" lon="-125.829042" />
      <trkpt lat="50.145889" lon="-125.82992" />
      <trkpt lat="50.145287" lon="-125.830234" />
      <trkpt lat="50.145113" lon="-125.830378" />
      <trkpt lat="50.144871" lon="-125.8307" />
      <trkpt lat="50.144543" lon="-125.83124" />
      <trkpt lat="50.144211" lon="-125.83157" />
      <trkpt lat="50.14406" lon="-125.831788" />
      <trkpt lat="50.143759" lon="-125.832398" />
      <trkpt lat="50.143423" lon="-125.833261" />
      <trkpt lat="50.143339" lon="-125.833353" />
      <trkpt lat="50.142805" lon="-125.834273" />
      <trkpt lat="50.142396" lon="-125.834403" />
      <trkpt lat="50.141964" lon="-125.834434" />
      <trkpt lat="50.141835" lon="-125.834524" />
      <trkpt lat="50.141566" lon="-125.835236" />
      <trkpt lat="50.141217" lon="-125.835916" />
      <trkpt lat="50.140535" lon="-125.83698" />
      <trkpt lat="50.140304" lon="-125.837205" />
      <trkpt lat="50.140084" lon="-125.837237" />
      <trkpt lat="50.13996" lon="-125.837255" />
      <trkpt lat="50.139426" lon="-125.837727" />
      <trkpt lat="50.139103" lon="-125.838099" />
      <trkpt lat="50.139025" lon="-125.838361" />
      <trkpt lat="50.138823" lon="-125.838604" />
      <trkpt lat="50.138681" lon="-125.838775" />
      <trkpt lat="50.138554" lon="-125.83888" />
      <trkpt lat="50.138268" lon="-125.839098" />
      <trkpt lat="50.138096" lon="-125.839098" />
      <trkpt lat="50.137394" lon="-125.839558" />
      <trkpt lat="50.137191" lon="-125.839806" />
      <trkpt lat="50.137003" lon="-125.840145" />
      <trkpt lat="50.136935" lon="-125.840337" />
      <trkpt lat="50.136775" lon="-125.841293" />
      <trkpt lat="50.136689" lon="-125.841581" />
      <trkpt lat="50.136182" lon="-125.842407" />
      <trkpt lat="50.13593" lon="-125.842433" />
      <trkpt lat="50.135833" lon="-125.842385" />
      <trkpt lat="50.135347" lon="-125.841936" />
      <trkpt lat="50.135194" lon="-125.841928" />
      <trkpt lat="50.134923" lon="-125.842037" />
      <trkpt lat="50.134362" lon="-125.842577" />
      <trkpt lat="50.133981" lon="-125.842681" />
      <trkpt lat="50.133769" lon="-125.84292" />
      <trkpt lat="50.13342" lon="-125.843109" />
      <trkpt lat="50.132809" lon="-125.843549" />
      <trkpt lat="50.132567" lon="-125.843772" />
      <trkpt lat="50.132359" lon="-125.843886" />
      <trkpt lat="50.132024" lon="-125.843992" />
      <trkpt lat="50.131835" lon="-125.844262" />
      <trkpt lat="50.131332" lon="-125.844693" />
      <trkpt lat="50.131067" lon="-125.844859" />
      <trkpt lat="50.130771" lon="-125.844842" />
      <trkpt lat="50.130505" lon="-125.844672" />
      <trkpt lat="50.129809" lon="-125.844744" />
      <trkpt lat="50.128964" lon="-125.845154" />
      <trkpt lat="50.128484" lon="-125.845252" />
      <trkpt lat="50.126974" lon="-125.845232" />
      <trkpt lat="50.126343" lon="-125.84528" />
      <trkpt lat="50.125622" lon="-125.845697" />
      <trkpt lat="50.125495" lon="-125.845732" />
      <trkpt lat="50.125271" lon="-125.845719" />
      <trkpt lat="50.125064" lon="-125.845636" />
      <trkpt lat="50.125" lon="-125.84556" />
      <trkpt lat="50.124743" lon="-125.845254" />
      <trkpt lat="50.124429" lon="-125.844732" />
      <trkpt lat="50.123939" lon="-125.844282" />
      <trkpt lat="50.123687" lon="-125.844269" />
      <trkpt lat="50.123467" lon="-125.844409" />
      <trkpt lat="50.122785" lon="-125.845027" />
      <trkpt lat="50.122614" lon="-125.845043" />
      <trkpt lat="50.12216" lon="-125.84524" />
      <trkpt lat="50.122012" lon="-125.8454" />
      <trkpt lat="50.121849" lon="-125.845487" />
      <trkpt lat="50.121477" lon="-125.845606" />
      <trkpt lat="50.121141" lon="-125.845969" />
      <trkpt lat="50.120912" lon="-125.846216" />
      <trkpt lat="50.12056" lon="-125.846685" />
      <trkpt lat="50.120257" lon="-125.846932" />
      <trkpt lat="50.119884" lon="-125.847092" />
      <trkpt lat="50.119272" lon="-125.847139" />
      <trkpt lat="50.118824" lon="-125.847351" />
      <trkpt lat="50.118439" lon="-125.847392" />
      <trkpt lat="50.117447" lon="-125.847087" />
      <trkpt lat="50.117155" lon="-125.846902" />
      <trkpt lat="50.116278" lon="-125.84654" />
      <trkpt lat="50.116031" lon="-125.846487" />
      <trkpt lat="50.115483" lon="-125.846545" />
      <trkpt lat="50.114973" lon="-125.84634" />
      <trkpt lat="50.114543" lon="-125.846271" />
      <trkpt lat="50.114345" lon="-125.846274" />
      <trkpt lat="50.114063" lon="-125.846357" />
      <trkpt lat="50.113245" lon="-125.846377" />
      <trkpt lat="50.113046" lon="-125.846399" />
      <trkpt lat="50.112756" lon="-125.846415" />
      <trkpt lat="50.112472" lon="-125.846394" />
      <trkpt lat="50.111944" lon="-125.846361" />
      <trkpt lat="50.111383" lon="-125.846391" />
      <trkpt lat="50.111156" lon="-125.846425" />
      <trkpt lat="50.111027" lon="-125.846479" />
      <trkpt lat="50.110866" lon="-125.846529" />
      <trkpt lat="50.110647" lon="-125.846629" />
      <trkpt lat="50.110008" lon="-125.846674" />
      <trkpt lat="50.109744" lon="-125.846742" />
      <trkpt lat="50.109222" lon="-125.84674" />
      <trkpt lat="50.108614" lon="-125.846676" />
      <trkpt lat="50.107775" lon="-125.84671" />
      <trkpt lat="50.107281" lon="-125.84668" />
      <trkpt lat="50.10602" lon="-125.846437" />
      <trkpt lat="50.105625" lon="-125.846427" />
      <trkpt lat="50.105415" lon="-125.846471" />
      <trkpt lat="50.104849" lon="-125.846774" />
      <trkpt lat="50.104598" lon="-125.846829" />
      <trkpt lat="50.104219" lon="-125.846512" />
      <trkpt lat="50.103995" lon="-125.846457" />
      <trkpt lat="50.103509" lon="-125.846485" />
      <trkpt lat="50.103256" lon="-125.84654" />
      <trkpt lat="50.103087" lon="-125.846725" />
      <trkpt lat="50.102897" lon="-125.846867" />
      <trkpt lat="50.1026" lon="-125.84685" />
      <trkpt lat="50.102373" lon="-125.846893" />
      <trkpt lat="50.101363" lon="-125.847784" />
      <trkpt lat="50.101051" lon="-125.848017" />
      <trkpt lat="50.100649" lon="-125.848664" />
      <trkpt lat="50.100316" lon="-125.849008" />
      <trkpt lat="50.099819" lon="-125.849146" />
      <trkpt lat="50.099522" lon="-125.849129" />
      <trkpt lat="50.099212" lon="-125.848948" />
      <trkpt lat="50.098857" lon="-125.849033" />
      <trkpt lat="50.098506" lon="-125.84918" />
      <trkpt lat="50.098065" lon="-125.849333" />
      <trkpt lat="50.097831" lon="-125.849183" />
      <trkpt lat="50.097507" lon="-125.849086" />
      <trkpt lat="50.097173" lon="-125.849332" />
      <trkpt lat="50.096496" lon="-125.849826" />
      <trkpt lat="50.095849" lon="-125.849912" />
      <trkpt lat="50.095659" lon="-125.849986" />
      <trkpt lat="50.094688" lon="-125.850609" />
      <trkpt lat="50.094314" lon="-125.850985" />
      <trkpt lat="50.093628" lon="-125.851456" />
      <trkpt lat="50.092731" lon="-125.851833" />
      <trkpt lat="50.092063" lon="-125.852047" />
      <trkpt lat="50.091746" lon="-125.852348" />
      <trkpt lat="50.091409" lon="-125.852584" />
      <trkpt lat="50.090889" lon="-125.852744" />
      <trkpt lat="50.090377" lon="-125.852745" />
      <trkpt lat="50.090047" lon="-125.852697" />
      <trkpt lat="50.08964" lon="-125.852789" />
      <trkpt lat="50.089469" lon="-125.852902" />
      <trkpt lat="50.089331" lon="-125.853054" />
      <trkpt lat="50.089205" lon="-125.853418" />
      <trkpt lat="50.089052" lon="-125.854195" />
      <trkpt lat="50.088937" lon="-125.85442" />
      <trkpt lat="50.088702" lon="-125.854609" />
      <trkpt lat="50.088013" lon="-125.855113" />
      <trkpt lat="50.087563" lon="-125.855305" />
      <trkpt lat="50.086986" lon="-125.855748" />
      <trkpt lat="50.086187" lon="-125.85607" />
      <trkpt lat="50.08582" lon="-125.856144" />
      <trkpt lat="50.085133" lon="-125.856044" />
      <trkpt lat="50.084594" lon="-125.856215" />
      <trkpt lat="50.084226" lon="-125.856393" />
      <trkpt lat="50.083846" lon="-125.856862" />
      <trkpt lat="50.083668" lon="-125.857486" />
      <trkpt lat="50.083447" lon="-125.857808" />
      <trkpt lat="50.082859" lon="-125.858141" />
      <trkpt lat="50.082215" lon="-125.858398" />
      <trkpt lat="50.081712" lon="-125.858494" />
      <trkpt lat="50.081118" lon="-125.858334" />
      <trkpt lat="50.080721" lon="-125.858419" />
      <trkpt lat="50.080101" lon="-125.859149" />
      <trkpt lat="50.079417" lon="-125.859536" />
      <trkpt lat="50.078632" lon="-125.859622" />
      <trkpt lat="50.078105" lon="-125.859524" />
      <trkpt lat="50.077637" lon="-125.859224" />
      <trkpt lat="50.07744" lon="-125.859256" />
      <trkpt lat="50.077313" lon="-125.859277" />
      <trkpt lat="50.076794" lon="-125.859734" />
      <trkpt lat="50.076078" lon="-125.859933" />
      <trkpt lat="50.075403" lon="-125.86004" />
      <trkpt lat="50.074315" lon="-125.860319" />
      <trkpt lat="50.073751" lon="-125.860578" />
      <trkpt lat="50.073433" lon="-125.860823" />
      <trkpt lat="50.072972" lon="-125.860942" />
      <trkpt lat="50.072318" lon="-125.862401" />
      <trkpt lat="50.071726" lon="-125.862572" />
      <trkpt lat="50.071141" lon="-125.863356" />
      <trkpt lat="50.071072" lon="-125.863903" />
      <trkpt lat="50.070847" lon="-125.864438" />
      <trkpt lat="50.070073" lon="-125.864847" />
      <trkpt lat="50.069605" lon="-125.864974" />
      <trkpt lat="50.068875" lon="-125.865962" />
      <trkpt lat="50.068503" lon="-125.866498" />
      <trkpt lat="50.068086" lon="-125.866723" />
      <trkpt lat="50.067418" lon="-125.866755" />
      <trkpt lat="50.066943" lon="-125.866562" />
      <trkpt lat="50.066637" lon="-125.86666" />
      <trkpt lat="50.066451" lon="-125.866831" />
      <trkpt lat="50.066368" lon="-125.867077" />
      <trkpt lat="50.066327" lon="-125.867282" />
      <trkpt lat="50.066361" lon="-125.867903" />
      <trkpt lat="50.066327" lon="-125.868226" />
      <trkpt lat="50.065886" lon="-125.869373" />
      <trkpt lat="50.064839" lon="-125.870457" />
      <trkpt lat="50.064343" lon="-125.870726" />
      <trkpt lat="50.064013" lon="-125.871294" />
      <trkpt lat="50.063489" lon="-125.871531" />
      <trkpt lat="50.063021" lon="-125.872066" />
      <trkpt lat="50.062422" lon="-125.872443" />
      <trkpt lat="50.062195" lon="-125.872742" />
      <trkpt lat="50.06185" lon="-125.874244" />
      <trkpt lat="50.061437" lon="-125.875961" />
      <trkpt lat="50.061113" lon="-125.876702" />
      <trkpt lat="50.06093" lon="-125.876819" />
      <trkpt lat="50.060266" lon="-125.878353" />
      <trkpt lat="50.060142" lon="-125.879009" />
      <trkpt lat="50.059853" lon="-125.879555" />
      <trkpt lat="50.059652" lon="-125.879668" />
      <trkpt lat="50.059456" lon="-125.879136" />
      <trkpt lat="50.059377" lon="-125.878321" />
      <trkpt lat="50.05904" lon="-125.877377" />
      <trkpt lat="50.059023" lon="-125.877003" />
      <trkpt lat="50.059043" lon="-125.876707" />
      <trkpt lat="50.059157" lon="-125.875913" />
      <trkpt lat="50.059233" lon="-125.87534" />
      <trkpt lat="50.05936" lon="-125.874798" />
      <trkpt lat="50.059381" lon="-125.874582" />
      <trkpt lat="50.059095" lon="-125.874437" />
      <trkpt lat="50.058875" lon="-125.874395" />
      <trkpt lat="50.058602" lon="-125.874609" />
      <trkpt lat="50.058162" lon="-125.874984" />
      <trkpt lat="50.057866" lon="-125.875183" />
      <trkpt lat="50.057655" lon="-125.875109" />
      <trkpt lat="50.057432" lon="-125.874863" />
      <trkpt lat="50.05718" lon="-125.875274" />
      <trkpt lat="50.057012" lon="-125.875852" />
      <trkpt lat="50.056932" lon="-125.876605" />
      <trkpt lat="50.05706" lon="-125.877453" />
      <trkpt lat="50.057032" lon="-125.877699" />
      <trkpt lat="50.057053" lon="-125.878171" />
      <trkpt lat="50.05726" lon="-125.878648" />
      <trkpt lat="50.057387" lon="-125.879588" />
      <trkpt lat="50.057397" lon="-125.879775" />
      <trkpt lat="50.057201" lon="-125.880452" />
      <trkpt lat="50.057194" lon="-125.880708" />
      <trkpt lat="50.057497" lon="-125.881432" />
      <trkpt lat="50.057552" lon="-125.882527" />
      <trkpt lat="50.0576" lon="-125.883321" />
      <trkpt lat="50.057838" lon="-125.883723" />
      <trkpt lat="50.05799" lon="-125.884502" />
      <trkpt lat="50.05801" lon="-125.884678" />
      <trkpt lat="50.057814" lon="-125.885344" />
      <trkpt lat="50.057786" lon="-125.885666" />
      <trkpt lat="50.057666" lon="-125.886089" />
      <trkpt lat="50.057476" lon="-125.886455" />
      <trkpt lat="50.057208" lon="-125.886754" />
      <trkpt lat="50.056836" lon="-125.887581" />
      <trkpt lat="50.056626" lon="-125.887923" />
      <trkpt lat="50.056205" lon="-125.888311" />
      <trkpt lat="50.055944" lon="-125.888782" />
      <trkpt lat="50.055386" lon="-125.890655" />
      <trkpt lat="50.055221" lon="-125.891019" />
      <trkpt lat="50.055021" lon="-125.891224" />
      <trkpt lat="50.054772" lon="-125.891625" />
      <trkpt lat="50.054552" lon="-125.892296" />
      <trkpt lat="50.054308" lon="-125.892666" />
      <trkpt lat="50.053739" lon="-125.893326" />
      <trkpt lat="50.053336" lon="-125.893616" />
      <trkpt lat="50.052823" lon="-125.893781" />
      <trkpt lat="50.052076" lon="-125.894255" />
      <trkpt lat="50.051656" lon="-125.894672" />
      <trkpt lat="50.051101" lon="-125.894811" />
      <trkpt lat="50.050037" lon="-125.894693" />
      <trkpt lat="50.049513" lon="-125.894839" />
      <trkpt lat="50.049103" lon="-125.894833" />
      <trkpt lat="50.048789" lon="-125.894833" />
      <trkpt lat="50.048511" lon="-125.895263" />
      <trkpt lat="50.048349" lon="-125.895659" />
      <trkpt lat="50.048183" lon="-125.896137" />
      <trkpt lat="50.047884" lon="-125.896588" />
      <trkpt lat="50.04778" lon="-125.896953" />
      <trkpt lat="50.047708" lon="-125.89707" />
      <trkpt lat="50.047387" lon="-125.897225" />
      <trkpt lat="50.047121" lon="-125.897583" />
      <trkpt lat="50.046616" lon="-125.898069" />
      <trkpt lat="50.046217" lon="-125.898851" />
      <trkpt lat="50.046006" lon="-125.899521" />
      <trkpt lat="50.045879" lon="-125.899726" />
      <trkpt lat="50.045648" lon="-125.899945" />
      <trkpt lat="50.045318" lon="-125.900036" />
      <trkpt lat="50.045069" lon="-125.90023" />
      <trkpt lat="50.044917" lon="-125.900546" />
      <trkpt lat="50.044794" lon="-125.901003" />
      <trkpt lat="50.044659" lon="-125.901266" />
      <trkpt lat="50.044563" lon="-125.901404" />
      <trkpt lat="50.044215" lon="-125.90171" />
      <trkpt lat="50.044077" lon="-125.901834" />
      <trkpt lat="50.043967" lon="-125.901967" />
      <trkpt lat="50.043891" lon="-125.902076" />
      <trkpt lat="50.043784" lon="-125.902543" />
      <trkpt lat="50.043774" lon="-125.902912" />
      <trkpt lat="50.043956" lon="-125.903861" />
      <trkpt lat="50.043946" lon="-125.905041" />
      <trkpt lat="50.043801" lon="-125.905396" />
      <trkpt lat="50.043532" lon="-125.905749" />
      <trkpt lat="50.043323" lon="-125.9059" />
      <trkpt lat="50.041669" lon="-125.90641" />
      <trkpt lat="50.041269" lon="-125.906608" />
      <trkpt lat="50.040873" lon="-125.907198" />
      <trkpt lat="50.040532" lon="-125.907879" />
      <trkpt lat="50.041087" lon="-125.907783" />
      <trkpt lat="50.041476" lon="-125.907203" />
      <trkpt lat="50.041638" lon="-125.907134" />
      <trkpt lat="50.041817" lon="-125.907117" />
      <trkpt lat="50.041983" lon="-125.907375" />
      <trkpt lat="50.042242" lon="-125.908134" />
      <trkpt lat="50.042384" lon="-125.90847" />
      <trkpt lat="50.042949" lon="-125.909495" />
      <trkpt lat="50.043363" lon="-125.910155" />
      <trkpt lat="50.043852" lon="-125.91111" />
      <trkpt lat="50.044321" lon="-125.911909" />
      <trkpt lat="50.044052" lon="-125.91376" />
      <trkpt lat="50.043873" lon="-125.915305" />
      <trkpt lat="50.043842" lon="-125.915433" />
      <trkpt lat="50.043728" lon="-125.915718" />
      <trkpt lat="50.043625" lon="-125.915932" />
      <trkpt lat="50.043549" lon="-125.916056" />
      <trkpt lat="50.043428" lon="-125.9162" />
      <trkpt lat="50.042949" lon="-125.916662" />
      <trkpt lat="50.042829" lon="-125.916801" />
      <trkpt lat="50.042694" lon="-125.916994" />
      <trkpt lat="50.042646" lon="-125.917155" />
      <trkpt lat="50.04266" lon="-125.917316" />
      <trkpt lat="50.042732" lon="-125.917477" />
      <trkpt lat="50.04287" lon="-125.917686" />
      <trkpt lat="50.042935" lon="-125.917761" />
      <trkpt lat="50.043321" lon="-125.917879" />
      <trkpt lat="50.043718" lon="-125.917933" />
      <trkpt lat="50.043842" lon="-125.917933" />
      <trkpt lat="50.044462" lon="-125.917858" />
      <trkpt lat="50.044972" lon="-125.917906" />
      <trkpt lat="50.045099" lon="-125.917955" />
      <trkpt lat="50.045323" lon="-125.918148" />
      <trkpt lat="50.045437" lon="-125.918191" />
      <trkpt lat="50.045554" lon="-125.91818" />
      <trkpt lat="50.045726" lon="-125.918089" />
      <trkpt lat="50.04585" lon="-125.918051" />
      <trkpt lat="50.046102" lon="-125.918019" />
      <trkpt lat="50.046247" lon="-125.91803" />
      <trkpt lat="50.046367" lon="-125.918062" />
      <trkpt lat="50.046515" lon="-125.918148" />
      <trkpt lat="50.046626" lon="-125.918276" />
      <trkpt lat="50.046922" lon="-125.918732" />
      <trkpt lat="50.047163" lon="-125.918974" />
      <trkpt lat="50.047621" lon="-125.919499" />
      <trkpt lat="50.04767" lon="-125.919596" />
      <trkpt lat="50.047697" lon="-125.919795" />
      <trkpt lat="50.047721" lon="-125.920572" />
      <trkpt lat="50.047763" lon="-125.920975" />
      <trkpt lat="50.047763" lon="-125.921205" />
      <trkpt lat="50.047718" lon="-125.921356" />
      <trkpt lat="50.047618" lon="-125.921517" />
      <trkpt lat="50.047377" lon="-125.921704" />
      <trkpt lat="50.046626" lon="-125.922697" />
      <trkpt lat="50.046267" lon="-125.922927" />
      <trkpt lat="50.045678" lon="-125.923609" />
      <trkpt lat="50.045392" lon="-125.923968" />
      <trkpt lat="50.045292" lon="-125.924161" />
      <trkpt lat="50.045237" lon="-125.924311" />
      <trkpt lat="50.045082" lon="-125.924901" />
      <trkpt lat="50.044979" lon="-125.925186" />
      <trkpt lat="50.04482" lon="-125.925502" />
      <trkpt lat="50.044545" lon="-125.925953" />
      <trkpt lat="50.043938" lon="-125.927417" />
      <trkpt lat="50.0439" lon="-125.927627" />
      <trkpt lat="50.043721" lon="-125.928109" />
      <trkpt lat="50.043628" lon="-125.928324" />
      <trkpt lat="50.043535" lon="-125.928624" />
      <trkpt lat="50.04349" lon="-125.928984" />
      <trkpt lat="50.043483" lon="-125.929821" />
      <trkpt lat="50.043463" lon="-125.930153" />
      <trkpt lat="50.043463" lon="-125.930502" />
      <trkpt lat="50.043483" lon="-125.930851" />
      <trkpt lat="50.043511" lon="-125.931065" />
      <trkpt lat="50.043594" lon="-125.93151" />
      <trkpt lat="50.043656" lon="-125.931709" />
      <trkpt lat="50.043738" lon="-125.931897" />
      <trkpt lat="50.043924" lon="-125.93224" />
      <trkpt lat="50.044193" lon="-125.932674" />
      <trkpt lat="50.044296" lon="-125.9329" />
      <trkpt lat="50.044579" lon="-125.933597" />
      <trkpt lat="50.044706" lon="-125.934037" />
      <trkpt lat="50.044765" lon="-125.934123" />
      <trkpt lat="50.044896" lon="-125.934257" />
      <trkpt lat="50.045037" lon="-125.934493" />
      <trkpt lat="50.045168" lon="-125.934702" />
      <trkpt lat="50.045178" lon="-125.934777" />
      <trkpt lat="50.045147" lon="-125.934911" />
      <trkpt lat="50.045116" lon="-125.934965" />
      <trkpt lat="50.045075" lon="-125.935003" />
      <trkpt lat="50.045017" lon="-125.935008" />
      <trkpt lat="50.044751" lon="-125.934922" />
      <trkpt lat="50.044651" lon="-125.934938" />
      <trkpt lat="50.044593" lon="-125.934992" />
      <trkpt lat="50.044469" lon="-125.935298" />
      <trkpt lat="50.044341" lon="-125.935807" />
      <trkpt lat="50.044283" lon="-125.935963" />
      <trkpt lat="50.044038" lon="-125.936317" />
      <trkpt lat="50.043793" lon="-125.936741" />
      <trkpt lat="50.043545" lon="-125.937089" />
      <trkpt lat="50.043494" lon="-125.937245" />
      <trkpt lat="50.04349" lon="-125.937443" />
      <trkpt lat="50.043535" lon="-125.937642" />
      <trkpt lat="50.043673" lon="-125.937948" />
      <trkpt lat="50.043718" lon="-125.938119" />
      <trkpt lat="50.043738" lon="-125.938296" />
      <trkpt lat="50.043738" lon="-125.938398" />
      <trkpt lat="50.043687" lon="-125.938624" />
      <trkpt lat="50.043494" lon="-125.939106" />
      <trkpt lat="50.043432" lon="-125.939235" />
      <trkpt lat="50.043215" lon="-125.939541" />
      <trkpt lat="50.04298" lon="-125.939782" />
      <trkpt lat="50.042636" lon="-125.93997" />
      <trkpt lat="50.042205" lon="-125.940528" />
      <trkpt lat="50.042133" lon="-125.940726" />
      <trkpt lat="50.042119" lon="-125.940968" />
      <trkpt lat="50.042174" lon="-125.94137" />
      <trkpt lat="50.042322" lon="-125.941923" />
      <trkpt lat="50.042491" lon="-125.942631" />
      <trkpt lat="50.042763" lon="-125.943484" />
      <trkpt lat="50.042815" lon="-125.943849" />
      <trkpt lat="50.042836" lon="-125.944063" />
      <trkpt lat="50.042774" lon="-125.944465" />
      <trkpt lat="50.042563" lon="-125.945394" />
      <trkpt lat="50.042484" lon="-125.945823" />
      <trkpt lat="50.042419" lon="-125.946279" />
      <trkpt lat="50.042253" lon="-125.946837" />
      <trkpt lat="50.042051" lon="-125.947308" />
      <trkpt lat="50.041734" lon="-125.947914" />
      <trkpt lat="50.041375" lon="-125.948488" />
      <trkpt lat="50.040752" lon="-125.949626" />
      <trkpt lat="50.040655" lon="-125.949829" />
      <trkpt lat="50.040439" lon="-125.950402" />
    </trkseg>
  </trk>
</gpx>
