<?xml version="1.0" encoding="UTF-8"?>
<gpx version="1.1"
  creator="BC Backroads research map"
  xmlns="http://www.topografix.com/GPX/1/1"
  xmlns:xsi="http://www.w3.org/2001/XMLSchema-instance"
  xmlns:bcbr="https://konradstaniszewski.com/ns/bc-backroads/1"
  xsi:schemaLocation="http://www.topografix.com/GPX/1/1 http://www.topografix.com/GPX/1/1/gpx.xsd">
  <metadata>
    <name>RI-10 · West Pavilion / Big Bar / Gang Ranch</name>
    <desc>Modular Fraser Canyon/Cariboo route with sustained climbs, ranch country, Farwell Canyon and the Big Bar reaction ferry. Road geometry derived from OpenStreetMap contributors under ODbL; route selection is an independently authored research overview. Verify land access, closures, gates, weather and field signage.</desc>
    <copyright author="OpenStreetMap contributors">
      <year>2026</year>
      <license>https://opendatacommons.org/licenses/odbl/1-0/</license>
    </copyright>
    <time>2026-09-09T00:00:00Z</time>
  </metadata>
  <trk>
    <name>West Pavilion / Big Bar / Gang Ranch</name>
    <type>candidate</type>
    <extensions>
      <bcbr:routeId>RI-10</bcbr:routeId>
      <bcbr:geometryPolicy>overview</bcbr:geometryPolicy>
      <bcbr:geometrySource>OpenStreetMap road routing</bcbr:geometrySource>
      <bcbr:geometryUpdatedAt>2026-09-09</bcbr:geometryUpdatedAt>
      <bcbr:pointCount>5463</bcbr:pointCount>
    </extensions>
    <trkseg>
      <trkpt lat="50.690169" lon="-121.952863" />
      <trkpt lat="50.690094" lon="-121.952886" />
      <trkpt lat="50.689811" lon="-121.952973" />
      <trkpt lat="50.689556" lon="-121.953098" />
      <trkpt lat="50.689386" lon="-121.953239" />
      <trkpt lat="50.6893" lon="-121.953398" />
      <trkpt lat="50.689267" lon="-121.953557" />
      <trkpt lat="50.689289" lon="-121.953798" />
      <trkpt lat="50.689269" lon="-121.953975" />
      <trkpt lat="50.689218" lon="-121.954088" />
      <trkpt lat="50.689206" lon="-121.954113" />
      <trkpt lat="50.689105" lon="-121.954182" />
      <trkpt lat="50.689001" lon="-121.95416" />
      <trkpt lat="50.688925" lon="-121.954063" />
      <trkpt lat="50.688547" lon="-121.953331" />
      <trkpt lat="50.687966" lon="-121.952476" />
      <trkpt lat="50.687573" lon="-121.952133" />
      <trkpt lat="50.687197" lon="-121.951932" />
      <trkpt lat="50.68712" lon="-121.951912" />
      <trkpt lat="50.686548" lon="-121.95176" />
      <trkpt lat="50.686037" lon="-121.951565" />
      <trkpt lat="50.685904" lon="-121.95148" />
      <trkpt lat="50.685893" lon="-121.951473" />
      <trkpt lat="50.685461" lon="-121.951196" />
      <trkpt lat="50.685078" lon="-121.950853" />
      <trkpt lat="50.684627" lon="-121.950451" />
      <trkpt lat="50.684404" lon="-121.950323" />
      <trkpt lat="50.684229" lon="-121.950222" />
      <trkpt lat="50.68373" lon="-121.950107" />
      <trkpt lat="50.683273" lon="-121.950154" />
      <trkpt lat="50.683194" lon="-121.950162" />
      <trkpt lat="50.682291" lon="-121.950255" />
      <trkpt lat="50.681106" lon="-121.950658" />
      <trkpt lat="50.680691" lon="-121.950799" />
      <trkpt lat="50.680474" lon="-121.950911" />
      <trkpt lat="50.680382" lon="-121.951018" />
      <trkpt lat="50.680296" lon="-121.951119" />
      <trkpt lat="50.680187" lon="-121.951339" />
      <trkpt lat="50.680158" lon="-121.951398" />
      <trkpt lat="50.680087" lon="-121.951751" />
      <trkpt lat="50.680092" lon="-121.952124" />
      <trkpt lat="50.680111" lon="-121.952212" />
      <trkpt lat="50.680203" lon="-121.952617" />
      <trkpt lat="50.680196" lon="-121.952802" />
      <trkpt lat="50.680125" lon="-121.952928" />
      <trkpt lat="50.680023" lon="-121.952951" />
      <trkpt lat="50.679926" lon="-121.952879" />
      <trkpt lat="50.679867" lon="-121.952746" />
      <trkpt lat="50.679804" lon="-121.952387" />
      <trkpt lat="50.679713" lon="-121.952111" />
      <trkpt lat="50.679548" lon="-121.951803" />
      <trkpt lat="50.679155" lon="-121.95137" />
      <trkpt lat="50.679113" lon="-121.951312" />
      <trkpt lat="50.678923" lon="-121.951051" />
      <trkpt lat="50.678775" lon="-121.950693" />
      <trkpt lat="50.678683" lon="-121.950312" />
      <trkpt lat="50.678638" lon="-121.950124" />
      <trkpt lat="50.678503" lon="-121.949753" />
      <trkpt lat="50.678666" lon="-121.949554" />
      <trkpt lat="50.678741" lon="-121.949373" />
      <trkpt lat="50.678961" lon="-121.948301" />
      <trkpt lat="50.67906" lon="-121.948117" />
      <trkpt lat="50.679324" lon="-121.947757" />
      <trkpt lat="50.679651" lon="-121.947189" />
      <trkpt lat="50.680659" lon="-121.945739" />
      <trkpt lat="50.680748" lon="-121.945598" />
      <trkpt lat="50.680775" lon="-121.945438" />
      <trkpt lat="50.680758" lon="-121.94521" />
      <trkpt lat="50.680504" lon="-121.944526" />
      <trkpt lat="50.680485" lon="-121.944322" />
      <trkpt lat="50.680516" lon="-121.944132" />
      <trkpt lat="50.680594" lon="-121.943934" />
      <trkpt lat="50.68116" lon="-121.943039" />
      <trkpt lat="50.68105" lon="-121.942857" />
      <trkpt lat="50.680932" lon="-121.942739" />
      <trkpt lat="50.680624" lon="-121.942433" />
      <trkpt lat="50.680331" lon="-121.942142" />
      <trkpt lat="50.680424" lon="-121.942067" />
      <trkpt lat="50.680757" lon="-121.941798" />
      <trkpt lat="50.681433" lon="-121.941251" />
      <trkpt lat="50.681831" lon="-121.94061" />
      <trkpt lat="50.682202" lon="-121.940264" />
      <trkpt lat="50.682682" lon="-121.939355" />
      <trkpt lat="50.682836" lon="-121.939259" />
      <trkpt lat="50.6829" lon="-121.939265" />
      <trkpt lat="50.682988" lon="-121.939274" />
      <trkpt lat="50.683286" lon="-121.939509" />
      <trkpt lat="50.683405" lon="-121.939562" />
      <trkpt lat="50.68353" lon="-121.939558" />
      <trkpt lat="50.683568" lon="-121.939528" />
      <trkpt lat="50.683648" lon="-121.939464" />
      <trkpt lat="50.684027" lon="-121.938872" />
      <trkpt lat="50.684274" lon="-121.938488" />
      <trkpt lat="50.684583" lon="-121.938023" />
      <trkpt lat="50.684992" lon="-121.937416" />
      <trkpt lat="50.685138" lon="-121.937194" />
      <trkpt lat="50.685511" lon="-121.936627" />
      <trkpt lat="50.686305" lon="-121.936743" />
      <trkpt lat="50.686798" lon="-121.936805" />
      <trkpt lat="50.687355" lon="-121.936893" />
      <trkpt lat="50.687513" lon="-121.936917" />
      <trkpt lat="50.687786" lon="-121.93696" />
      <trkpt lat="50.688157" lon="-121.937014" />
      <trkpt lat="50.688722" lon="-121.937087" />
      <trkpt lat="50.6888" lon="-121.937097" />
      <trkpt lat="50.690185" lon="-121.937341" />
      <trkpt lat="50.690258" lon="-121.937354" />
      <trkpt lat="50.691081" lon="-121.937507" />
      <trkpt lat="50.691232" lon="-121.937528" />
      <trkpt lat="50.691319" lon="-121.937519" />
      <trkpt lat="50.691381" lon="-121.937486" />
      <trkpt lat="50.691439" lon="-121.937437" />
      <trkpt lat="50.691486" lon="-121.937396" />
      <trkpt lat="50.691536" lon="-121.937331" />
      <trkpt lat="50.691927" lon="-121.936643" />
      <trkpt lat="50.69202" lon="-121.936464" />
      <trkpt lat="50.692077" lon="-121.936354" />
      <trkpt lat="50.69214" lon="-121.936247" />
      <trkpt lat="50.692569" lon="-121.935518" />
      <trkpt lat="50.692847" lon="-121.93503" />
      <trkpt lat="50.693143" lon="-121.934508" />
      <trkpt lat="50.693696" lon="-121.93355" />
      <trkpt lat="50.693821" lon="-121.933334" />
      <trkpt lat="50.69396" lon="-121.933086" />
      <trkpt lat="50.694028" lon="-121.932964" />
      <trkpt lat="50.694083" lon="-121.932872" />
      <trkpt lat="50.694237" lon="-121.932609" />
      <trkpt lat="50.695129" lon="-121.931094" />
      <trkpt lat="50.696291" lon="-121.929036" />
      <trkpt lat="50.696378" lon="-121.9289" />
      <trkpt lat="50.696467" lon="-121.92878" />
      <trkpt lat="50.69661" lon="-121.928611" />
      <trkpt lat="50.696777" lon="-121.928439" />
      <trkpt lat="50.696963" lon="-121.928272" />
      <trkpt lat="50.698222" lon="-121.927254" />
      <trkpt lat="50.698428" lon="-121.927103" />
      <trkpt lat="50.698602" lon="-121.926992" />
      <trkpt lat="50.69909" lon="-121.92672" />
      <trkpt lat="50.700044" lon="-121.92619" />
      <trkpt lat="50.70012" lon="-121.926147" />
      <trkpt lat="50.701098" lon="-121.925591" />
      <trkpt lat="50.701659" lon="-121.925275" />
      <trkpt lat="50.702264" lon="-121.926049" />
      <trkpt lat="50.702317" lon="-121.926113" />
      <trkpt lat="50.702642" lon="-121.92653" />
      <trkpt lat="50.702965" lon="-121.926767" />
      <trkpt lat="50.703342" lon="-121.926839" />
      <trkpt lat="50.703699" lon="-121.926757" />
      <trkpt lat="50.704491" lon="-121.926258" />
      <trkpt lat="50.706055" lon="-121.92574" />
      <trkpt lat="50.70664" lon="-121.925602" />
      <trkpt lat="50.7073" lon="-121.925447" />
      <trkpt lat="50.707786" lon="-121.925329" />
      <trkpt lat="50.708242" lon="-121.925314" />
      <trkpt lat="50.708567" lon="-121.925387" />
      <trkpt lat="50.709115" lon="-121.925509" />
      <trkpt lat="50.709407" lon="-121.925485" />
      <trkpt lat="50.709553" lon="-121.925447" />
      <trkpt lat="50.709934" lon="-121.925348" />
      <trkpt lat="50.710006" lon="-121.92533" />
      <trkpt lat="50.71088" lon="-121.925103" />
      <trkpt lat="50.7112" lon="-121.925088" />
      <trkpt lat="50.711553" lon="-121.925169" />
      <trkpt lat="50.712119" lon="-121.925524" />
      <trkpt lat="50.71258" lon="-121.925814" />
      <trkpt lat="50.712831" lon="-121.925891" />
      <trkpt lat="50.713106" lon="-121.925891" />
      <trkpt lat="50.713574" lon="-121.925743" />
      <trkpt lat="50.714129" lon="-121.925568" />
      <trkpt lat="50.714225" lon="-121.92553" />
      <trkpt lat="50.714598" lon="-121.925382" />
      <trkpt lat="50.714919" lon="-121.925154" />
      <trkpt lat="50.715157" lon="-121.924889" />
      <trkpt lat="50.715378" lon="-121.924573" />
      <trkpt lat="50.715772" lon="-121.92364" />
      <trkpt lat="50.716008" lon="-121.923366" />
      <trkpt lat="50.716262" lon="-121.923255" />
      <trkpt lat="50.717901" lon="-121.923178" />
      <trkpt lat="50.718264" lon="-121.923161" />
      <trkpt lat="50.718652" lon="-121.923204" />
      <trkpt lat="50.719135" lon="-121.923356" />
      <trkpt lat="50.71981" lon="-121.923699" />
      <trkpt lat="50.722585" lon="-121.925303" />
      <trkpt lat="50.722812" lon="-121.925433" />
      <trkpt lat="50.722981" lon="-121.925529" />
      <trkpt lat="50.723551" lon="-121.925751" />
      <trkpt lat="50.723668" lon="-121.925754" />
      <trkpt lat="50.72421" lon="-121.925861" />
      <trkpt lat="50.724489" lon="-121.925879" />
      <trkpt lat="50.724723" lon="-121.925894" />
      <trkpt lat="50.725244" lon="-121.925927" />
      <trkpt lat="50.725772" lon="-121.925961" />
      <trkpt lat="50.726284" lon="-121.92618" />
      <trkpt lat="50.726297" lon="-121.926188" />
      <trkpt lat="50.726551" lon="-121.926351" />
      <trkpt lat="50.726632" lon="-121.926403" />
      <trkpt lat="50.726855" lon="-121.92662" />
      <trkpt lat="50.728076" lon="-121.927815" />
      <trkpt lat="50.729501" lon="-121.928703" />
      <trkpt lat="50.730461" lon="-121.929226" />
      <trkpt lat="50.730751" lon="-121.929384" />
      <trkpt lat="50.732386" lon="-121.930187" />
      <trkpt lat="50.733698" lon="-121.931133" />
      <trkpt lat="50.735226" lon="-121.932293" />
      <trkpt lat="50.73528" lon="-121.932334" />
      <trkpt lat="50.737212" lon="-121.933983" />
      <trkpt lat="50.738033" lon="-121.934565" />
      <trkpt lat="50.7382" lon="-121.934683" />
      <trkpt lat="50.739897" lon="-121.934794" />
      <trkpt lat="50.740085" lon="-121.934806" />
      <trkpt lat="50.741292" lon="-121.93447" />
      <trkpt lat="50.742169" lon="-121.934226" />
      <trkpt lat="50.742677" lon="-121.934237" />
      <trkpt lat="50.74356" lon="-121.934484" />
      <trkpt lat="50.744217" lon="-121.934256" />
      <trkpt lat="50.745824" lon="-121.933308" />
      <trkpt lat="50.746476" lon="-121.933075" />
      <trkpt lat="50.747126" lon="-121.932985" />
      <trkpt lat="50.74871" lon="-121.933114" />
      <trkpt lat="50.749965" lon="-121.933029" />
      <trkpt lat="50.750152" lon="-121.933114" />
      <trkpt lat="50.750332" lon="-121.933301" />
      <trkpt lat="50.750507" lon="-121.933626" />
      <trkpt lat="50.750805" lon="-121.934183" />
      <trkpt lat="50.750842" lon="-121.934252" />
      <trkpt lat="50.750877" lon="-121.934316" />
      <trkpt lat="50.751657" lon="-121.935233" />
      <trkpt lat="50.751765" lon="-121.935354" />
      <trkpt lat="50.751909" lon="-121.93549" />
      <trkpt lat="50.75222" lon="-121.935778" />
      <trkpt lat="50.752335" lon="-121.935832" />
      <trkpt lat="50.752455" lon="-121.935818" />
      <trkpt lat="50.752944" lon="-121.935358" />
      <trkpt lat="50.753029" lon="-121.935357" />
      <trkpt lat="50.753613" lon="-121.935832" />
      <trkpt lat="50.754548" lon="-121.936323" />
      <trkpt lat="50.754814" lon="-121.936569" />
      <trkpt lat="50.755235" lon="-121.937156" />
      <trkpt lat="50.755294" lon="-121.937065" />
      <trkpt lat="50.75532" lon="-121.936928" />
      <trkpt lat="50.755304" lon="-121.936794" />
      <trkpt lat="50.755136" lon="-121.936525" />
      <trkpt lat="50.754201" lon="-121.935594" />
      <trkpt lat="50.75353" lon="-121.934769" />
      <trkpt lat="50.753515" lon="-121.934607" />
      <trkpt lat="50.75356" lon="-121.934499" />
      <trkpt lat="50.75367" lon="-121.934432" />
      <trkpt lat="50.754128" lon="-121.934394" />
      <trkpt lat="50.754899" lon="-121.934495" />
      <trkpt lat="50.755217" lon="-121.934507" />
      <trkpt lat="50.755238" lon="-121.934507" />
      <trkpt lat="50.755528" lon="-121.934458" />
      <trkpt lat="50.755968" lon="-121.93428" />
      <trkpt lat="50.756156" lon="-121.934252" />
      <trkpt lat="50.756195" lon="-121.934263" />
      <trkpt lat="50.756345" lon="-121.934307" />
      <trkpt lat="50.756514" lon="-121.934447" />
      <trkpt lat="50.756817" lon="-121.934885" />
      <trkpt lat="50.756941" lon="-121.934964" />
      <trkpt lat="50.757072" lon="-121.934964" />
      <trkpt lat="50.757619" lon="-121.934706" />
      <trkpt lat="50.757844" lon="-121.934543" />
      <trkpt lat="50.758555" lon="-121.933811" />
      <trkpt lat="50.758963" lon="-121.933525" />
      <trkpt lat="50.75955" lon="-121.933355" />
      <trkpt lat="50.760121" lon="-121.933189" />
      <trkpt lat="50.76046" lon="-121.933158" />
      <trkpt lat="50.760562" lon="-121.93309" />
      <trkpt lat="50.760593" lon="-121.933069" />
      <trkpt lat="50.760744" lon="-121.932881" />
      <trkpt lat="50.760892" lon="-121.932494" />
      <trkpt lat="50.761025" lon="-121.932318" />
      <trkpt lat="50.76121" lon="-121.932225" />
      <trkpt lat="50.761709" lon="-121.93227" />
      <trkpt lat="50.761858" lon="-121.93224" />
      <trkpt lat="50.761978" lon="-121.932127" />
      <trkpt lat="50.761989" lon="-121.932117" />
      <trkpt lat="50.762205" lon="-121.931668" />
      <trkpt lat="50.762352" lon="-121.93151" />
      <trkpt lat="50.762389" lon="-121.93148" />
      <trkpt lat="50.762795" lon="-121.931156" />
      <trkpt lat="50.763125" lon="-121.930817" />
      <trkpt lat="50.763635" lon="-121.930657" />
      <trkpt lat="50.763789" lon="-121.930537" />
      <trkpt lat="50.763916" lon="-121.93035" />
      <trkpt lat="50.764078" lon="-121.929946" />
      <trkpt lat="50.764215" lon="-121.929766" />
      <trkpt lat="50.764968" lon="-121.929171" />
      <trkpt lat="50.765007" lon="-121.92914" />
      <trkpt lat="50.765152" lon="-121.928964" />
      <trkpt lat="50.765266" lon="-121.928736" />
      <trkpt lat="50.76531" lon="-121.928547" />
      <trkpt lat="50.765469" lon="-121.927865" />
      <trkpt lat="50.765596" lon="-121.927519" />
      <trkpt lat="50.765925" lon="-121.926978" />
      <trkpt lat="50.766138" lon="-121.926596" />
      <trkpt lat="50.766146" lon="-121.926575" />
      <trkpt lat="50.766264" lon="-121.926262" />
      <trkpt lat="50.766472" lon="-121.925291" />
      <trkpt lat="50.766566" lon="-121.92502" />
      <trkpt lat="50.766745" lon="-121.924655" />
      <trkpt lat="50.767094" lon="-121.924081" />
      <trkpt lat="50.767193" lon="-121.92385" />
      <trkpt lat="50.767247" lon="-121.923605" />
      <trkpt lat="50.767268" lon="-121.923312" />
      <trkpt lat="50.767269" lon="-121.922742" />
      <trkpt lat="50.767346" lon="-121.921921" />
      <trkpt lat="50.767422" lon="-121.921112" />
      <trkpt lat="50.767541" lon="-121.919079" />
      <trkpt lat="50.767524" lon="-121.918734" />
      <trkpt lat="50.767412" lon="-121.918122" />
      <trkpt lat="50.767414" lon="-121.917702" />
      <trkpt lat="50.767658" lon="-121.916013" />
      <trkpt lat="50.767671" lon="-121.915377" />
      <trkpt lat="50.767491" lon="-121.913542" />
      <trkpt lat="50.767408" lon="-121.911276" />
      <trkpt lat="50.767398" lon="-121.911007" />
      <trkpt lat="50.767319" lon="-121.909924" />
      <trkpt lat="50.767137" lon="-121.909131" />
      <trkpt lat="50.767032" lon="-121.908226" />
      <trkpt lat="50.76679" lon="-121.907006" />
      <trkpt lat="50.766717" lon="-121.906639" />
      <trkpt lat="50.766694" lon="-121.906504" />
      <trkpt lat="50.766689" lon="-121.906471" />
      <trkpt lat="50.766538" lon="-121.905569" />
      <trkpt lat="50.766491" lon="-121.905414" />
      <trkpt lat="50.766409" lon="-121.90515" />
      <trkpt lat="50.766026" lon="-121.904133" />
      <trkpt lat="50.765817" lon="-121.903326" />
      <trkpt lat="50.7654" lon="-121.90081" />
      <trkpt lat="50.765024" lon="-121.898747" />
      <trkpt lat="50.764613" lon="-121.896904" />
      <trkpt lat="50.764593" lon="-121.896208" />
      <trkpt lat="50.764557" lon="-121.89595" />
      <trkpt lat="50.764395" lon="-121.895353" />
      <trkpt lat="50.764358" lon="-121.894941" />
      <trkpt lat="50.764355" lon="-121.893773" />
      <trkpt lat="50.764333" lon="-121.893553" />
      <trkpt lat="50.764298" lon="-121.893195" />
      <trkpt lat="50.764177" lon="-121.892729" />
      <trkpt lat="50.763997" lon="-121.892245" />
      <trkpt lat="50.763885" lon="-121.891862" />
      <trkpt lat="50.763786" lon="-121.891522" />
      <trkpt lat="50.763389" lon="-121.890606" />
      <trkpt lat="50.763165" lon="-121.890205" />
      <trkpt lat="50.763024" lon="-121.890056" />
      <trkpt lat="50.762922" lon="-121.889947" />
      <trkpt lat="50.762741" lon="-121.889756" />
      <trkpt lat="50.76229" lon="-121.889036" />
      <trkpt lat="50.76221" lon="-121.88891" />
      <trkpt lat="50.761655" lon="-121.888138" />
      <trkpt lat="50.761302" lon="-121.887547" />
      <trkpt lat="50.760793" lon="-121.886695" />
      <trkpt lat="50.760339" lon="-121.886024" />
      <trkpt lat="50.760158" lon="-121.885865" />
      <trkpt lat="50.759769" lon="-121.885525" />
      <trkpt lat="50.759125" lon="-121.884568" />
      <trkpt lat="50.758727" lon="-121.884101" />
      <trkpt lat="50.758491" lon="-121.883824" />
      <trkpt lat="50.758127" lon="-121.883478" />
      <trkpt lat="50.757851" lon="-121.883279" />
      <trkpt lat="50.757673" lon="-121.8832" />
      <trkpt lat="50.757462" lon="-121.883106" />
      <trkpt lat="50.757067" lon="-121.883117" />
      <trkpt lat="50.756828" lon="-121.883026" />
      <trkpt lat="50.75663" lon="-121.882867" />
      <trkpt lat="50.756486" lon="-121.882651" />
      <trkpt lat="50.756212" lon="-121.882037" />
      <trkpt lat="50.755635" lon="-121.881026" />
      <trkpt lat="50.755454" lon="-121.880794" />
      <trkpt lat="50.755331" lon="-121.880683" />
      <trkpt lat="50.755065" lon="-121.880442" />
      <trkpt lat="50.754787" lon="-121.880127" />
      <trkpt lat="50.754725" lon="-121.880057" />
      <trkpt lat="50.75458" lon="-121.879978" />
      <trkpt lat="50.75443" lon="-121.879954" />
      <trkpt lat="50.754256" lon="-121.87998" />
      <trkpt lat="50.754138" lon="-121.880046" />
      <trkpt lat="50.754089" lon="-121.880073" />
      <trkpt lat="50.753822" lon="-121.880284" />
      <trkpt lat="50.753607" lon="-121.880349" />
      <trkpt lat="50.753167" lon="-121.880358" />
      <trkpt lat="50.752358" lon="-121.880113" />
      <trkpt lat="50.751989" lon="-121.880036" />
      <trkpt lat="50.751866" lon="-121.879952" />
      <trkpt lat="50.751802" lon="-121.879802" />
      <trkpt lat="50.751798" lon="-121.879599" />
      <trkpt lat="50.751843" lon="-121.879368" />
      <trkpt lat="50.75195" lon="-121.879045" />
      <trkpt lat="50.752087" lon="-121.878848" />
      <trkpt lat="50.752227" lon="-121.87875" />
      <trkpt lat="50.752697" lon="-121.878695" />
      <trkpt lat="50.753657" lon="-121.878777" />
      <trkpt lat="50.753746" lon="-121.878719" />
      <trkpt lat="50.7538" lon="-121.878595" />
      <trkpt lat="50.753815" lon="-121.878426" />
      <trkpt lat="50.753783" lon="-121.878276" />
      <trkpt lat="50.753698" lon="-121.87815" />
      <trkpt lat="50.753264" lon="-121.877831" />
      <trkpt lat="50.753016" lon="-121.877704" />
      <trkpt lat="50.752489" lon="-121.877558" />
      <trkpt lat="50.752125" lon="-121.87759" />
      <trkpt lat="50.752025" lon="-121.877543" />
      <trkpt lat="50.751975" lon="-121.877435" />
      <trkpt lat="50.751985" lon="-121.877316" />
      <trkpt lat="50.752066" lon="-121.877226" />
      <trkpt lat="50.752389" lon="-121.877296" />
      <trkpt lat="50.752613" lon="-121.877275" />
      <trkpt lat="50.753282" lon="-121.877097" />
      <trkpt lat="50.753538" lon="-121.877092" />
      <trkpt lat="50.75391" lon="-121.877177" />
      <trkpt lat="50.755348" lon="-121.877639" />
      <trkpt lat="50.755376" lon="-121.877658" />
      <trkpt lat="50.755921" lon="-121.878041" />
      <trkpt lat="50.756301" lon="-121.87824" />
      <trkpt lat="50.756441" lon="-121.878366" />
      <trkpt lat="50.756546" lon="-121.87853" />
      <trkpt lat="50.756736" lon="-121.878924" />
      <trkpt lat="50.756902" lon="-121.879144" />
      <trkpt lat="50.757106" lon="-121.879317" />
      <trkpt lat="50.757342" lon="-121.879376" />
      <trkpt lat="50.757837" lon="-121.879377" />
      <trkpt lat="50.758394" lon="-121.879458" />
      <trkpt lat="50.758482" lon="-121.87941" />
      <trkpt lat="50.758527" lon="-121.87931" />
      <trkpt lat="50.758519" lon="-121.879204" />
      <trkpt lat="50.758467" lon="-121.879123" />
      <trkpt lat="50.758371" lon="-121.879082" />
      <trkpt lat="50.758097" lon="-121.879122" />
      <trkpt lat="50.75791" lon="-121.879079" />
      <trkpt lat="50.757331" lon="-121.878839" />
      <trkpt lat="50.757172" lon="-121.878693" />
      <trkpt lat="50.757047" lon="-121.878448" />
      <trkpt lat="50.75688" lon="-121.877969" />
      <trkpt lat="50.756739" lon="-121.877681" />
      <trkpt lat="50.756422" lon="-121.877234" />
      <trkpt lat="50.755722" lon="-121.876343" />
      <trkpt lat="50.755706" lon="-121.876331" />
      <trkpt lat="50.755562" lon="-121.876224" />
      <trkpt lat="50.755154" lon="-121.876061" />
      <trkpt lat="50.7547" lon="-121.875733" />
      <trkpt lat="50.754074" lon="-121.875402" />
      <trkpt lat="50.752294" lon="-121.874759" />
      <trkpt lat="50.751641" lon="-121.87434" />
      <trkpt lat="50.751326" lon="-121.874202" />
      <trkpt lat="50.751226" lon="-121.874093" />
      <trkpt lat="50.751195" lon="-121.873958" />
      <trkpt lat="50.75122" lon="-121.873835" />
      <trkpt lat="50.751279" lon="-121.87378" />
      <trkpt lat="50.751292" lon="-121.873767" />
      <trkpt lat="50.751386" lon="-121.873774" />
      <trkpt lat="50.751713" lon="-121.874092" />
      <trkpt lat="50.7521" lon="-121.874237" />
      <trkpt lat="50.753479" lon="-121.87429" />
      <trkpt lat="50.754144" lon="-121.874191" />
      <trkpt lat="50.755885" lon="-121.874255" />
      <trkpt lat="50.756259" lon="-121.874411" />
      <trkpt lat="50.756339" lon="-121.874375" />
      <trkpt lat="50.756376" lon="-121.874291" />
      <trkpt lat="50.756364" lon="-121.874195" />
      <trkpt lat="50.756306" lon="-121.874119" />
      <trkpt lat="50.75608" lon="-121.874072" />
      <trkpt lat="50.755356" lon="-121.873738" />
      <trkpt lat="50.755049" lon="-121.873539" />
      <trkpt lat="50.754811" lon="-121.873331" />
      <trkpt lat="50.754723" lon="-121.873181" />
      <trkpt lat="50.754699" lon="-121.873024" />
      <trkpt lat="50.754707" lon="-121.872964" />
      <trkpt lat="50.754722" lon="-121.872848" />
      <trkpt lat="50.7548" lon="-121.872667" />
      <trkpt lat="50.755929" lon="-121.871462" />
      <trkpt lat="50.756451" lon="-121.87077" />
      <trkpt lat="50.756596" lon="-121.870484" />
      <trkpt lat="50.756741" lon="-121.87004" />
      <trkpt lat="50.756877" lon="-121.869449" />
      <trkpt lat="50.756962" lon="-121.868838" />
      <trkpt lat="50.757073" lon="-121.868455" />
      <trkpt lat="50.757273" lon="-121.868038" />
      <trkpt lat="50.757332" lon="-121.867769" />
      <trkpt lat="50.757343" lon="-121.867517" />
      <trkpt lat="50.757249" lon="-121.866505" />
      <trkpt lat="50.75726" lon="-121.866097" />
      <trkpt lat="50.75731" lon="-121.865832" />
      <trkpt lat="50.757436" lon="-121.8656" />
      <trkpt lat="50.757633" lon="-121.865383" />
      <trkpt lat="50.758695" lon="-121.864494" />
      <trkpt lat="50.759658" lon="-121.863073" />
      <trkpt lat="50.76018" lon="-121.862083" />
      <trkpt lat="50.760458" lon="-121.861688" />
      <trkpt lat="50.760658" lon="-121.861496" />
      <trkpt lat="50.760905" lon="-121.861374" />
      <trkpt lat="50.761165" lon="-121.861348" />
      <trkpt lat="50.761388" lon="-121.861403" />
      <trkpt lat="50.761453" lon="-121.861441" />
      <trkpt lat="50.76157" lon="-121.861509" />
      <trkpt lat="50.761604" lon="-121.86153" />
      <trkpt lat="50.761888" lon="-121.861851" />
      <trkpt lat="50.762695" lon="-121.862933" />
      <trkpt lat="50.763047" lon="-121.863249" />
      <trkpt lat="50.763896" lon="-121.863691" />
      <trkpt lat="50.765204" lon="-121.864115" />
      <trkpt lat="50.765819" lon="-121.864468" />
      <trkpt lat="50.767982" lon="-121.865871" />
      <trkpt lat="50.768793" lon="-121.866312" />
      <trkpt lat="50.769358" lon="-121.866508" />
      <trkpt lat="50.769567" lon="-121.866557" />
      <trkpt lat="50.769784" lon="-121.866595" />
      <trkpt lat="50.770006" lon="-121.866634" />
      <trkpt lat="50.770173" lon="-121.866655" />
      <trkpt lat="50.770399" lon="-121.866643" />
      <trkpt lat="50.770589" lon="-121.866657" />
      <trkpt lat="50.770946" lon="-121.866612" />
      <trkpt lat="50.771264" lon="-121.866469" />
      <trkpt lat="50.771928" lon="-121.866031" />
      <trkpt lat="50.772305" lon="-121.866029" />
      <trkpt lat="50.772776" lon="-121.866202" />
      <trkpt lat="50.774637" lon="-121.867245" />
      <trkpt lat="50.774882" lon="-121.867433" />
      <trkpt lat="50.775134" lon="-121.867736" />
      <trkpt lat="50.775347" lon="-121.868031" />
      <trkpt lat="50.775606" lon="-121.868389" />
      <trkpt lat="50.776119" lon="-121.869266" />
      <trkpt lat="50.776279" lon="-121.869434" />
      <trkpt lat="50.776302" lon="-121.869458" />
      <trkpt lat="50.776506" lon="-121.869524" />
      <trkpt lat="50.776836" lon="-121.869566" />
      <trkpt lat="50.777212" lon="-121.869772" />
      <trkpt lat="50.777606" lon="-121.869988" />
      <trkpt lat="50.777781" lon="-121.870168" />
      <trkpt lat="50.777945" lon="-121.87045" />
      <trkpt lat="50.77812" lon="-121.870964" />
      <trkpt lat="50.778336" lon="-121.871293" />
      <trkpt lat="50.778448" lon="-121.871402" />
      <trkpt lat="50.778485" lon="-121.871438" />
      <trkpt lat="50.778662" lon="-121.871469" />
      <trkpt lat="50.780239" lon="-121.87152" />
      <trkpt lat="50.781716" lon="-121.871567" />
      <trkpt lat="50.782454" lon="-121.871591" />
      <trkpt lat="50.782884" lon="-121.871482" />
      <trkpt lat="50.78319" lon="-121.871318" />
      <trkpt lat="50.783684" lon="-121.870924" />
      <trkpt lat="50.783915" lon="-121.870885" />
      <trkpt lat="50.784488" lon="-121.870919" />
      <trkpt lat="50.784587" lon="-121.870925" />
      <trkpt lat="50.784984" lon="-121.87081" />
      <trkpt lat="50.785178" lon="-121.870707" />
      <trkpt lat="50.785365" lon="-121.87054" />
      <trkpt lat="50.785804" lon="-121.869985" />
      <trkpt lat="50.786105" lon="-121.869744" />
      <trkpt lat="50.786331" lon="-121.869635" />
      <trkpt lat="50.786455" lon="-121.869487" />
      <trkpt lat="50.78664" lon="-121.869101" />
      <trkpt lat="50.78681" lon="-121.868961" />
      <trkpt lat="50.787302" lon="-121.868916" />
      <trkpt lat="50.787638" lon="-121.868717" />
      <trkpt lat="50.787766" lon="-121.868705" />
      <trkpt lat="50.787874" lon="-121.868775" />
      <trkpt lat="50.78801" lon="-121.86896" />
      <trkpt lat="50.788582" lon="-121.869975" />
      <trkpt lat="50.788662" lon="-121.870272" />
      <trkpt lat="50.788885" lon="-121.872637" />
      <trkpt lat="50.788888" lon="-121.873124" />
      <trkpt lat="50.78885" lon="-121.873888" />
      <trkpt lat="50.78887" lon="-121.874185" />
      <trkpt lat="50.788933" lon="-121.874434" />
      <trkpt lat="50.789089" lon="-121.874744" />
      <trkpt lat="50.789181" lon="-121.874837" />
      <trkpt lat="50.789289" lon="-121.874946" />
      <trkpt lat="50.78996" lon="-121.875071" />
      <trkpt lat="50.790241" lon="-121.87526" />
      <trkpt lat="50.791082" lon="-121.876052" />
      <trkpt lat="50.791089" lon="-121.876059" />
      <trkpt lat="50.791288" lon="-121.87613" />
      <trkpt lat="50.791523" lon="-121.876107" />
      <trkpt lat="50.791539" lon="-121.8761" />
      <trkpt lat="50.792092" lon="-121.875843" />
      <trkpt lat="50.792336" lon="-121.875833" />
      <trkpt lat="50.792599" lon="-121.875906" />
      <trkpt lat="50.793046" lon="-121.87618" />
      <trkpt lat="50.793447" lon="-121.876293" />
      <trkpt lat="50.793896" lon="-121.876419" />
      <trkpt lat="50.794356" lon="-121.876825" />
      <trkpt lat="50.794431" lon="-121.876845" />
      <trkpt lat="50.794523" lon="-121.876869" />
      <trkpt lat="50.7948" lon="-121.876786" />
      <trkpt lat="50.794933" lon="-121.876718" />
      <trkpt lat="50.79507" lon="-121.876648" />
      <trkpt lat="50.795345" lon="-121.876421" />
      <trkpt lat="50.795519" lon="-121.876383" />
      <trkpt lat="50.795771" lon="-121.876464" />
      <trkpt lat="50.795818" lon="-121.876479" />
      <trkpt lat="50.796088" lon="-121.876459" />
      <trkpt lat="50.796512" lon="-121.876623" />
      <trkpt lat="50.796865" lon="-121.876589" />
      <trkpt lat="50.7973" lon="-121.876855" />
      <trkpt lat="50.797313" lon="-121.876853" />
      <trkpt lat="50.797653" lon="-121.876801" />
      <trkpt lat="50.797844" lon="-121.876863" />
      <trkpt lat="50.798125" lon="-121.877036" />
      <trkpt lat="50.798142" lon="-121.877038" />
      <trkpt lat="50.798291" lon="-121.877056" />
      <trkpt lat="50.798353" lon="-121.877021" />
      <trkpt lat="50.798631" lon="-121.876864" />
      <trkpt lat="50.798889" lon="-121.876826" />
      <trkpt lat="50.799054" lon="-121.876859" />
      <trkpt lat="50.799281" lon="-121.876904" />
      <trkpt lat="50.799763" lon="-121.87711" />
      <trkpt lat="50.799999" lon="-121.87721" />
      <trkpt lat="50.800131" lon="-121.877266" />
      <trkpt lat="50.80074" lon="-121.877553" />
      <trkpt lat="50.801445" lon="-121.877349" />
      <trkpt lat="50.802333" lon="-121.876834" />
      <trkpt lat="50.803987" lon="-121.877854" />
      <trkpt lat="50.804543" lon="-121.879495" />
      <trkpt lat="50.804632" lon="-121.881223" />
      <trkpt lat="50.804489" lon="-121.881995" />
      <trkpt lat="50.804028" lon="-121.882295" />
      <trkpt lat="50.803987" lon="-121.883143" />
      <trkpt lat="50.80432" lon="-121.884548" />
      <trkpt lat="50.804326" lon="-121.884838" />
      <trkpt lat="50.804557" lon="-121.885278" />
      <trkpt lat="50.804638" lon="-121.886061" />
      <trkpt lat="50.804849" lon="-121.886995" />
      <trkpt lat="50.805269" lon="-121.887746" />
      <trkpt lat="50.805621" lon="-121.889698" />
      <trkpt lat="50.805459" lon="-121.890353" />
      <trkpt lat="50.804408" lon="-121.891415" />
      <trkpt lat="50.803981" lon="-121.891767" />
      <trkpt lat="50.803855" lon="-121.891968" />
      <trkpt lat="50.803611" lon="-121.892308" />
      <trkpt lat="50.803384" lon="-121.892713" />
      <trkpt lat="50.802755" lon="-121.893699" />
      <trkpt lat="50.802157" lon="-121.894955" />
      <trkpt lat="50.801879" lon="-121.895792" />
      <trkpt lat="50.801813" lon="-121.89597" />
      <trkpt lat="50.801885" lon="-121.896069" />
      <trkpt lat="50.801953" lon="-121.896125" />
      <trkpt lat="50.803343" lon="-121.89517" />
      <trkpt lat="50.804659" lon="-121.894913" />
      <trkpt lat="50.805662" lon="-121.895385" />
      <trkpt lat="50.806116" lon="-121.895288" />
      <trkpt lat="50.806564" lon="-121.895621" />
      <trkpt lat="50.807066" lon="-121.895513" />
      <trkpt lat="50.807737" lon="-121.895889" />
      <trkpt lat="50.808336" lon="-121.895505" />
      <trkpt lat="50.808665" lon="-121.895338" />
      <trkpt lat="50.808785" lon="-121.895198" />
      <trkpt lat="50.80891" lon="-121.89497" />
      <trkpt lat="50.809049" lon="-121.894499" />
      <trkpt lat="50.809155" lon="-121.894163" />
      <trkpt lat="50.809305" lon="-121.894004" />
      <trkpt lat="50.809566" lon="-121.893861" />
      <trkpt lat="50.809669" lon="-121.893763" />
      <trkpt lat="50.8098" lon="-121.893557" />
      <trkpt lat="50.809956" lon="-121.893152" />
      <trkpt lat="50.810086" lon="-121.892629" />
      <trkpt lat="50.810274" lon="-121.892168" />
      <trkpt lat="50.810429" lon="-121.891916" />
      <trkpt lat="50.810519" lon="-121.891748" />
      <trkpt lat="50.8106" lon="-121.891525" />
      <trkpt lat="50.810715" lon="-121.891208" />
      <trkpt lat="50.811013" lon="-121.890851" />
      <trkpt lat="50.811098" lon="-121.890668" />
      <trkpt lat="50.811246" lon="-121.890147" />
      <trkpt lat="50.811308" lon="-121.89007" />
      <trkpt lat="50.811385" lon="-121.890051" />
      <trkpt lat="50.811493" lon="-121.89006" />
      <trkpt lat="50.81159" lon="-121.890132" />
      <trkpt lat="50.811709" lon="-121.890307" />
      <trkpt lat="50.812225" lon="-121.891522" />
      <trkpt lat="50.812652" lon="-121.892466" />
      <trkpt lat="50.813709" lon="-121.893443" />
      <trkpt lat="50.814381" lon="-121.894365" />
      <trkpt lat="50.814645" lon="-121.895717" />
      <trkpt lat="50.814577" lon="-121.89723" />
      <trkpt lat="50.814444" lon="-121.89763" />
      <trkpt lat="50.81448" lon="-121.898041" />
      <trkpt lat="50.81479" lon="-121.898714" />
      <trkpt lat="50.814847" lon="-121.899" />
      <trkpt lat="50.81483" lon="-121.899753" />
      <trkpt lat="50.815116" lon="-121.90033" />
      <trkpt lat="50.815238" lon="-121.900844" />
      <trkpt lat="50.815391" lon="-121.901318" />
      <trkpt lat="50.815582" lon="-121.902063" />
      <trkpt lat="50.815757" lon="-121.902165" />
      <trkpt lat="50.816189" lon="-121.902162" />
      <trkpt lat="50.816584" lon="-121.902541" />
      <trkpt lat="50.816719" lon="-121.903002" />
      <trkpt lat="50.817322" lon="-121.903378" />
      <trkpt lat="50.817689" lon="-121.903109" />
      <trkpt lat="50.818454" lon="-121.901886" />
      <trkpt lat="50.818793" lon="-121.901554" />
      <trkpt lat="50.819078" lon="-121.900663" />
      <trkpt lat="50.819763" lon="-121.90047" />
      <trkpt lat="50.820366" lon="-121.899515" />
      <trkpt lat="50.821511" lon="-121.899429" />
      <trkpt lat="50.822148" lon="-121.899075" />
      <trkpt lat="50.822941" lon="-121.899215" />
      <trkpt lat="50.823897" lon="-121.898163" />
      <trkpt lat="50.824048" lon="-121.898066" />
      <trkpt lat="50.82422" lon="-121.898095" />
      <trkpt lat="50.824534" lon="-121.898163" />
      <trkpt lat="50.824771" lon="-121.898514" />
      <trkpt lat="50.824978" lon="-121.898884" />
      <trkpt lat="50.825497" lon="-121.89984" />
      <trkpt lat="50.825688" lon="-121.900272" />
      <trkpt lat="50.825856" lon="-121.900603" />
      <trkpt lat="50.825956" lon="-121.900663" />
      <trkpt lat="50.826009" lon="-121.900691" />
      <trkpt lat="50.826309" lon="-121.900465" />
      <trkpt lat="50.826805" lon="-121.899794" />
      <trkpt lat="50.827224" lon="-121.89987" />
      <trkpt lat="50.827567" lon="-121.900059" />
      <trkpt lat="50.827699" lon="-121.900097" />
      <trkpt lat="50.827937" lon="-121.89983" />
      <trkpt lat="50.828617" lon="-121.898856" />
      <trkpt lat="50.828698" lon="-121.89851" />
      <trkpt lat="50.828673" lon="-121.897987" />
      <trkpt lat="50.828774" lon="-121.89733" />
      <trkpt lat="50.828854" lon="-121.897038" />
      <trkpt lat="50.829028" lon="-121.896774" />
      <trkpt lat="50.829412" lon="-121.89653" />
      <trkpt lat="50.829918" lon="-121.89631" />
      <trkpt lat="50.830486" lon="-121.896312" />
      <trkpt lat="50.830838" lon="-121.896562" />
      <trkpt lat="50.831124" lon="-121.896783" />
      <trkpt lat="50.831599" lon="-121.896968" />
      <trkpt lat="50.831991" lon="-121.89706" />
      <trkpt lat="50.833357" lon="-121.89738" />
      <trkpt lat="50.833755" lon="-121.89756" />
      <trkpt lat="50.833996" lon="-121.897563" />
      <trkpt lat="50.834198" lon="-121.897423" />
      <trkpt lat="50.834335" lon="-121.8972" />
      <trkpt lat="50.834479" lon="-121.896845" />
      <trkpt lat="50.834749" lon="-121.896029" />
      <trkpt lat="50.835003" lon="-121.895621" />
      <trkpt lat="50.835091" lon="-121.895545" />
      <trkpt lat="50.835209" lon="-121.895498" />
      <trkpt lat="50.835378" lon="-121.8955" />
      <trkpt lat="50.835946" lon="-121.895581" />
      <trkpt lat="50.836427" lon="-121.89565" />
      <trkpt lat="50.837677" lon="-121.895256" />
      <trkpt lat="50.838257" lon="-121.894947" />
      <trkpt lat="50.83866" lon="-121.894686" />
      <trkpt lat="50.838829" lon="-121.89464" />
      <trkpt lat="50.839125" lon="-121.894713" />
      <trkpt lat="50.840576" lon="-121.895422" />
      <trkpt lat="50.841144" lon="-121.895784" />
      <trkpt lat="50.842673" lon="-121.897141" />
      <trkpt lat="50.844626" lon="-121.9" />
      <trkpt lat="50.845536" lon="-121.900561" />
      <trkpt lat="50.846225" lon="-121.900431" />
      <trkpt lat="50.847715" lon="-121.899372" />
      <trkpt lat="50.848431" lon="-121.899051" />
      <trkpt lat="50.849906" lon="-121.899532" />
      <trkpt lat="50.850244" lon="-121.899834" />
      <trkpt lat="50.850521" lon="-121.899794" />
      <trkpt lat="50.851108" lon="-121.899686" />
      <trkpt lat="50.851594" lon="-121.9" />
      <trkpt lat="50.852248" lon="-121.9" />
      <trkpt lat="50.852893" lon="-121.900308" />
      <trkpt lat="50.853255" lon="-121.900561" />
      <trkpt lat="50.853846" lon="-121.900961" />
      <trkpt lat="50.854488" lon="-121.901849" />
      <trkpt lat="50.855071" lon="-121.902396" />
      <trkpt lat="50.855774" lon="-121.902835" />
      <trkpt lat="50.85657" lon="-121.90351" />
      <trkpt lat="50.857427" lon="-121.903299" />
      <trkpt lat="50.859326" lon="-121.904038" />
      <trkpt lat="50.859659" lon="-121.904705" />
      <trkpt lat="50.860927" lon="-121.905413" />
      <trkpt lat="50.861462" lon="-121.905583" />
      <trkpt lat="50.861573" lon="-121.905592" />
      <trkpt lat="50.861744" lon="-121.905548" />
      <trkpt lat="50.86179" lon="-121.905442" />
      <trkpt lat="50.8618" lon="-121.905297" />
      <trkpt lat="50.861753" lon="-121.90517" />
      <trkpt lat="50.861307" lon="-121.904526" />
      <trkpt lat="50.860989" lon="-121.903656" />
      <trkpt lat="50.860514" lon="-121.902744" />
      <trkpt lat="50.860434" lon="-121.901282" />
      <trkpt lat="50.860246" lon="-121.899775" />
      <trkpt lat="50.860336" lon="-121.899062" />
      <trkpt lat="50.86094" lon="-121.897508" />
      <trkpt lat="50.860973" lon="-121.897428" />
      <trkpt lat="50.861327" lon="-121.896704" />
      <trkpt lat="50.86297" lon="-121.895842" />
      <trkpt lat="50.863447" lon="-121.895216" />
      <trkpt lat="50.864141" lon="-121.893577" />
      <trkpt lat="50.865929" lon="-121.892932" />
      <trkpt lat="50.866372" lon="-121.892964" />
      <trkpt lat="50.866839" lon="-121.892769" />
      <trkpt lat="50.867794" lon="-121.892704" />
      <trkpt lat="50.868145" lon="-121.892456" />
      <trkpt lat="50.868553" lon="-121.892102" />
      <trkpt lat="50.868844" lon="-121.89159" />
      <trkpt lat="50.870056" lon="-121.890029" />
      <trkpt lat="50.870241" lon="-121.889061" />
      <trkpt lat="50.870693" lon="-121.888834" />
      <trkpt lat="50.871206" lon="-121.888972" />
      <trkpt lat="50.871781" lon="-121.888549" />
      <trkpt lat="50.872212" lon="-121.888687" />
      <trkpt lat="50.872633" lon="-121.888607" />
      <trkpt lat="50.873412" lon="-121.888557" />
      <trkpt lat="50.874089" lon="-121.888279" />
      <trkpt lat="50.874125" lon="-121.888264" />
      <trkpt lat="50.875336" lon="-121.887939" />
      <trkpt lat="50.875931" lon="-121.887459" />
      <trkpt lat="50.876124" lon="-121.887453" />
      <trkpt lat="50.876244" lon="-121.887549" />
      <trkpt lat="50.876414" lon="-121.888154" />
      <trkpt lat="50.87648" lon="-121.888568" />
      <trkpt lat="50.87658" lon="-121.888858" />
      <trkpt lat="50.876732" lon="-121.888931" />
      <trkpt lat="50.876975" lon="-121.888804" />
      <trkpt lat="50.877147" lon="-121.88846" />
      <trkpt lat="50.877344" lon="-121.888082" />
      <trkpt lat="50.877829" lon="-121.887663" />
      <trkpt lat="50.878451" lon="-121.887338" />
      <trkpt lat="50.878546" lon="-121.887248" />
      <trkpt lat="50.879105" lon="-121.886814" />
      <trkpt lat="50.880078" lon="-121.886061" />
      <trkpt lat="50.881408" lon="-121.88503" />
      <trkpt lat="50.881533" lon="-121.884933" />
      <trkpt lat="50.882393" lon="-121.884373" />
      <trkpt lat="50.883271" lon="-121.883806" />
      <trkpt lat="50.88408" lon="-121.883577" />
      <trkpt lat="50.885036" lon="-121.883054" />
      <trkpt lat="50.887447" lon="-121.883005" />
      <trkpt lat="50.88897" lon="-121.883806" />
      <trkpt lat="50.892741" lon="-121.884336" />
      <trkpt lat="50.894972" lon="-121.885778" />
      <trkpt lat="50.897327" lon="-121.886899" />
      <trkpt lat="50.900793" lon="-121.890898" />
      <trkpt lat="50.901182" lon="-121.891582" />
      <trkpt lat="50.903366" lon="-121.894023" />
      <trkpt lat="50.905037" lon="-121.895378" />
      <trkpt lat="50.906281" lon="-121.89682" />
      <trkpt lat="50.907789" lon="-121.898669" />
      <trkpt lat="50.909638" lon="-121.900517" />
      <trkpt lat="50.910205" lon="-121.901516" />
      <trkpt lat="50.910681" lon="-121.90232" />
      <trkpt lat="50.911124" lon="-121.902707" />
      <trkpt lat="50.913121" lon="-121.903044" />
      <trkpt lat="50.913727" lon="-121.903205" />
      <trkpt lat="50.915153" lon="-121.904704" />
      <trkpt lat="50.916263" lon="-121.905881" />
      <trkpt lat="50.917961" lon="-121.906189" />
      <trkpt lat="50.918309" lon="-121.906278" />
      <trkpt lat="50.919036" lon="-121.906362" />
      <trkpt lat="50.919413" lon="-121.906166" />
      <trkpt lat="50.920425" lon="-121.904807" />
      <trkpt lat="50.920536" lon="-121.904604" />
      <trkpt lat="50.920779" lon="-121.904158" />
      <trkpt lat="50.921429" lon="-121.903499" />
      <trkpt lat="50.92299" lon="-121.902724" />
      <trkpt lat="50.923575" lon="-121.902112" />
      <trkpt lat="50.923929" lon="-121.901772" />
      <trkpt lat="50.924391" lon="-121.901664" />
      <trkpt lat="50.924759" lon="-121.901804" />
      <trkpt lat="50.924956" lon="-121.90172" />
      <trkpt lat="50.925424" lon="-121.901015" />
      <trkpt lat="50.925751" lon="-121.900838" />
      <trkpt lat="50.92661" lon="-121.901118" />
      <trkpt lat="50.927249" lon="-121.901552" />
      <trkpt lat="50.927832" lon="-121.902253" />
      <trkpt lat="50.928197" lon="-121.902505" />
      <trkpt lat="50.928471" lon="-121.9025" />
      <trkpt lat="50.929053" lon="-121.902271" />
      <trkpt lat="50.929795" lon="-121.902281" />
      <trkpt lat="50.930013" lon="-121.902346" />
      <trkpt lat="50.931002" lon="-121.902052" />
      <trkpt lat="50.932309" lon="-121.901823" />
      <trkpt lat="50.933345" lon="-121.901718" />
      <trkpt lat="50.934122" lon="-121.901678" />
      <trkpt lat="50.935058" lon="-121.902005" />
      <trkpt lat="50.935593" lon="-121.902491" />
      <trkpt lat="50.936111" lon="-121.903668" />
      <trkpt lat="50.936361" lon="-121.904158" />
      <trkpt lat="50.936614" lon="-121.90477" />
      <trkpt lat="50.937185" lon="-121.905433" />
      <trkpt lat="50.937583" lon="-121.906423" />
      <trkpt lat="50.937824" lon="-121.906596" />
      <trkpt lat="50.939101" lon="-121.906792" />
      <trkpt lat="50.939425" lon="-121.906796" />
      <trkpt lat="50.939625" lon="-121.907007" />
      <trkpt lat="50.939651" lon="-121.907352" />
      <trkpt lat="50.939363" lon="-121.908071" />
      <trkpt lat="50.939534" lon="-121.909449" />
      <trkpt lat="50.939702" lon="-121.910047" />
      <trkpt lat="50.940817" lon="-121.91148" />
      <trkpt lat="50.941055" lon="-121.91233" />
      <trkpt lat="50.941788" lon="-121.912816" />
      <trkpt lat="50.942203" lon="-121.912863" />
      <trkpt lat="50.943115" lon="-121.913325" />
      <trkpt lat="50.943344" lon="-121.913222" />
      <trkpt lat="50.943709" lon="-121.913405" />
      <trkpt lat="50.943895" lon="-121.913745" />
      <trkpt lat="50.94428" lon="-121.913825" />
      <trkpt lat="50.944524" lon="-121.914521" />
      <trkpt lat="50.945242" lon="-121.915216" />
      <trkpt lat="50.945301" lon="-121.91581" />
      <trkpt lat="50.945581" lon="-121.916365" />
      <trkpt lat="50.945637" lon="-121.917776" />
      <trkpt lat="50.945763" lon="-121.918004" />
      <trkpt lat="50.946419" lon="-121.918182" />
      <trkpt lat="50.948179" lon="-121.919835" />
      <trkpt lat="50.949214" lon="-121.921283" />
      <trkpt lat="50.950006" lon="-121.92267" />
      <trkpt lat="50.950224" lon="-121.923127" />
      <trkpt lat="50.950474" lon="-121.923347" />
      <trkpt lat="50.950783" lon="-121.92359" />
      <trkpt lat="50.950938" lon="-121.923889" />
      <trkpt lat="50.950994" lon="-121.924482" />
      <trkpt lat="50.951465" lon="-121.924804" />
      <trkpt lat="50.951689" lon="-121.925462" />
      <trkpt lat="50.951733" lon="-121.925911" />
      <trkpt lat="50.951612" lon="-121.926476" />
      <trkpt lat="50.951653" lon="-121.926933" />
      <trkpt lat="50.952033" lon="-121.927643" />
      <trkpt lat="50.952568" lon="-121.928283" />
      <trkpt lat="50.952954" lon="-121.928442" />
      <trkpt lat="50.953313" lon="-121.92825" />
      <trkpt lat="50.953851" lon="-121.928292" />
      <trkpt lat="50.953995" lon="-121.928222" />
      <trkpt lat="50.954807" lon="-121.92847" />
      <trkpt lat="50.954893" lon="-121.928506" />
      <trkpt lat="50.956671" lon="-121.929254" />
      <trkpt lat="50.958252" lon="-121.92861" />
      <trkpt lat="50.962726" lon="-121.924748" />
      <trkpt lat="50.965807" lon="-121.920006" />
      <trkpt lat="50.96646" lon="-121.920137" />
      <trkpt lat="50.966839" lon="-121.920105" />
      <trkpt lat="50.967146" lon="-121.920173" />
      <trkpt lat="50.967879" lon="-121.920781" />
      <trkpt lat="50.968321" lon="-121.921551" />
      <trkpt lat="50.968482" lon="-121.921504" />
      <trkpt lat="50.968792" lon="-121.921367" />
      <trkpt lat="50.969003" lon="-121.92144" />
      <trkpt lat="50.969245" lon="-121.921636" />
      <trkpt lat="50.969969" lon="-121.922602" />
      <trkpt lat="50.972455" lon="-121.923761" />
      <trkpt lat="50.972564" lon="-121.925156" />
      <trkpt lat="50.97305" lon="-121.927108" />
      <trkpt lat="50.972901" lon="-121.927409" />
      <trkpt lat="50.973199" lon="-121.928074" />
      <trkpt lat="50.974117" lon="-121.92904" />
      <trkpt lat="50.973928" lon="-121.929404" />
      <trkpt lat="50.973712" lon="-121.929619" />
      <trkpt lat="50.973523" lon="-121.931829" />
      <trkpt lat="50.973442" lon="-121.932301" />
      <trkpt lat="50.973793" lon="-121.933846" />
      <trkpt lat="50.973874" lon="-121.935992" />
      <trkpt lat="50.97409" lon="-121.938009" />
      <trkpt lat="50.973307" lon="-121.939082" />
      <trkpt lat="50.973158" lon="-121.939983" />
      <trkpt lat="50.97359" lon="-121.941013" />
      <trkpt lat="50.974057" lon="-121.941573" />
      <trkpt lat="50.974382" lon="-121.941774" />
      <trkpt lat="50.974892" lon="-121.942034" />
      <trkpt lat="50.975413" lon="-121.942754" />
      <trkpt lat="50.975894" lon="-121.943068" />
      <trkpt lat="50.976477" lon="-121.943257" />
      <trkpt lat="50.977009" lon="-121.943383" />
      <trkpt lat="50.977524" lon="-121.943572" />
      <trkpt lat="50.977977" lon="-121.943473" />
      <trkpt lat="50.979155" lon="-121.943383" />
      <trkpt lat="50.979364" lon="-121.943131" />
      <trkpt lat="50.979726" lon="-121.942673" />
      <trkpt lat="50.980174" lon="-121.942295" />
      <trkpt lat="50.980502" lon="-121.941711" />
      <trkpt lat="50.980717" lon="-121.941432" />
      <trkpt lat="50.981125" lon="-121.941387" />
      <trkpt lat="50.981662" lon="-121.941783" />
      <trkpt lat="50.982477" lon="-121.942286" />
      <trkpt lat="50.982868" lon="-121.942439" />
      <trkpt lat="50.983332" lon="-121.942169" />
      <trkpt lat="50.983768" lon="-121.942061" />
      <trkpt lat="50.984198" lon="-121.942106" />
      <trkpt lat="50.98503" lon="-121.942088" />
      <trkpt lat="50.985692" lon="-121.942259" />
      <trkpt lat="50.985896" lon="-121.942502" />
      <trkpt lat="50.986181" lon="-121.943502" />
      <trkpt lat="50.986739" lon="-121.946862" />
      <trkpt lat="50.987353" lon="-121.948057" />
      <trkpt lat="50.988125" lon="-121.948942" />
      <trkpt lat="50.98838" lon="-121.949566" />
      <trkpt lat="50.988644" lon="-121.950104" />
      <trkpt lat="50.989271" lon="-121.950262" />
      <trkpt lat="50.989596" lon="-121.950574" />
      <trkpt lat="50.989783" lon="-121.950891" />
      <trkpt lat="50.989868" lon="-121.95134" />
      <trkpt lat="50.990463" lon="-121.952321" />
      <trkpt lat="50.990433" lon="-121.95287" />
      <trkpt lat="50.990377" lon="-121.953277" />
      <trkpt lat="50.99049" lon="-121.95436" />
      <trkpt lat="50.991309" lon="-121.955763" />
      <trkpt lat="50.991289" lon="-121.956" />
      <trkpt lat="50.991125" lon="-121.956012" />
      <trkpt lat="50.990761" lon="-121.955961" />
      <trkpt lat="50.99055" lon="-121.956124" />
      <trkpt lat="50.990425" lon="-121.956479" />
      <trkpt lat="50.990411" lon="-121.956904" />
      <trkpt lat="50.990539" lon="-121.957379" />
      <trkpt lat="50.991412" lon="-121.958303" />
      <trkpt lat="50.991875" lon="-121.958963" />
      <trkpt lat="50.992008" lon="-121.959407" />
      <trkpt lat="50.992077" lon="-121.959759" />
      <trkpt lat="50.992084" lon="-121.960595" />
      <trkpt lat="50.992171" lon="-121.961205" />
      <trkpt lat="50.992447" lon="-121.961794" />
      <trkpt lat="50.9928" lon="-121.962053" />
      <trkpt lat="50.993934" lon="-121.962535" />
      <trkpt lat="50.994455" lon="-121.96342" />
      <trkpt lat="50.995503" lon="-121.96449" />
      <trkpt lat="50.99673" lon="-121.965196" />
      <trkpt lat="50.997283" lon="-121.965217" />
      <trkpt lat="50.997369" lon="-121.965029" />
      <trkpt lat="50.997378" lon="-121.964831" />
      <trkpt lat="50.997295" lon="-121.964374" />
      <trkpt lat="50.997097" lon="-121.963734" />
      <trkpt lat="50.997094" lon="-121.963109" />
      <trkpt lat="50.997405" lon="-121.96172" />
      <trkpt lat="50.997629" lon="-121.961569" />
      <trkpt lat="50.99777" lon="-121.961612" />
      <trkpt lat="50.998062" lon="-121.961697" />
      <trkpt lat="50.998175" lon="-121.961934" />
      <trkpt lat="50.998149" lon="-121.963348" />
      <trkpt lat="50.998164" lon="-121.964213" />
      <trkpt lat="50.998238" lon="-121.965138" />
      <trkpt lat="50.99792" lon="-121.965825" />
      <trkpt lat="50.997946" lon="-121.96598" />
      <trkpt lat="50.997987" lon="-121.966004" />
      <trkpt lat="50.998022" lon="-121.965997" />
      <trkpt lat="50.998144" lon="-121.965934" />
      <trkpt lat="50.998976" lon="-121.964619" />
      <trkpt lat="50.999045" lon="-121.964327" />
      <trkpt lat="50.999037" lon="-121.963805" />
      <trkpt lat="50.999042" lon="-121.963646" />
      <trkpt lat="50.999122" lon="-121.96356" />
      <trkpt lat="50.99921" lon="-121.96354" />
      <trkpt lat="50.999309" lon="-121.963606" />
      <trkpt lat="50.999714" lon="-121.964316" />
      <trkpt lat="51.002509" lon="-121.967492" />
      <trkpt lat="51.004048" lon="-121.967745" />
      <trkpt lat="51.004682" lon="-121.967452" />
      <trkpt lat="51.005553" lon="-121.967593" />
      <trkpt lat="51.005654" lon="-121.967553" />
      <trkpt lat="51.005743" lon="-121.967474" />
      <trkpt lat="51.005792" lon="-121.967372" />
      <trkpt lat="51.005793" lon="-121.967233" />
      <trkpt lat="51.005764" lon="-121.967158" />
      <trkpt lat="51.005663" lon="-121.967026" />
      <trkpt lat="51.005227" lon="-121.966777" />
      <trkpt lat="51.005146" lon="-121.966701" />
      <trkpt lat="51.005102" lon="-121.966595" />
      <trkpt lat="51.005077" lon="-121.966471" />
      <trkpt lat="51.005089" lon="-121.966339" />
      <trkpt lat="51.005137" lon="-121.966195" />
      <trkpt lat="51.005223" lon="-121.966081" />
      <trkpt lat="51.005348" lon="-121.966005" />
      <trkpt lat="51.005518" lon="-121.965965" />
      <trkpt lat="51.006913" lon="-121.966005" />
      <trkpt lat="51.007793" lon="-121.966868" />
      <trkpt lat="51.007908" lon="-121.967049" />
      <trkpt lat="51.00799" lon="-121.967289" />
      <trkpt lat="51.008043" lon="-121.967541" />
      <trkpt lat="51.008115" lon="-121.967742" />
      <trkpt lat="51.008223" lon="-121.967891" />
      <trkpt lat="51.00839" lon="-121.967957" />
      <trkpt lat="51.008709" lon="-121.967963" />
      <trkpt lat="51.009254" lon="-121.96791" />
      <trkpt lat="51.009416" lon="-121.967953" />
      <trkpt lat="51.009554" lon="-121.968073" />
      <trkpt lat="51.009741" lon="-121.968371" />
      <trkpt lat="51.009848" lon="-121.968659" />
      <trkpt lat="51.009918" lon="-121.96899" />
      <trkpt lat="51.009921" lon="-121.969264" />
      <trkpt lat="51.009897" lon="-121.969479" />
      <trkpt lat="51.009908" lon="-121.969694" />
      <trkpt lat="51.009973" lon="-121.969885" />
      <trkpt lat="51.010103" lon="-121.970025" />
      <trkpt lat="51.01053" lon="-121.970331" />
      <trkpt lat="51.010802" lon="-121.970481" />
      <trkpt lat="51.011047" lon="-121.970476" />
      <trkpt lat="51.011853" lon="-121.970355" />
      <trkpt lat="51.012408" lon="-121.96986" />
      <trkpt lat="51.012519" lon="-121.969837" />
      <trkpt lat="51.012613" lon="-121.969865" />
      <trkpt lat="51.013971" lon="-121.970543" />
      <trkpt lat="51.014103" lon="-121.970685" />
      <trkpt lat="51.014169" lon="-121.970865" />
      <trkpt lat="51.0142" lon="-121.971215" />
      <trkpt lat="51.014254" lon="-121.971476" />
      <trkpt lat="51.01434" lon="-121.971679" />
      <trkpt lat="51.014527" lon="-121.971866" />
      <trkpt lat="51.014846" lon="-121.972048" />
      <trkpt lat="51.015559" lon="-121.972249" />
      <trkpt lat="51.016019" lon="-121.972526" />
      <trkpt lat="51.016264" lon="-121.973729" />
      <trkpt lat="51.016868" lon="-121.974071" />
      <trkpt lat="51.017226" lon="-121.974623" />
      <trkpt lat="51.017676" lon="-121.974721" />
      <trkpt lat="51.018423" lon="-121.976494" />
      <trkpt lat="51.019022" lon="-121.976635" />
      <trkpt lat="51.019266" lon="-121.976591" />
      <trkpt lat="51.019528" lon="-121.976347" />
      <trkpt lat="51.020766" lon="-121.974461" />
      <trkpt lat="51.02142" lon="-121.974233" />
      <trkpt lat="51.021993" lon="-121.974412" />
      <trkpt lat="51.023302" lon="-121.975323" />
      <trkpt lat="51.024223" lon="-121.97612" />
      <trkpt lat="51.025511" lon="-121.977895" />
      <trkpt lat="51.025657" lon="-121.978038" />
      <trkpt lat="51.026136" lon="-121.978152" />
      <trkpt lat="51.026831" lon="-121.979226" />
      <trkpt lat="51.027537" lon="-121.980283" />
      <trkpt lat="51.027915" lon="-121.981584" />
      <trkpt lat="51.028764" lon="-121.983096" />
      <trkpt lat="51.029552" lon="-121.983681" />
      <trkpt lat="51.030707" lon="-121.98469" />
      <trkpt lat="51.031469" lon="-121.984908" />
      <trkpt lat="51.032661" lon="-121.985291" />
      <trkpt lat="51.033868" lon="-121.985324" />
      <trkpt lat="51.034733" lon="-121.984915" />
      <trkpt lat="51.035299" lon="-121.985047" />
      <trkpt lat="51.035698" lon="-121.985551" />
      <trkpt lat="51.036278" lon="-121.985462" />
      <trkpt lat="51.037033" lon="-121.985372" />
      <trkpt lat="51.038142" lon="-121.986852" />
      <trkpt lat="51.038571" lon="-121.987877" />
      <trkpt lat="51.039451" lon="-121.988706" />
      <trkpt lat="51.039584" lon="-121.989454" />
      <trkpt lat="51.0397" lon="-121.991777" />
      <trkpt lat="51.039768" lon="-121.993796" />
      <trkpt lat="51.039105" lon="-121.994689" />
      <trkpt lat="51.039083" lon="-121.995309" />
      <trkpt lat="51.039444" lon="-121.996438" />
      <trkpt lat="51.039517" lon="-121.997011" />
      <trkpt lat="51.039429" lon="-121.997234" />
      <trkpt lat="51.03927" lon="-121.997348" />
      <trkpt lat="51.038469" lon="-121.997227" />
      <trkpt lat="51.03805" lon="-121.997455" />
      <trkpt lat="51.038019" lon="-121.997845" />
      <trkpt lat="51.038214" lon="-121.998106" />
      <trkpt lat="51.039658" lon="-121.999353" />
      <trkpt lat="51.040064" lon="-122.000057" />
      <trkpt lat="51.040499" lon="-122.00032" />
      <trkpt lat="51.040876" lon="-122.00069" />
      <trkpt lat="51.041094" lon="-122.000978" />
      <trkpt lat="51.041195" lon="-122.001165" />
      <trkpt lat="51.041257" lon="-122.001382" />
      <trkpt lat="51.0417" lon="-122.005456" />
      <trkpt lat="51.042068" lon="-122.005797" />
      <trkpt lat="51.042457" lon="-122.005993" />
      <trkpt lat="51.042886" lon="-122.006041" />
      <trkpt lat="51.043367" lon="-122.006269" />
      <trkpt lat="51.044062" lon="-122.007456" />
      <trkpt lat="51.044216" lon="-122.008139" />
      <trkpt lat="51.045054" lon="-122.009034" />
      <trkpt lat="51.045739" lon="-122.010139" />
      <trkpt lat="51.04623" lon="-122.011668" />
      <trkpt lat="51.04672" lon="-122.012725" />
      <trkpt lat="51.047242" lon="-122.013034" />
      <trkpt lat="51.047579" lon="-122.014241" />
      <trkpt lat="51.047849" lon="-122.01467" />
      <trkpt lat="51.047917" lon="-122.014875" />
      <trkpt lat="51.047916" lon="-122.014996" />
      <trkpt lat="51.047879" lon="-122.015156" />
      <trkpt lat="51.047774" lon="-122.015267" />
      <trkpt lat="51.047597" lon="-122.015322" />
      <trkpt lat="51.047323" lon="-122.015355" />
      <trkpt lat="51.047198" lon="-122.015405" />
      <trkpt lat="51.047115" lon="-122.015497" />
      <trkpt lat="51.047072" lon="-122.01563" />
      <trkpt lat="51.047067" lon="-122.015809" />
      <trkpt lat="51.04714" lon="-122.016108" />
      <trkpt lat="51.047655" lon="-122.017168" />
      <trkpt lat="51.048411" lon="-122.019614" />
      <trkpt lat="51.048532" lon="-122.020344" />
      <trkpt lat="51.048061" lon="-122.021683" />
      <trkpt lat="51.048181" lon="-122.023133" />
      <trkpt lat="51.048485" lon="-122.025774" />
      <trkpt lat="51.048722" lon="-122.026385" />
      <trkpt lat="51.049393" lon="-122.026712" />
      <trkpt lat="51.049467" lon="-122.027232" />
      <trkpt lat="51.049578" lon="-122.02764" />
      <trkpt lat="51.049878" lon="-122.027833" />
      <trkpt lat="51.050276" lon="-122.027334" />
      <trkpt lat="51.050876" lon="-122.026997" />
      <trkpt lat="51.051636" lon="-122.027041" />
      <trkpt lat="51.052355" lon="-122.027083" />
      <trkpt lat="51.052693" lon="-122.027196" />
      <trkpt lat="51.053158" lon="-122.027421" />
      <trkpt lat="51.05336" lon="-122.027564" />
      <trkpt lat="51.053459" lon="-122.027712" />
      <trkpt lat="51.053488" lon="-122.027891" />
      <trkpt lat="51.053484" lon="-122.028048" />
      <trkpt lat="51.053425" lon="-122.028184" />
      <trkpt lat="51.053334" lon="-122.028264" />
      <trkpt lat="51.053212" lon="-122.028284" />
      <trkpt lat="51.053019" lon="-122.028229" />
      <trkpt lat="51.052902" lon="-122.028178" />
      <trkpt lat="51.052801" lon="-122.028198" />
      <trkpt lat="51.05273" lon="-122.028281" />
      <trkpt lat="51.052671" lon="-122.028395" />
      <trkpt lat="51.052579" lon="-122.028727" />
      <trkpt lat="51.05241" lon="-122.028981" />
      <trkpt lat="51.052202" lon="-122.029163" />
      <trkpt lat="51.052023" lon="-122.029175" />
      <trkpt lat="51.051645" lon="-122.029084" />
      <trkpt lat="51.051444" lon="-122.029094" />
      <trkpt lat="51.051339" lon="-122.029148" />
      <trkpt lat="51.051258" lon="-122.029378" />
      <trkpt lat="51.0512" lon="-122.029651" />
      <trkpt lat="51.05124" lon="-122.029967" />
      <trkpt lat="51.051712" lon="-122.030731" />
      <trkpt lat="51.051805" lon="-122.032321" />
      <trkpt lat="51.0521" lon="-122.033861" />
      <trkpt lat="51.051821" lon="-122.034404" />
      <trkpt lat="51.051643" lon="-122.03592" />
      <trkpt lat="51.051007" lon="-122.036215" />
      <trkpt lat="51.050511" lon="-122.038101" />
      <trkpt lat="51.05062" lon="-122.039186" />
      <trkpt lat="51.050192" lon="-122.039841" />
      <trkpt lat="51.050109" lon="-122.041022" />
      <trkpt lat="51.050325" lon="-122.042217" />
      <trkpt lat="51.050248" lon="-122.04271" />
      <trkpt lat="51.050279" lon="-122.043795" />
      <trkpt lat="51.05069" lon="-122.044374" />
      <trkpt lat="51.050837" lon="-122.045397" />
      <trkpt lat="51.050614" lon="-122.046295" />
      <trkpt lat="51.050706" lon="-122.046613" />
      <trkpt lat="51.05076" lon="-122.046885" />
      <trkpt lat="51.050713" lon="-122.047088" />
      <trkpt lat="51.050601" lon="-122.047305" />
      <trkpt lat="51.050477" lon="-122.047418" />
      <trkpt lat="51.050152" lon="-122.047553" />
      <trkpt lat="51.050012" lon="-122.047662" />
      <trkpt lat="51.049946" lon="-122.047797" />
      <trkpt lat="51.049939" lon="-122.047908" />
      <trkpt lat="51.049954" lon="-122.048034" />
      <trkpt lat="51.050015" lon="-122.0482" />
      <trkpt lat="51.050124" lon="-122.048341" />
      <trkpt lat="51.050581" lon="-122.048659" />
      <trkpt lat="51.050994" lon="-122.048855" />
      <trkpt lat="51.05105" lon="-122.048909" />
      <trkpt lat="51.051096" lon="-122.049006" />
      <trkpt lat="51.051115" lon="-122.049148" />
      <trkpt lat="51.051112" lon="-122.049411" />
      <trkpt lat="51.05106" lon="-122.04987" />
      <trkpt lat="51.050851" lon="-122.051063" />
      <trkpt lat="51.050516" lon="-122.05152" />
      <trkpt lat="51.049804" lon="-122.0519" />
      <trkpt lat="51.049693" lon="-122.052405" />
      <trkpt lat="51.049899" lon="-122.052775" />
      <trkpt lat="51.050794" lon="-122.052801" />
      <trkpt lat="51.051117" lon="-122.052984" />
      <trkpt lat="51.05124" lon="-122.053423" />
      <trkpt lat="51.051102" lon="-122.054408" />
      <trkpt lat="51.051187" lon="-122.054655" />
      <trkpt lat="51.051393" lon="-122.054752" />
      <trkpt lat="51.052832" lon="-122.05437" />
      <trkpt lat="51.053196" lon="-122.054622" />
      <trkpt lat="51.054159" lon="-122.054809" />
      <trkpt lat="51.05454" lon="-122.054893" />
      <trkpt lat="51.055462" lon="-122.054351" />
      <trkpt lat="51.055973" lon="-122.05451" />
      <trkpt lat="51.056853" lon="-122.054874" />
      <trkpt lat="51.057517" lon="-122.054846" />
      <trkpt lat="51.057787" lon="-122.055173" />
      <trkpt lat="51.058063" lon="-122.055294" />
      <trkpt lat="51.058908" lon="-122.054827" />
      <trkpt lat="51.059378" lon="-122.054958" />
      <trkpt lat="51.059467" lon="-122.054909" />
      <trkpt lat="51.059518" lon="-122.054769" />
      <trkpt lat="51.059389" lon="-122.05464" />
      <trkpt lat="51.058732" lon="-122.054594" />
      <trkpt lat="51.05818" lon="-122.054967" />
      <trkpt lat="51.057787" lon="-122.054734" />
      <trkpt lat="51.057094" lon="-122.054033" />
      <trkpt lat="51.056307" lon="-122.053837" />
      <trkpt lat="51.055733" lon="-122.053407" />
      <trkpt lat="51.055445" lon="-122.053313" />
      <trkpt lat="51.055098" lon="-122.053288" />
      <trkpt lat="51.054791" lon="-122.05326" />
      <trkpt lat="51.054652" lon="-122.053202" />
      <trkpt lat="51.054553" lon="-122.053064" />
      <trkpt lat="51.054514" lon="-122.052971" />
      <trkpt lat="51.054509" lon="-122.052899" />
      <trkpt lat="51.054529" lon="-122.052862" />
      <trkpt lat="51.054573" lon="-122.052844" />
      <trkpt lat="51.054628" lon="-122.05287" />
      <trkpt lat="51.054709" lon="-122.052937" />
      <trkpt lat="51.05507" lon="-122.052997" />
      <trkpt lat="51.055695" lon="-122.052953" />
      <trkpt lat="51.056078" lon="-122.053053" />
      <trkpt lat="51.056343" lon="-122.053118" />
      <trkpt lat="51.056889" lon="-122.053314" />
      <trkpt lat="51.057487" lon="-122.053286" />
      <trkpt lat="51.05818" lon="-122.053837" />
      <trkpt lat="51.059002" lon="-122.053529" />
      <trkpt lat="51.0596" lon="-122.052781" />
      <trkpt lat="51.060111" lon="-122.052576" />
      <trkpt lat="51.060373" lon="-122.052626" />
      <trkpt lat="51.060552" lon="-122.052754" />
      <trkpt lat="51.060647" lon="-122.052993" />
      <trkpt lat="51.060623" lon="-122.053281" />
      <trkpt lat="51.060568" lon="-122.054746" />
      <trkpt lat="51.060657" lon="-122.055135" />
      <trkpt lat="51.060851" lon="-122.055191" />
      <trkpt lat="51.061462" lon="-122.054984" />
      <trkpt lat="51.061952" lon="-122.055098" />
      <trkpt lat="51.062351" lon="-122.055638" />
      <trkpt lat="51.062601" lon="-122.056273" />
      <trkpt lat="51.062785" lon="-122.05657" />
      <trkpt lat="51.062941" lon="-122.056981" />
      <trkpt lat="51.063356" lon="-122.057196" />
      <trkpt lat="51.063633" lon="-122.05742" />
      <trkpt lat="51.063652" lon="-122.057793" />
      <trkpt lat="51.063571" lon="-122.058298" />
      <trkpt lat="51.063794" lon="-122.059216" />
      <trkpt lat="51.064238" lon="-122.059742" />
      <trkpt lat="51.064767" lon="-122.059961" />
      <trkpt lat="51.065279" lon="-122.06011" />
      <trkpt lat="51.065594" lon="-122.060011" />
      <trkpt lat="51.06597" lon="-122.059841" />
      <trkpt lat="51.066192" lon="-122.05994" />
      <trkpt lat="51.066477" lon="-122.060384" />
      <trkpt lat="51.06671" lon="-122.061415" />
      <trkpt lat="51.066872" lon="-122.062446" />
      <trkpt lat="51.066798" lon="-122.062981" />
      <trkpt lat="51.066853" lon="-122.064284" />
      <trkpt lat="51.066867" lon="-122.064933" />
      <trkpt lat="51.067024" lon="-122.065473" />
      <trkpt lat="51.067201" lon="-122.065564" />
      <trkpt lat="51.067324" lon="-122.065567" />
      <trkpt lat="51.067459" lon="-122.06556" />
      <trkpt lat="51.06782" lon="-122.065381" />
      <trkpt lat="51.068204" lon="-122.065052" />
      <trkpt lat="51.068998" lon="-122.06423" />
      <trkpt lat="51.069501" lon="-122.064188" />
      <trkpt lat="51.070569" lon="-122.06464" />
      <trkpt lat="51.071328" lon="-122.065494" />
      <trkpt lat="51.072034" lon="-122.066422" />
      <trkpt lat="51.072237" lon="-122.066789" />
      <trkpt lat="51.072295" lon="-122.067221" />
      <trkpt lat="51.072251" lon="-122.06807" />
      <trkpt lat="51.072106" lon="-122.068996" />
      <trkpt lat="51.072166" lon="-122.069399" />
      <trkpt lat="51.072427" lon="-122.069801" />
      <trkpt lat="51.072441" lon="-122.070203" />
      <trkpt lat="51.072311" lon="-122.070965" />
      <trkpt lat="51.072292" lon="-122.072231" />
      <trkpt lat="51.07215" lon="-122.072873" />
      <trkpt lat="51.071966" lon="-122.073322" />
      <trkpt lat="51.071847" lon="-122.074073" />
      <trkpt lat="51.07146" lon="-122.075008" />
      <trkpt lat="51.071464" lon="-122.075197" />
      <trkpt lat="51.071589" lon="-122.075725" />
      <trkpt lat="51.071519" lon="-122.076556" />
      <trkpt lat="51.071609" lon="-122.077262" />
      <trkpt lat="51.071549" lon="-122.077979" />
      <trkpt lat="51.071701" lon="-122.079166" />
      <trkpt lat="51.071939" lon="-122.080376" />
      <trkpt lat="51.071945" lon="-122.080848" />
      <trkpt lat="51.071538" lon="-122.082223" />
      <trkpt lat="51.071189" lon="-122.082941" />
      <trkpt lat="51.070957" lon="-122.083342" />
      <trkpt lat="51.070808" lon="-122.083614" />
      <trkpt lat="51.070794" lon="-122.083707" />
      <trkpt lat="51.070794" lon="-122.083707" />
      <trkpt lat="51.070815" lon="-122.083786" />
      <trkpt lat="51.070844" lon="-122.083823" />
      <trkpt lat="51.070904" lon="-122.083817" />
      <trkpt lat="51.070956" lon="-122.083765" />
      <trkpt lat="51.071044" lon="-122.083627" />
      <trkpt lat="51.072408" lon="-122.081606" />
      <trkpt lat="51.07261" lon="-122.081227" />
      <trkpt lat="51.072749" lon="-122.080784" />
      <trkpt lat="51.072779" lon="-122.08032" />
      <trkpt lat="51.072752" lon="-122.079938" />
      <trkpt lat="51.072697" lon="-122.079731" />
      <trkpt lat="51.072623" lon="-122.079537" />
      <trkpt lat="51.072584" lon="-122.079258" />
      <trkpt lat="51.072593" lon="-122.078987" />
      <trkpt lat="51.072659" lon="-122.078633" />
      <trkpt lat="51.072818" lon="-122.078285" />
      <trkpt lat="51.073036" lon="-122.077944" />
      <trkpt lat="51.073067" lon="-122.077834" />
      <trkpt lat="51.073043" lon="-122.077454" />
      <trkpt lat="51.073036" lon="-122.077192" />
      <trkpt lat="51.072946" lon="-122.07682" />
      <trkpt lat="51.072952" lon="-122.076619" />
      <trkpt lat="51.073044" lon="-122.076198" />
      <trkpt lat="51.073142" lon="-122.075998" />
      <trkpt lat="51.073288" lon="-122.075775" />
      <trkpt lat="51.073383" lon="-122.075557" />
      <trkpt lat="51.073802" lon="-122.07431" />
      <trkpt lat="51.074056" lon="-122.07366" />
      <trkpt lat="51.074258" lon="-122.073237" />
      <trkpt lat="51.074422" lon="-122.072609" />
      <trkpt lat="51.074486" lon="-122.071852" />
      <trkpt lat="51.074484" lon="-122.071371" />
      <trkpt lat="51.074589" lon="-122.071015" />
      <trkpt lat="51.074824" lon="-122.070567" />
      <trkpt lat="51.075048" lon="-122.070203" />
      <trkpt lat="51.075246" lon="-122.069546" />
      <trkpt lat="51.075273" lon="-122.06883" />
      <trkpt lat="51.075305" lon="-122.068522" />
      <trkpt lat="51.075342" lon="-122.06846" />
      <trkpt lat="51.07538" lon="-122.06844" />
      <trkpt lat="51.075419" lon="-122.068444" />
      <trkpt lat="51.075453" lon="-122.068498" />
      <trkpt lat="51.075465" lon="-122.068594" />
      <trkpt lat="51.075428" lon="-122.068945" />
      <trkpt lat="51.075413" lon="-122.069492" />
      <trkpt lat="51.075318" lon="-122.069831" />
      <trkpt lat="51.075168" lon="-122.070536" />
      <trkpt lat="51.07506" lon="-122.070884" />
      <trkpt lat="51.075012" lon="-122.071151" />
      <trkpt lat="51.075001" lon="-122.071404" />
      <trkpt lat="51.075031" lon="-122.07164" />
      <trkpt lat="51.075192" lon="-122.072016" />
      <trkpt lat="51.075254" lon="-122.072254" />
      <trkpt lat="51.075273" lon="-122.072568" />
      <trkpt lat="51.075121" lon="-122.073578" />
      <trkpt lat="51.075338" lon="-122.074611" />
      <trkpt lat="51.075139" lon="-122.076631" />
      <trkpt lat="51.074926" lon="-122.077432" />
      <trkpt lat="51.07487" lon="-122.078449" />
      <trkpt lat="51.074515" lon="-122.079936" />
      <trkpt lat="51.074388" lon="-122.081807" />
      <trkpt lat="51.074613" lon="-122.082147" />
      <trkpt lat="51.074888" lon="-122.082384" />
      <trkpt lat="51.075092" lon="-122.082785" />
      <trkpt lat="51.075071" lon="-122.083148" />
      <trkpt lat="51.074793" lon="-122.083941" />
      <trkpt lat="51.074624" lon="-122.084272" />
      <trkpt lat="51.07447" lon="-122.084493" />
      <trkpt lat="51.074455" lon="-122.084632" />
      <trkpt lat="51.074488" lon="-122.084765" />
      <trkpt lat="51.074563" lon="-122.084821" />
      <trkpt lat="51.074669" lon="-122.084776" />
      <trkpt lat="51.074766" lon="-122.08459" />
      <trkpt lat="51.076444" lon="-122.081706" />
      <trkpt lat="51.076823" lon="-122.081657" />
      <trkpt lat="51.077166" lon="-122.081451" />
      <trkpt lat="51.077481" lon="-122.081306" />
      <trkpt lat="51.077672" lon="-122.08129" />
      <trkpt lat="51.077778" lon="-122.081411" />
      <trkpt lat="51.077666" lon="-122.082347" />
      <trkpt lat="51.077618" lon="-122.083351" />
      <trkpt lat="51.077412" lon="-122.084099" />
      <trkpt lat="51.077369" lon="-122.084488" />
      <trkpt lat="51.077519" lon="-122.0854" />
      <trkpt lat="51.077342" lon="-122.085635" />
      <trkpt lat="51.077083" lon="-122.085731" />
      <trkpt lat="51.07696" lon="-122.085953" />
      <trkpt lat="51.076974" lon="-122.086449" />
      <trkpt lat="51.077051" lon="-122.086957" />
      <trkpt lat="51.07779" lon="-122.087685" />
      <trkpt lat="51.077903" lon="-122.088074" />
      <trkpt lat="51.077873" lon="-122.088516" />
      <trkpt lat="51.077623" lon="-122.089117" />
      <trkpt lat="51.077387" lon="-122.089373" />
      <trkpt lat="51.076946" lon="-122.089529" />
      <trkpt lat="51.076682" lon="-122.089934" />
      <trkpt lat="51.076527" lon="-122.090369" />
      <trkpt lat="51.076517" lon="-122.090892" />
      <trkpt lat="51.076393" lon="-122.09154" />
      <trkpt lat="51.076151" lon="-122.09205" />
      <trkpt lat="51.075675" lon="-122.092451" />
      <trkpt lat="51.075475" lon="-122.092669" />
      <trkpt lat="51.075333" lon="-122.092955" />
      <trkpt lat="51.075091" lon="-122.093498" />
      <trkpt lat="51.075114" lon="-122.093617" />
      <trkpt lat="51.075237" lon="-122.093714" />
      <trkpt lat="51.075823" lon="-122.09336" />
      <trkpt lat="51.076402" lon="-122.092871" />
      <trkpt lat="51.077568" lon="-122.092163" />
      <trkpt lat="51.078174" lon="-122.09205" />
      <trkpt lat="51.078722" lon="-122.092049" />
      <trkpt lat="51.078913" lon="-122.091886" />
      <trkpt lat="51.078989" lon="-122.091586" />
      <trkpt lat="51.079026" lon="-122.090912" />
      <trkpt lat="51.078996" lon="-122.090358" />
      <trkpt lat="51.079119" lon="-122.090218" />
      <trkpt lat="51.079508" lon="-122.090165" />
      <trkpt lat="51.080495" lon="-122.089444" />
      <trkpt lat="51.080639" lon="-122.089439" />
      <trkpt lat="51.081117" lon="-122.089654" />
      <trkpt lat="51.081174" lon="-122.089474" />
      <trkpt lat="51.081153" lon="-122.089078" />
      <trkpt lat="51.081238" lon="-122.088824" />
      <trkpt lat="51.081385" lon="-122.088806" />
      <trkpt lat="51.081707" lon="-122.089002" />
      <trkpt lat="51.082076" lon="-122.088891" />
      <trkpt lat="51.082106" lon="-122.088658" />
      <trkpt lat="51.082084" lon="-122.088408" />
      <trkpt lat="51.082187" lon="-122.088296" />
      <trkpt lat="51.08249" lon="-122.088201" />
      <trkpt lat="51.082722" lon="-122.088003" />
      <trkpt lat="51.083336" lon="-122.087799" />
      <trkpt lat="51.08383" lon="-122.087574" />
      <trkpt lat="51.084381" lon="-122.087587" />
      <trkpt lat="51.084876" lon="-122.087532" />
      <trkpt lat="51.085023" lon="-122.087348" />
      <trkpt lat="51.085054" lon="-122.087081" />
      <trkpt lat="51.085018" lon="-122.086671" />
      <trkpt lat="51.085079" lon="-122.086292" />
      <trkpt lat="51.085233" lon="-122.086212" />
      <trkpt lat="51.085357" lon="-122.086277" />
      <trkpt lat="51.085519" lon="-122.086541" />
      <trkpt lat="51.085713" lon="-122.086753" />
      <trkpt lat="51.086006" lon="-122.086921" />
      <trkpt lat="51.086321" lon="-122.086909" />
      <trkpt lat="51.086641" lon="-122.086946" />
      <trkpt lat="51.086857" lon="-122.086953" />
      <trkpt lat="51.087019" lon="-122.08675" />
      <trkpt lat="51.087189" lon="-122.086429" />
      <trkpt lat="51.08745" lon="-122.086242" />
      <trkpt lat="51.087664" lon="-122.086219" />
      <trkpt lat="51.087991" lon="-122.08621" />
      <trkpt lat="51.088365" lon="-122.085933" />
      <trkpt lat="51.088831" lon="-122.085821" />
      <trkpt lat="51.089306" lon="-122.085866" />
      <trkpt lat="51.089537" lon="-122.085821" />
      <trkpt lat="51.089755" lon="-122.085709" />
      <trkpt lat="51.090063" lon="-122.085275" />
      <trkpt lat="51.090337" lon="-122.084852" />
      <trkpt lat="51.090432" lon="-122.084537" />
      <trkpt lat="51.090475" lon="-122.084275" />
      <trkpt lat="51.090599" lon="-122.083845" />
      <trkpt lat="51.090647" lon="-122.083418" />
      <trkpt lat="51.090723" lon="-122.083237" />
      <trkpt lat="51.090896" lon="-122.083062" />
      <trkpt lat="51.090968" lon="-122.082836" />
      <trkpt lat="51.090988" lon="-122.082439" />
      <trkpt lat="51.091084" lon="-122.082194" />
      <trkpt lat="51.091674" lon="-122.081405" />
      <trkpt lat="51.091902" lon="-122.081064" />
      <trkpt lat="51.092368" lon="-122.080843" />
      <trkpt lat="51.092595" lon="-122.080578" />
      <trkpt lat="51.09264" lon="-122.080283" />
      <trkpt lat="51.092615" lon="-122.079847" />
      <trkpt lat="51.09278" lon="-122.079587" />
      <trkpt lat="51.093144" lon="-122.07923" />
      <trkpt lat="51.09365" lon="-122.079145" />
      <trkpt lat="51.093823" lon="-122.079037" />
      <trkpt lat="51.094117" lon="-122.078967" />
      <trkpt lat="51.094393" lon="-122.078987" />
      <trkpt lat="51.094669" lon="-122.078749" />
      <trkpt lat="51.09488" lon="-122.078706" />
      <trkpt lat="51.095199" lon="-122.07877" />
      <trkpt lat="51.095721" lon="-122.079168" />
      <trkpt lat="51.096295" lon="-122.079521" />
      <trkpt lat="51.096706" lon="-122.079882" />
      <trkpt lat="51.096928" lon="-122.079981" />
      <trkpt lat="51.097248" lon="-122.080045" />
      <trkpt lat="51.097516" lon="-122.080069" />
      <trkpt lat="51.097859" lon="-122.080074" />
      <trkpt lat="51.098128" lon="-122.080155" />
      <trkpt lat="51.098334" lon="-122.080296" />
      <trkpt lat="51.098614" lon="-122.080686" />
      <trkpt lat="51.098888" lon="-122.081164" />
      <trkpt lat="51.099185" lon="-122.081824" />
      <trkpt lat="51.099508" lon="-122.082634" />
      <trkpt lat="51.099662" lon="-122.083178" />
      <trkpt lat="51.099752" lon="-122.083838" />
      <trkpt lat="51.098924" lon="-122.086207" />
      <trkpt lat="51.098274" lon="-122.087765" />
      <trkpt lat="51.097592" lon="-122.089152" />
      <trkpt lat="51.097241" lon="-122.090004" />
      <trkpt lat="51.097007" lon="-122.090781" />
      <trkpt lat="51.096975" lon="-122.091229" />
      <trkpt lat="51.097062" lon="-122.091625" />
      <trkpt lat="51.097542" lon="-122.092779" />
      <trkpt lat="51.097947" lon="-122.09403" />
      <trkpt lat="51.098026" lon="-122.09478" />
      <trkpt lat="51.098037" lon="-122.095473" />
      <trkpt lat="51.098081" lon="-122.095762" />
      <trkpt lat="51.098223" lon="-122.096258" />
      <trkpt lat="51.098312" lon="-122.096644" />
      <trkpt lat="51.098374" lon="-122.097246" />
      <trkpt lat="51.098461" lon="-122.097509" />
      <trkpt lat="51.098621" lon="-122.09779" />
      <trkpt lat="51.098838" lon="-122.098055" />
      <trkpt lat="51.099167" lon="-122.098654" />
      <trkpt lat="51.099403" lon="-122.099279" />
      <trkpt lat="51.099701" lon="-122.099774" />
      <trkpt lat="51.099774" lon="-122.100023" />
      <trkpt lat="51.099678" lon="-122.100462" />
      <trkpt lat="51.099656" lon="-122.100863" />
      <trkpt lat="51.099599" lon="-122.101119" />
      <trkpt lat="51.099199" lon="-122.101442" />
      <trkpt lat="51.098899" lon="-122.101544" />
      <trkpt lat="51.098551" lon="-122.101572" />
      <trkpt lat="51.098223" lon="-122.10195" />
      <trkpt lat="51.097973" lon="-122.10269" />
      <trkpt lat="51.097688" lon="-122.102756" />
      <trkpt lat="51.097399" lon="-122.102709" />
      <trkpt lat="51.097186" lon="-122.103176" />
      <trkpt lat="51.097246" lon="-122.104137" />
      <trkpt lat="51.097296" lon="-122.10481" />
      <trkpt lat="51.097267" lon="-122.105558" />
      <trkpt lat="51.097091" lon="-122.10615" />
      <trkpt lat="51.096737" lon="-122.106824" />
      <trkpt lat="51.096761" lon="-122.107015" />
      <trkpt lat="51.096851" lon="-122.107088" />
      <trkpt lat="51.096966" lon="-122.107023" />
      <trkpt lat="51.09725" lon="-122.106688" />
      <trkpt lat="51.097608" lon="-122.10646" />
      <trkpt lat="51.098101" lon="-122.106246" />
      <trkpt lat="51.098365" lon="-122.106025" />
      <trkpt lat="51.09848" lon="-122.105945" />
      <trkpt lat="51.098652" lon="-122.106037" />
      <trkpt lat="51.098883" lon="-122.106303" />
      <trkpt lat="51.099147" lon="-122.106623" />
      <trkpt lat="51.099346" lon="-122.106756" />
      <trkpt lat="51.099598" lon="-122.106699" />
      <trkpt lat="51.099865" lon="-122.106586" />
      <trkpt lat="51.100253" lon="-122.106779" />
      <trkpt lat="51.101724" lon="-122.107089" />
      <trkpt lat="51.102511" lon="-122.107293" />
      <trkpt lat="51.103148" lon="-122.107548" />
      <trkpt lat="51.103448" lon="-122.107858" />
      <trkpt lat="51.103739" lon="-122.108265" />
      <trkpt lat="51.104021" lon="-122.108862" />
      <trkpt lat="51.104241" lon="-122.109205" />
      <trkpt lat="51.104508" lon="-122.109352" />
      <trkpt lat="51.105065" lon="-122.109425" />
      <trkpt lat="51.10551" lon="-122.109522" />
      <trkpt lat="51.105903" lon="-122.109694" />
      <trkpt lat="51.106437" lon="-122.110149" />
      <trkpt lat="51.106887" lon="-122.110829" />
      <trkpt lat="51.107121" lon="-122.111332" />
      <trkpt lat="51.107331" lon="-122.11194" />
      <trkpt lat="51.107643" lon="-122.112505" />
      <trkpt lat="51.108181" lon="-122.113281" />
      <trkpt lat="51.108695" lon="-122.114154" />
      <trkpt lat="51.109245" lon="-122.115902" />
      <trkpt lat="51.109327" lon="-122.116483" />
      <trkpt lat="51.109259" lon="-122.117298" />
      <trkpt lat="51.109023" lon="-122.118097" />
      <trkpt lat="51.10904" lon="-122.119422" />
      <trkpt lat="51.109104" lon="-122.119558" />
      <trkpt lat="51.109284" lon="-122.119776" />
      <trkpt lat="51.109425" lon="-122.120066" />
      <trkpt lat="51.109456" lon="-122.120921" />
      <trkpt lat="51.109672" lon="-122.12133" />
      <trkpt lat="51.109916" lon="-122.121537" />
      <trkpt lat="51.110362" lon="-122.121614" />
      <trkpt lat="51.110583" lon="-122.121871" />
      <trkpt lat="51.11073" lon="-122.122278" />
      <trkpt lat="51.110807" lon="-122.122767" />
      <trkpt lat="51.110919" lon="-122.123798" />
      <trkpt lat="51.111087" lon="-122.124743" />
      <trkpt lat="51.111118" lon="-122.125874" />
      <trkpt lat="51.111514" lon="-122.127029" />
      <trkpt lat="51.111707" lon="-122.127322" />
      <trkpt lat="51.111913" lon="-122.127401" />
      <trkpt lat="51.112017" lon="-122.127406" />
      <trkpt lat="51.112269" lon="-122.127226" />
      <trkpt lat="51.112628" lon="-122.126717" />
      <trkpt lat="51.112991" lon="-122.126448" />
      <trkpt lat="51.113431" lon="-122.126208" />
      <trkpt lat="51.113894" lon="-122.126065" />
      <trkpt lat="51.114502" lon="-122.125601" />
      <trkpt lat="51.114671" lon="-122.125578" />
      <trkpt lat="51.114801" lon="-122.125637" />
      <trkpt lat="51.115234" lon="-122.126054" />
      <trkpt lat="51.115629" lon="-122.126599" />
      <trkpt lat="51.116204" lon="-122.127187" />
      <trkpt lat="51.116584" lon="-122.127604" />
      <trkpt lat="51.117199" lon="-122.128336" />
      <trkpt lat="51.117643" lon="-122.128598" />
      <trkpt lat="51.117865" lon="-122.1286" />
      <trkpt lat="51.118174" lon="-122.128389" />
      <trkpt lat="51.118452" lon="-122.128277" />
      <trkpt lat="51.118897" lon="-122.128425" />
      <trkpt lat="51.119299" lon="-122.128465" />
      <trkpt lat="51.119715" lon="-122.128561" />
      <trkpt lat="51.120125" lon="-122.128717" />
      <trkpt lat="51.120462" lon="-122.128759" />
      <trkpt lat="51.120837" lon="-122.128921" />
      <trkpt lat="51.121221" lon="-122.129002" />
      <trkpt lat="51.121525" lon="-122.129411" />
      <trkpt lat="51.121878" lon="-122.129681" />
      <trkpt lat="51.122394" lon="-122.13" />
      <trkpt lat="51.12291" lon="-122.130553" />
      <trkpt lat="51.123348" lon="-122.130748" />
      <trkpt lat="51.123696" lon="-122.130995" />
      <trkpt lat="51.1239" lon="-122.131492" />
      <trkpt lat="51.124251" lon="-122.132821" />
      <trkpt lat="51.124488" lon="-122.133403" />
      <trkpt lat="51.124916" lon="-122.133759" />
      <trkpt lat="51.125114" lon="-122.133904" />
      <trkpt lat="51.12532" lon="-122.133984" />
      <trkpt lat="51.125546" lon="-122.133819" />
      <trkpt lat="51.125772" lon="-122.13351" />
      <trkpt lat="51.126031" lon="-122.133378" />
      <trkpt lat="51.12629" lon="-122.133362" />
      <trkpt lat="51.126963" lon="-122.134242" />
      <trkpt lat="51.127259" lon="-122.134846" />
      <trkpt lat="51.127639" lon="-122.13591" />
      <trkpt lat="51.127777" lon="-122.13667" />
      <trkpt lat="51.127809" lon="-122.137469" />
      <trkpt lat="51.128012" lon="-122.137832" />
      <trkpt lat="51.128246" lon="-122.13789" />
      <trkpt lat="51.128541" lon="-122.137691" />
      <trkpt lat="51.128737" lon="-122.137441" />
      <trkpt lat="51.128842" lon="-122.137232" />
      <trkpt lat="51.128881" lon="-122.136652" />
      <trkpt lat="51.129048" lon="-122.136248" />
      <trkpt lat="51.129273" lon="-122.135964" />
      <trkpt lat="51.129633" lon="-122.135834" />
      <trkpt lat="51.129967" lon="-122.135674" />
      <trkpt lat="51.130352" lon="-122.135689" />
      <trkpt lat="51.131214" lon="-122.135853" />
      <trkpt lat="51.131886" lon="-122.135998" />
      <trkpt lat="51.1321" lon="-122.135878" />
      <trkpt lat="51.132265" lon="-122.135661" />
      <trkpt lat="51.13234" lon="-122.134986" />
      <trkpt lat="51.132365" lon="-122.13434" />
      <trkpt lat="51.132456" lon="-122.13368" />
      <trkpt lat="51.132565" lon="-122.133512" />
      <trkpt lat="51.132983" lon="-122.133411" />
      <trkpt lat="51.133452" lon="-122.13306" />
      <trkpt lat="51.13365" lon="-122.132992" />
      <trkpt lat="51.133804" lon="-122.133083" />
      <trkpt lat="51.134258" lon="-122.134232" />
      <trkpt lat="51.134572" lon="-122.13523" />
      <trkpt lat="51.134738" lon="-122.135769" />
      <trkpt lat="51.134911" lon="-122.136199" />
      <trkpt lat="51.135691" lon="-122.137513" />
      <trkpt lat="51.135922" lon="-122.137778" />
      <trkpt lat="51.136505" lon="-122.137929" />
      <trkpt lat="51.136669" lon="-122.137871" />
      <trkpt lat="51.136904" lon="-122.137609" />
      <trkpt lat="51.1371" lon="-122.137313" />
      <trkpt lat="51.137402" lon="-122.136645" />
      <trkpt lat="51.137498" lon="-122.136241" />
      <trkpt lat="51.137662" lon="-122.13591" />
      <trkpt lat="51.137794" lon="-122.135783" />
      <trkpt lat="51.137985" lon="-122.135764" />
      <trkpt lat="51.138201" lon="-122.135859" />
      <trkpt lat="51.138408" lon="-122.136146" />
      <trkpt lat="51.138564" lon="-122.136666" />
      <trkpt lat="51.138718" lon="-122.137075" />
      <trkpt lat="51.138816" lon="-122.137474" />
      <trkpt lat="51.138683" lon="-122.138791" />
      <trkpt lat="51.138574" lon="-122.140167" />
      <trkpt lat="51.138579" lon="-122.140842" />
      <trkpt lat="51.138677" lon="-122.14115" />
      <trkpt lat="51.138794" lon="-122.141418" />
      <trkpt lat="51.139112" lon="-122.142473" />
      <trkpt lat="51.139231" lon="-122.142952" />
      <trkpt lat="51.13925" lon="-122.144574" />
      <trkpt lat="51.139339" lon="-122.14546" />
      <trkpt lat="51.13949" lon="-122.146455" />
      <trkpt lat="51.139477" lon="-122.146778" />
      <trkpt lat="51.13941" lon="-122.147056" />
      <trkpt lat="51.139251" lon="-122.147384" />
      <trkpt lat="51.139111" lon="-122.147999" />
      <trkpt lat="51.139086" lon="-122.148758" />
      <trkpt lat="51.139044" lon="-122.149626" />
      <trkpt lat="51.139039" lon="-122.150571" />
      <trkpt lat="51.139187" lon="-122.151076" />
      <trkpt lat="51.139197" lon="-122.151528" />
      <trkpt lat="51.139319" lon="-122.15195" />
      <trkpt lat="51.139216" lon="-122.152757" />
      <trkpt lat="51.13914" lon="-122.153624" />
      <trkpt lat="51.139166" lon="-122.153898" />
      <trkpt lat="51.139209" lon="-122.154189" />
      <trkpt lat="51.139396" lon="-122.154454" />
      <trkpt lat="51.139713" lon="-122.154117" />
      <trkpt lat="51.139986" lon="-122.153704" />
      <trkpt lat="51.140424" lon="-122.152238" />
      <trkpt lat="51.141052" lon="-122.150758" />
      <trkpt lat="51.141468" lon="-122.150119" />
      <trkpt lat="51.141664" lon="-122.149676" />
      <trkpt lat="51.141787" lon="-122.149273" />
      <trkpt lat="51.141803" lon="-122.148908" />
      <trkpt lat="51.142024" lon="-122.147934" />
      <trkpt lat="51.14215" lon="-122.147569" />
      <trkpt lat="51.14223" lon="-122.147008" />
      <trkpt lat="51.142261" lon="-122.146446" />
      <trkpt lat="51.142228" lon="-122.14556" />
      <trkpt lat="51.142312" lon="-122.144835" />
      <trkpt lat="51.142476" lon="-122.14409" />
      <trkpt lat="51.142743" lon="-122.142225" />
      <trkpt lat="51.142931" lon="-122.14074" />
      <trkpt lat="51.14262" lon="-122.138721" />
      <trkpt lat="51.14274" lon="-122.137857" />
      <trkpt lat="51.142795" lon="-122.137507" />
      <trkpt lat="51.142759" lon="-122.13711" />
      <trkpt lat="51.142579" lon="-122.13579" />
      <trkpt lat="51.142461" lon="-122.135412" />
      <trkpt lat="51.142271" lon="-122.135135" />
      <trkpt lat="51.142002" lon="-122.134767" />
      <trkpt lat="51.141705" lon="-122.134073" />
      <trkpt lat="51.141501" lon="-122.133198" />
      <trkpt lat="51.141435" lon="-122.131204" />
      <trkpt lat="51.141555" lon="-122.130744" />
      <trkpt lat="51.141681" lon="-122.130306" />
      <trkpt lat="51.14167" lon="-122.129407" />
      <trkpt lat="51.141664" lon="-122.128677" />
      <trkpt lat="51.141615" lon="-122.128117" />
      <trkpt lat="51.141646" lon="-122.127695" />
      <trkpt lat="51.141819" lon="-122.127635" />
      <trkpt lat="51.141941" lon="-122.127772" />
      <trkpt lat="51.142031" lon="-122.128005" />
      <trkpt lat="51.142198" lon="-122.128557" />
      <trkpt lat="51.142351" lon="-122.129224" />
      <trkpt lat="51.142437" lon="-122.129452" />
      <trkpt lat="51.142579" lon="-122.129329" />
      <trkpt lat="51.142653" lon="-122.128417" />
      <trkpt lat="51.142586" lon="-122.128061" />
      <trkpt lat="51.142656" lon="-122.127719" />
      <trkpt lat="51.142784" lon="-122.127348" />
      <trkpt lat="51.143062" lon="-122.12671" />
      <trkpt lat="51.143136" lon="-122.126243" />
      <trkpt lat="51.143036" lon="-122.125635" />
      <trkpt lat="51.142964" lon="-122.125303" />
      <trkpt lat="51.142849" lon="-122.123597" />
      <trkpt lat="51.142973" lon="-122.121942" />
      <trkpt lat="51.143033" lon="-122.120242" />
      <trkpt lat="51.143168" lon="-122.11892" />
      <trkpt lat="51.143264" lon="-122.118836" />
      <trkpt lat="51.143511" lon="-122.11862" />
      <trkpt lat="51.14414" lon="-122.118438" />
      <trkpt lat="51.144443" lon="-122.118217" />
      <trkpt lat="51.144892" lon="-122.118047" />
      <trkpt lat="51.145227" lon="-122.117894" />
      <trkpt lat="51.145544" lon="-122.117474" />
      <trkpt lat="51.145897" lon="-122.116745" />
      <trkpt lat="51.146249" lon="-122.11638" />
      <trkpt lat="51.147491" lon="-122.11638" />
      <trkpt lat="51.148864" lon="-122.116093" />
      <trkpt lat="51.149096" lon="-122.116147" />
      <trkpt lat="51.149219" lon="-122.116183" />
      <trkpt lat="51.149456" lon="-122.116436" />
      <trkpt lat="51.149697" lon="-122.116718" />
      <trkpt lat="51.150065" lon="-122.11707" />
      <trkpt lat="51.151283" lon="-122.117474" />
      <trkpt lat="51.151511" lon="-122.117526" />
      <trkpt lat="51.152059" lon="-122.117357" />
      <trkpt lat="51.152661" lon="-122.117388" />
      <trkpt lat="51.153244" lon="-122.117344" />
      <trkpt lat="51.153928" lon="-122.117331" />
      <trkpt lat="51.154706" lon="-122.117005" />
      <trkpt lat="51.154822" lon="-122.116909" />
      <trkpt lat="51.154974" lon="-122.116518" />
      <trkpt lat="51.155101" lon="-122.116427" />
      <trkpt lat="51.155158" lon="-122.116479" />
      <trkpt lat="51.155148" lon="-122.116732" />
      <trkpt lat="51.155172" lon="-122.117083" />
      <trkpt lat="51.155393" lon="-122.118347" />
      <trkpt lat="51.155" lon="-122.11961" />
      <trkpt lat="51.1542" lon="-122.120614" />
      <trkpt lat="51.153677" lon="-122.120809" />
      <trkpt lat="51.153285" lon="-122.121135" />
      <trkpt lat="51.15295" lon="-122.121578" />
      <trkpt lat="51.152664" lon="-122.12206" />
      <trkpt lat="51.152639" lon="-122.122789" />
      <trkpt lat="51.153579" lon="-122.12374" />
      <trkpt lat="51.154772" lon="-122.124678" />
      <trkpt lat="51.155969" lon="-122.125443" />
      <trkpt lat="51.156208" lon="-122.125637" />
      <trkpt lat="51.156636" lon="-122.126154" />
      <trkpt lat="51.15687" lon="-122.126326" />
      <trkpt lat="51.157133" lon="-122.126437" />
      <trkpt lat="51.157538" lon="-122.126625" />
      <trkpt lat="51.157718" lon="-122.126756" />
      <trkpt lat="51.157829" lon="-122.126912" />
      <trkpt lat="51.157931" lon="-122.127096" />
      <trkpt lat="51.15811" lon="-122.127492" />
      <trkpt lat="51.158208" lon="-122.127579" />
      <trkpt lat="51.15836" lon="-122.127644" />
      <trkpt lat="51.158658" lon="-122.127676" />
      <trkpt lat="51.159209" lon="-122.127724" />
      <trkpt lat="51.15972" lon="-122.127905" />
      <trkpt lat="51.160213" lon="-122.128013" />
      <trkpt lat="51.160707" lon="-122.12809" />
      <trkpt lat="51.161043" lon="-122.128046" />
      <trkpt lat="51.161103" lon="-122.12807" />
      <trkpt lat="51.161202" lon="-122.128228" />
      <trkpt lat="51.161386" lon="-122.128426" />
      <trkpt lat="51.161728" lon="-122.128809" />
      <trkpt lat="51.162105" lon="-122.129161" />
      <trkpt lat="51.162313" lon="-122.129379" />
      <trkpt lat="51.162453" lon="-122.129473" />
      <trkpt lat="51.162868" lon="-122.129654" />
      <trkpt lat="51.162966" lon="-122.129731" />
      <trkpt lat="51.163036" lon="-122.129876" />
      <trkpt lat="51.163097" lon="-122.130078" />
      <trkpt lat="51.163138" lon="-122.130332" />
      <trkpt lat="51.163163" lon="-122.130611" />
      <trkpt lat="51.163203" lon="-122.130736" />
      <trkpt lat="51.163266" lon="-122.130829" />
      <trkpt lat="51.163312" lon="-122.130965" />
      <trkpt lat="51.163299" lon="-122.131148" />
      <trkpt lat="51.16329" lon="-122.13136" />
      <trkpt lat="51.163336" lon="-122.131524" />
      <trkpt lat="51.163449" lon="-122.131763" />
      <trkpt lat="51.163595" lon="-122.131999" />
      <trkpt lat="51.163828" lon="-122.132355" />
      <trkpt lat="51.16408" lon="-122.1327" />
      <trkpt lat="51.164237" lon="-122.132801" />
      <trkpt lat="51.164425" lon="-122.132872" />
      <trkpt lat="51.164501" lon="-122.132853" />
      <trkpt lat="51.164591" lon="-122.132846" />
      <trkpt lat="51.164706" lon="-122.132962" />
      <trkpt lat="51.164817" lon="-122.133254" />
      <trkpt lat="51.164862" lon="-122.133389" />
      <trkpt lat="51.164912" lon="-122.133521" />
      <trkpt lat="51.165008" lon="-122.133649" />
      <trkpt lat="51.165048" lon="-122.133728" />
      <trkpt lat="51.165216" lon="-122.134318" />
      <trkpt lat="51.165348" lon="-122.134489" />
      <trkpt lat="51.16543" lon="-122.134528" />
      <trkpt lat="51.165515" lon="-122.134522" />
      <trkpt lat="51.165589" lon="-122.134434" />
      <trkpt lat="51.165605" lon="-122.134344" />
      <trkpt lat="51.165602" lon="-122.13392" />
      <trkpt lat="51.165621" lon="-122.133484" />
      <trkpt lat="51.165682" lon="-122.133156" />
      <trkpt lat="51.165754" lon="-122.13285" />
      <trkpt lat="51.165778" lon="-122.132621" />
      <trkpt lat="51.165764" lon="-122.132455" />
      <trkpt lat="51.165715" lon="-122.132308" />
      <trkpt lat="51.165627" lon="-122.132147" />
      <trkpt lat="51.165468" lon="-122.131878" />
      <trkpt lat="51.16544" lon="-122.131742" />
      <trkpt lat="51.165497" lon="-122.13158" />
      <trkpt lat="51.165588" lon="-122.131491" />
      <trkpt lat="51.165874" lon="-122.131184" />
      <trkpt lat="51.165991" lon="-122.131064" />
      <trkpt lat="51.166209" lon="-122.130989" />
      <trkpt lat="51.166348" lon="-122.130905" />
      <trkpt lat="51.16643" lon="-122.13089" />
      <trkpt lat="51.166515" lon="-122.130921" />
      <trkpt lat="51.166763" lon="-122.131068" />
      <trkpt lat="51.166985" lon="-122.131178" />
      <trkpt lat="51.16726" lon="-122.131216" />
      <trkpt lat="51.167342" lon="-122.131207" />
      <trkpt lat="51.167417" lon="-122.131272" />
      <trkpt lat="51.167466" lon="-122.131405" />
      <trkpt lat="51.167482" lon="-122.131581" />
      <trkpt lat="51.167541" lon="-122.131644" />
      <trkpt lat="51.167596" lon="-122.131636" />
      <trkpt lat="51.167705" lon="-122.131554" />
      <trkpt lat="51.167851" lon="-122.131504" />
      <trkpt lat="51.167969" lon="-122.131533" />
      <trkpt lat="51.168073" lon="-122.131618" />
      <trkpt lat="51.168278" lon="-122.131863" />
      <trkpt lat="51.168363" lon="-122.132073" />
      <trkpt lat="51.168478" lon="-122.132166" />
      <trkpt lat="51.168538" lon="-122.132166" />
      <trkpt lat="51.168616" lon="-122.132116" />
      <trkpt lat="51.168695" lon="-122.131927" />
      <trkpt lat="51.168782" lon="-122.131765" />
      <trkpt lat="51.168879" lon="-122.131619" />
      <trkpt lat="51.168982" lon="-122.131582" />
      <trkpt lat="51.169079" lon="-122.131662" />
      <trkpt lat="51.169168" lon="-122.131867" />
      <trkpt lat="51.169268" lon="-122.131948" />
      <trkpt lat="51.169423" lon="-122.131838" />
      <trkpt lat="51.169533" lon="-122.131668" />
      <trkpt lat="51.169676" lon="-122.131597" />
      <trkpt lat="51.169926" lon="-122.131517" />
      <trkpt lat="51.169958" lon="-122.131426" />
      <trkpt lat="51.169932" lon="-122.131318" />
      <trkpt lat="51.169852" lon="-122.131287" />
      <trkpt lat="51.169497" lon="-122.131129" />
      <trkpt lat="51.169453" lon="-122.130992" />
      <trkpt lat="51.169599" lon="-122.130853" />
      <trkpt lat="51.169738" lon="-122.130748" />
      <trkpt lat="51.169874" lon="-122.130682" />
      <trkpt lat="51.170159" lon="-122.130591" />
      <trkpt lat="51.170294" lon="-122.13059" />
      <trkpt lat="51.170375" lon="-122.130683" />
      <trkpt lat="51.170451" lon="-122.130792" />
      <trkpt lat="51.170526" lon="-122.13094" />
      <trkpt lat="51.170585" lon="-122.130999" />
      <trkpt lat="51.170725" lon="-122.131082" />
      <trkpt lat="51.170897" lon="-122.131424" />
      <trkpt lat="51.170925" lon="-122.131627" />
      <trkpt lat="51.170984" lon="-122.131696" />
      <trkpt lat="51.171085" lon="-122.131719" />
      <trkpt lat="51.171282" lon="-122.131817" />
      <trkpt lat="51.171396" lon="-122.131871" />
      <trkpt lat="51.171474" lon="-122.131862" />
      <trkpt lat="51.171594" lon="-122.131753" />
      <trkpt lat="51.17171" lon="-122.131552" />
      <trkpt lat="51.17217" lon="-122.130494" />
      <trkpt lat="51.172394" lon="-122.130099" />
      <trkpt lat="51.172613" lon="-122.129746" />
      <trkpt lat="51.173005" lon="-122.129381" />
      <trkpt lat="51.173737" lon="-122.12878" />
      <trkpt lat="51.174074" lon="-122.128576" />
      <trkpt lat="51.174507" lon="-122.128412" />
      <trkpt lat="51.174629" lon="-122.128394" />
      <trkpt lat="51.174754" lon="-122.128356" />
      <trkpt lat="51.174867" lon="-122.128269" />
      <trkpt lat="51.174912" lon="-122.128189" />
      <trkpt lat="51.175131" lon="-122.127749" />
      <trkpt lat="51.175243" lon="-122.127587" />
      <trkpt lat="51.175363" lon="-122.127457" />
      <trkpt lat="51.175479" lon="-122.127398" />
      <trkpt lat="51.175847" lon="-122.127166" />
      <trkpt lat="51.175945" lon="-122.127063" />
      <trkpt lat="51.175971" lon="-122.126908" />
      <trkpt lat="51.175977" lon="-122.126758" />
      <trkpt lat="51.175945" lon="-122.12655" />
      <trkpt lat="51.175668" lon="-122.125772" />
      <trkpt lat="51.17557" lon="-122.125251" />
      <trkpt lat="51.175436" lon="-122.124932" />
      <trkpt lat="51.175071" lon="-122.124352" />
      <trkpt lat="51.174852" lon="-122.123901" />
      <trkpt lat="51.174726" lon="-122.123424" />
      <trkpt lat="51.174705" lon="-122.12312" />
      <trkpt lat="51.174751" lon="-122.122955" />
      <trkpt lat="51.174859" lon="-122.122854" />
      <trkpt lat="51.174978" lon="-122.122805" />
      <trkpt lat="51.175169" lon="-122.122854" />
      <trkpt lat="51.175316" lon="-122.122989" />
      <trkpt lat="51.175447" lon="-122.123157" />
      <trkpt lat="51.175583" lon="-122.123455" />
      <trkpt lat="51.175702" lon="-122.123806" />
      <trkpt lat="51.1759" lon="-122.124239" />
      <trkpt lat="51.176129" lon="-122.124636" />
      <trkpt lat="51.176475" lon="-122.125072" />
      <trkpt lat="51.176695" lon="-122.125466" />
      <trkpt lat="51.177432" lon="-122.12658" />
      <trkpt lat="51.177807" lon="-122.126971" />
      <trkpt lat="51.177883" lon="-122.127119" />
      <trkpt lat="51.177913" lon="-122.127293" />
      <trkpt lat="51.177909" lon="-122.127621" />
      <trkpt lat="51.177961" lon="-122.127739" />
      <trkpt lat="51.178045" lon="-122.127765" />
      <trkpt lat="51.17821" lon="-122.127772" />
      <trkpt lat="51.178336" lon="-122.12787" />
      <trkpt lat="51.178566" lon="-122.128147" />
      <trkpt lat="51.179645" lon="-122.128964" />
      <trkpt lat="51.1798" lon="-122.129189" />
      <trkpt lat="51.179913" lon="-122.129488" />
      <trkpt lat="51.179956" lon="-122.129723" />
      <trkpt lat="51.180026" lon="-122.12995" />
      <trkpt lat="51.180246" lon="-122.130192" />
      <trkpt lat="51.180421" lon="-122.130423" />
      <trkpt lat="51.18059" lon="-122.130691" />
      <trkpt lat="51.180742" lon="-122.130988" />
      <trkpt lat="51.180992" lon="-122.131621" />
      <trkpt lat="51.181801" lon="-122.133224" />
      <trkpt lat="51.182242" lon="-122.13381" />
      <trkpt lat="51.182634" lon="-122.134188" />
      <trkpt lat="51.182798" lon="-122.134396" />
      <trkpt lat="51.183651" lon="-122.132215" />
      <trkpt lat="51.183778" lon="-122.131917" />
      <trkpt lat="51.183528" lon="-122.131571" />
      <trkpt lat="51.183195" lon="-122.130866" />
      <trkpt lat="51.183141" lon="-122.130752" />
      <trkpt lat="51.183028" lon="-122.130512" />
      <trkpt lat="51.183002" lon="-122.130458" />
      <trkpt lat="51.182916" lon="-122.130277" />
      <trkpt lat="51.182813" lon="-122.130058" />
      <trkpt lat="51.182457" lon="-122.129119" />
      <trkpt lat="51.182" lon="-122.12761" />
      <trkpt lat="51.181672" lon="-122.126693" />
      <trkpt lat="51.181614" lon="-122.126448" />
      <trkpt lat="51.181516" lon="-122.125695" />
      <trkpt lat="51.181465" lon="-122.125514" />
      <trkpt lat="51.181343" lon="-122.125084" />
      <trkpt lat="51.181291" lon="-122.124797" />
      <trkpt lat="51.181286" lon="-122.124623" />
      <trkpt lat="51.181347" lon="-122.124183" />
      <trkpt lat="51.181545" lon="-122.123255" />
      <trkpt lat="51.181556" lon="-122.123151" />
      <trkpt lat="51.181642" lon="-122.122293" />
      <trkpt lat="51.181655" lon="-122.122163" />
      <trkpt lat="51.181613" lon="-122.121704" />
      <trkpt lat="51.181552" lon="-122.121354" />
      <trkpt lat="51.181491" lon="-122.121166" />
      <trkpt lat="51.181019" lon="-122.120287" />
      <trkpt lat="51.180895" lon="-122.119972" />
      <trkpt lat="51.18067" lon="-122.119256" />
      <trkpt lat="51.18061" lon="-122.118967" />
      <trkpt lat="51.1806" lon="-122.118921" />
      <trkpt lat="51.180585" lon="-122.118604" />
      <trkpt lat="51.180643" lon="-122.117956" />
      <trkpt lat="51.180643" lon="-122.117583" />
      <trkpt lat="51.180642" lon="-122.117533" />
      <trkpt lat="51.180605" lon="-122.117232" />
      <trkpt lat="51.180429" lon="-122.11657" />
      <trkpt lat="51.180344" lon="-122.116048" />
      <trkpt lat="51.180355" lon="-122.115992" />
      <trkpt lat="51.180389" lon="-122.115825" />
      <trkpt lat="51.18044" lon="-122.115573" />
      <trkpt lat="51.180537" lon="-122.114732" />
      <trkpt lat="51.180617" lon="-122.11432" />
      <trkpt lat="51.180703" lon="-122.114083" />
      <trkpt lat="51.180807" lon="-122.113891" />
      <trkpt lat="51.180959" lon="-122.113685" />
      <trkpt lat="51.18111" lon="-122.113549" />
      <trkpt lat="51.181239" lon="-122.11348" />
      <trkpt lat="51.18137" lon="-122.113466" />
      <trkpt lat="51.181461" lon="-122.113519" />
      <trkpt lat="51.181563" lon="-122.113639" />
      <trkpt lat="51.181715" lon="-122.113952" />
      <trkpt lat="51.182535" lon="-122.115895" />
      <trkpt lat="51.182629" lon="-122.116216" />
      <trkpt lat="51.18272" lon="-122.116782" />
      <trkpt lat="51.182771" lon="-122.117377" />
      <trkpt lat="51.182765" lon="-122.117808" />
      <trkpt lat="51.182728" lon="-122.118075" />
      <trkpt lat="51.18256" lon="-122.118782" />
      <trkpt lat="51.182555" lon="-122.119016" />
      <trkpt lat="51.1826" lon="-122.119173" />
      <trkpt lat="51.18267" lon="-122.11922" />
      <trkpt lat="51.182748" lon="-122.119192" />
      <trkpt lat="51.182807" lon="-122.11909" />
      <trkpt lat="51.182863" lon="-122.118701" />
      <trkpt lat="51.182911" lon="-122.118526" />
      <trkpt lat="51.183143" lon="-122.118133" />
      <trkpt lat="51.183379" lon="-122.117489" />
      <trkpt lat="51.183446" lon="-122.117159" />
      <trkpt lat="51.183485" lon="-122.116299" />
      <trkpt lat="51.183527" lon="-122.116047" />
      <trkpt lat="51.183615" lon="-122.115886" />
      <trkpt lat="51.183711" lon="-122.115816" />
      <trkpt lat="51.183824" lon="-122.115815" />
      <trkpt lat="51.183961" lon="-122.115913" />
      <trkpt lat="51.184244" lon="-122.116257" />
      <trkpt lat="51.184476" lon="-122.116592" />
      <trkpt lat="51.184589" lon="-122.116855" />
      <trkpt lat="51.184709" lon="-122.117361" />
      <trkpt lat="51.184813" lon="-122.117664" />
      <trkpt lat="51.184949" lon="-122.11791" />
      <trkpt lat="51.185149" lon="-122.118121" />
      <trkpt lat="51.185553" lon="-122.11838" />
      <trkpt lat="51.185831" lon="-122.118523" />
      <trkpt lat="51.186614" lon="-122.118973" />
      <trkpt lat="51.187149" lon="-122.119141" />
      <trkpt lat="51.188294" lon="-122.119557" />
      <trkpt lat="51.188517" lon="-122.119633" />
      <trkpt lat="51.188543" lon="-122.119635" />
      <trkpt lat="51.188686" lon="-122.119643" />
      <trkpt lat="51.189762" lon="-122.119493" />
      <trkpt lat="51.190128" lon="-122.119399" />
      <trkpt lat="51.190404" lon="-122.119276" />
      <trkpt lat="51.190599" lon="-122.119123" />
      <trkpt lat="51.19079" lon="-122.118911" />
      <trkpt lat="51.191181" lon="-122.11817" />
      <trkpt lat="51.191347" lon="-122.117855" />
      <trkpt lat="51.191503" lon="-122.117633" />
      <trkpt lat="51.191668" lon="-122.117519" />
      <trkpt lat="51.191819" lon="-122.117477" />
      <trkpt lat="51.192248" lon="-122.117475" />
      <trkpt lat="51.192466" lon="-122.117417" />
      <trkpt lat="51.192655" lon="-122.117277" />
      <trkpt lat="51.19278" lon="-122.117134" />
      <trkpt lat="51.192981" lon="-122.116708" />
      <trkpt lat="51.193193" lon="-122.116463" />
      <trkpt lat="51.193459" lon="-122.116283" />
      <trkpt lat="51.194558" lon="-122.115759" />
      <trkpt lat="51.194756" lon="-122.115594" />
      <trkpt lat="51.195201" lon="-122.11498" />
      <trkpt lat="51.19561" lon="-122.114209" />
      <trkpt lat="51.195761" lon="-122.113815" />
      <trkpt lat="51.195938" lon="-122.113062" />
      <trkpt lat="51.19601" lon="-122.112821" />
      <trkpt lat="51.196085" lon="-122.112645" />
      <trkpt lat="51.196171" lon="-122.112462" />
      <trkpt lat="51.196668" lon="-122.111773" />
      <trkpt lat="51.197028" lon="-122.110988" />
      <trkpt lat="51.197248" lon="-122.110371" />
      <trkpt lat="51.197328" lon="-122.10995" />
      <trkpt lat="51.197373" lon="-122.109376" />
      <trkpt lat="51.197342" lon="-122.108357" />
      <trkpt lat="51.197388" lon="-122.10776" />
      <trkpt lat="51.197507" lon="-122.106944" />
      <trkpt lat="51.197974" lon="-122.104571" />
      <trkpt lat="51.19812" lon="-122.104104" />
      <trkpt lat="51.198751" lon="-122.102697" />
      <trkpt lat="51.198783" lon="-122.102626" />
      <trkpt lat="51.198881" lon="-122.102407" />
      <trkpt lat="51.19901" lon="-122.102171" />
      <trkpt lat="51.199153" lon="-122.101993" />
      <trkpt lat="51.199499" lon="-122.101697" />
      <trkpt lat="51.199992" lon="-122.101075" />
      <trkpt lat="51.200163" lon="-122.10086" />
      <trkpt lat="51.2005" lon="-122.100514" />
      <trkpt lat="51.200999" lon="-122.100116" />
      <trkpt lat="51.201128" lon="-122.099964" />
      <trkpt lat="51.201233" lon="-122.099811" />
      <trkpt lat="51.20172" lon="-122.099099" />
      <trkpt lat="51.202433" lon="-122.098257" />
      <trkpt lat="51.202617" lon="-122.098123" />
      <trkpt lat="51.20279" lon="-122.098068" />
      <trkpt lat="51.202963" lon="-122.098066" />
      <trkpt lat="51.203069" lon="-122.098065" />
      <trkpt lat="51.203158" lon="-122.098085" />
      <trkpt lat="51.203948" lon="-122.098264" />
      <trkpt lat="51.204549" lon="-122.098286" />
      <trkpt lat="51.205117" lon="-122.098195" />
      <trkpt lat="51.205673" lon="-122.098105" />
      <trkpt lat="51.206532" lon="-122.097968" />
      <trkpt lat="51.206776" lon="-122.09789" />
      <trkpt lat="51.207097" lon="-122.097717" />
      <trkpt lat="51.208126" lon="-122.096983" />
      <trkpt lat="51.208445" lon="-122.096756" />
      <trkpt lat="51.208773" lon="-122.096601" />
      <trkpt lat="51.209056" lon="-122.09653" />
      <trkpt lat="51.209314" lon="-122.096533" />
      <trkpt lat="51.209666" lon="-122.096612" />
      <trkpt lat="51.209736" lon="-122.096628" />
      <trkpt lat="51.209956" lon="-122.096619" />
      <trkpt lat="51.21019" lon="-122.096559" />
      <trkpt lat="51.21064" lon="-122.096316" />
      <trkpt lat="51.210667" lon="-122.096302" />
      <trkpt lat="51.210837" lon="-122.096243" />
      <trkpt lat="51.21089" lon="-122.096225" />
      <trkpt lat="51.211086" lon="-122.096203" />
      <trkpt lat="51.21124" lon="-122.096226" />
      <trkpt lat="51.211877" lon="-122.096317" />
      <trkpt lat="51.21203" lon="-122.096407" />
      <trkpt lat="51.212228" lon="-122.09665" />
      <trkpt lat="51.212328" lon="-122.096773" />
      <trkpt lat="51.212478" lon="-122.096805" />
      <trkpt lat="51.212658" lon="-122.096754" />
      <trkpt lat="51.21306" lon="-122.09647" />
      <trkpt lat="51.213611" lon="-122.09608" />
      <trkpt lat="51.214531" lon="-122.095431" />
      <trkpt lat="51.215281" lon="-122.094999" />
      <trkpt lat="51.216271" lon="-122.094524" />
      <trkpt lat="51.21628" lon="-122.09452" />
      <trkpt lat="51.217003" lon="-122.094076" />
      <trkpt lat="51.218507" lon="-122.093153" />
      <trkpt lat="51.218843" lon="-122.092852" />
      <trkpt lat="51.219088" lon="-122.092567" />
      <trkpt lat="51.2191" lon="-122.092548" />
      <trkpt lat="51.219162" lon="-122.092446" />
      <trkpt lat="51.219292" lon="-122.092234" />
      <trkpt lat="51.219465" lon="-122.091842" />
      <trkpt lat="51.219604" lon="-122.091364" />
      <trkpt lat="51.219641" lon="-122.091187" />
      <trkpt lat="51.21997" lon="-122.089619" />
      <trkpt lat="51.220131" lon="-122.088563" />
      <trkpt lat="51.22017" lon="-122.088312" />
      <trkpt lat="51.22035" lon="-122.087576" />
      <trkpt lat="51.220503" lon="-122.087082" />
      <trkpt lat="51.220957" lon="-122.085616" />
      <trkpt lat="51.221035" lon="-122.085266" />
      <trkpt lat="51.221043" lon="-122.085232" />
      <trkpt lat="51.221093" lon="-122.085009" />
      <trkpt lat="51.221156" lon="-122.084525" />
      <trkpt lat="51.221164" lon="-122.084468" />
      <trkpt lat="51.221283" lon="-122.082954" />
      <trkpt lat="51.22141" lon="-122.081729" />
      <trkpt lat="51.221405" lon="-122.081428" />
      <trkpt lat="51.221385" lon="-122.08126" />
      <trkpt lat="51.221354" lon="-122.081011" />
      <trkpt lat="51.221236" lon="-122.080406" />
      <trkpt lat="51.221185" lon="-122.080143" />
      <trkpt lat="51.221155" lon="-122.079843" />
      <trkpt lat="51.221162" lon="-122.079588" />
      <trkpt lat="51.221213" lon="-122.079285" />
      <trkpt lat="51.221502" lon="-122.078305" />
      <trkpt lat="51.221627" lon="-122.077732" />
      <trkpt lat="51.22175" lon="-122.077171" />
      <trkpt lat="51.222121" lon="-122.075921" />
      <trkpt lat="51.222177" lon="-122.075733" />
      <trkpt lat="51.222334" lon="-122.07529" />
      <trkpt lat="51.222676" lon="-122.074528" />
      <trkpt lat="51.223261" lon="-122.073108" />
      <trkpt lat="51.223704" lon="-122.072344" />
      <trkpt lat="51.223791" lon="-122.072071" />
      <trkpt lat="51.223868" lon="-122.071583" />
      <trkpt lat="51.22397" lon="-122.071265" />
      <trkpt lat="51.224096" lon="-122.071017" />
      <trkpt lat="51.224546" lon="-122.070518" />
      <trkpt lat="51.224693" lon="-122.070261" />
      <trkpt lat="51.224774" lon="-122.069974" />
      <trkpt lat="51.224973" lon="-122.068209" />
      <trkpt lat="51.22517" lon="-122.06725" />
      <trkpt lat="51.225428" lon="-122.066265" />
      <trkpt lat="51.225599" lon="-122.065756" />
      <trkpt lat="51.226083" lon="-122.064314" />
      <trkpt lat="51.226568" lon="-122.062871" />
      <trkpt lat="51.226801" lon="-122.06226" />
      <trkpt lat="51.227085" lon="-122.061715" />
      <trkpt lat="51.227162" lon="-122.061625" />
      <trkpt lat="51.227383" lon="-122.061366" />
      <trkpt lat="51.228084" lon="-122.060854" />
      <trkpt lat="51.228451" lon="-122.060524" />
      <trkpt lat="51.228729" lon="-122.060186" />
      <trkpt lat="51.229241" lon="-122.05933" />
      <trkpt lat="51.22946" lon="-122.05906" />
      <trkpt lat="51.229894" lon="-122.058656" />
      <trkpt lat="51.230006" lon="-122.058512" />
      <trkpt lat="51.230114" lon="-122.058373" />
      <trkpt lat="51.230475" lon="-122.057777" />
      <trkpt lat="51.230755" lon="-122.057244" />
      <trkpt lat="51.231039" lon="-122.056531" />
      <trkpt lat="51.231179" lon="-122.056178" />
      <trkpt lat="51.231809" lon="-122.05487" />
      <trkpt lat="51.232049" lon="-122.054274" />
      <trkpt lat="51.232323" lon="-122.053417" />
      <trkpt lat="51.232449" lon="-122.053109" />
      <trkpt lat="51.232536" lon="-122.052948" />
      <trkpt lat="51.232618" lon="-122.052798" />
      <trkpt lat="51.232874" lon="-122.052445" />
      <trkpt lat="51.23308" lon="-122.05224" />
      <trkpt lat="51.233321" lon="-122.052111" />
      <trkpt lat="51.233563" lon="-122.052062" />
      <trkpt lat="51.234437" lon="-122.052037" />
      <trkpt lat="51.234776" lon="-122.051924" />
      <trkpt lat="51.234926" lon="-122.051818" />
      <trkpt lat="51.235073" lon="-122.051665" />
      <trkpt lat="51.235208" lon="-122.051423" />
      <trkpt lat="51.23557" lon="-122.050575" />
      <trkpt lat="51.236388" lon="-122.049317" />
      <trkpt lat="51.236594" lon="-122.048999" />
      <trkpt lat="51.237015" lon="-122.04844" />
      <trkpt lat="51.23739" lon="-122.04799" />
      <trkpt lat="51.238032" lon="-122.047218" />
      <trkpt lat="51.238051" lon="-122.047188" />
      <trkpt lat="51.238225" lon="-122.046903" />
      <trkpt lat="51.238359" lon="-122.046629" />
      <trkpt lat="51.238403" lon="-122.046507" />
      <trkpt lat="51.238519" lon="-122.046192" />
      <trkpt lat="51.238609" lon="-122.045897" />
      <trkpt lat="51.238874" lon="-122.045032" />
      <trkpt lat="51.239044" lon="-122.044622" />
      <trkpt lat="51.239249" lon="-122.044234" />
      <trkpt lat="51.23998" lon="-122.043168" />
      <trkpt lat="51.240272" lon="-122.042858" />
      <trkpt lat="51.240865" lon="-122.042411" />
      <trkpt lat="51.240976" lon="-122.042328" />
      <trkpt lat="51.241085" lon="-122.042229" />
      <trkpt lat="51.241813" lon="-122.041567" />
      <trkpt lat="51.241927" lon="-122.041391" />
      <trkpt lat="51.242032" lon="-122.041116" />
      <trkpt lat="51.242196" lon="-122.040348" />
      <trkpt lat="51.242295" lon="-122.040016" />
      <trkpt lat="51.242516" lon="-122.039574" />
      <trkpt lat="51.24303" lon="-122.038753" />
      <trkpt lat="51.243228" lon="-122.038436" />
      <trkpt lat="51.243399" lon="-122.038224" />
      <trkpt lat="51.243609" lon="-122.038064" />
      <trkpt lat="51.244061" lon="-122.037956" />
      <trkpt lat="51.244228" lon="-122.037865" />
      <trkpt lat="51.244301" lon="-122.037804" />
      <trkpt lat="51.24439" lon="-122.037729" />
      <trkpt lat="51.244549" lon="-122.03751" />
      <trkpt lat="51.244779" lon="-122.037058" />
      <trkpt lat="51.24584" lon="-122.034758" />
      <trkpt lat="51.245879" lon="-122.034613" />
      <trkpt lat="51.245931" lon="-122.03442" />
      <trkpt lat="51.246063" lon="-122.033647" />
      <trkpt lat="51.246405" lon="-122.032641" />
      <trkpt lat="51.246447" lon="-122.032445" />
      <trkpt lat="51.246533" lon="-122.03205" />
      <trkpt lat="51.247089" lon="-122.028335" />
      <trkpt lat="51.247149" lon="-122.028093" />
      <trkpt lat="51.247241" lon="-122.027894" />
      <trkpt lat="51.247368" lon="-122.027731" />
      <trkpt lat="51.247589" lon="-122.027565" />
      <trkpt lat="51.247818" lon="-122.027454" />
      <trkpt lat="51.248134" lon="-122.027397" />
      <trkpt lat="51.248282" lon="-122.027336" />
      <trkpt lat="51.248426" lon="-122.02723" />
      <trkpt lat="51.248609" lon="-122.02702" />
      <trkpt lat="51.249031" lon="-122.026409" />
      <trkpt lat="51.249189" lon="-122.026135" />
      <trkpt lat="51.249723" lon="-122.025208" />
      <trkpt lat="51.250238" lon="-122.024481" />
      <trkpt lat="51.250297" lon="-122.024398" />
      <trkpt lat="51.250571" lon="-122.023896" />
      <trkpt lat="51.250991" lon="-122.02295" />
      <trkpt lat="51.251912" lon="-122.020877" />
      <trkpt lat="51.25198" lon="-122.020634" />
      <trkpt lat="51.252004" lon="-122.020406" />
      <trkpt lat="51.251996" lon="-122.020184" />
      <trkpt lat="51.251946" lon="-122.019911" />
      <trkpt lat="51.251787" lon="-122.019406" />
      <trkpt lat="51.251661" lon="-122.018907" />
      <trkpt lat="51.251507" lon="-122.017981" />
      <trkpt lat="51.251413" lon="-122.017417" />
      <trkpt lat="51.251345" lon="-122.01716" />
      <trkpt lat="51.250991" lon="-122.015812" />
      <trkpt lat="51.250981" lon="-122.015685" />
      <trkpt lat="51.25096" lon="-122.015418" />
      <trkpt lat="51.251004" lon="-122.015005" />
      <trkpt lat="51.251091" lon="-122.014707" />
      <trkpt lat="51.251267" lon="-122.014296" />
      <trkpt lat="51.251741" lon="-122.013351" />
      <trkpt lat="51.251943" lon="-122.013089" />
      <trkpt lat="51.252152" lon="-122.012887" />
      <trkpt lat="51.252846" lon="-122.012423" />
      <trkpt lat="51.253099" lon="-122.012131" />
      <trkpt lat="51.253243" lon="-122.01183" />
      <trkpt lat="51.253612" lon="-122.011058" />
      <trkpt lat="51.253782" lon="-122.010561" />
      <trkpt lat="51.254063" lon="-122.008822" />
      <trkpt lat="51.254326" lon="-122.007764" />
      <trkpt lat="51.254915" lon="-122.006074" />
      <trkpt lat="51.255048" lon="-122.005692" />
      <trkpt lat="51.255443" lon="-122.005035" />
      <trkpt lat="51.255568" lon="-122.004743" />
      <trkpt lat="51.255627" lon="-122.004403" />
      <trkpt lat="51.255625" lon="-122.00397" />
      <trkpt lat="51.255535" lon="-122.003195" />
      <trkpt lat="51.25552" lon="-122.002399" />
      <trkpt lat="51.255575" lon="-122.002016" />
      <trkpt lat="51.255896" lon="-122.00133" />
      <trkpt lat="51.256077" lon="-122.001063" />
      <trkpt lat="51.256852" lon="-122.00022" />
      <trkpt lat="51.257028" lon="-122.000005" />
      <trkpt lat="51.258045" lon="-121.998763" />
      <trkpt lat="51.258196" lon="-121.998475" />
      <trkpt lat="51.258486" lon="-121.997615" />
      <trkpt lat="51.258854" lon="-121.9969" />
      <trkpt lat="51.258956" lon="-121.996531" />
      <trkpt lat="51.258965" lon="-121.996421" />
      <trkpt lat="51.259035" lon="-121.995595" />
      <trkpt lat="51.259223" lon="-121.994239" />
      <trkpt lat="51.259229" lon="-121.993882" />
      <trkpt lat="51.259201" lon="-121.99355" />
      <trkpt lat="51.258984" lon="-121.992755" />
      <trkpt lat="51.258937" lon="-121.992464" />
      <trkpt lat="51.258889" lon="-121.991672" />
      <trkpt lat="51.258862" lon="-121.991224" />
      <trkpt lat="51.25887" lon="-121.990811" />
      <trkpt lat="51.259033" lon="-121.989252" />
      <trkpt lat="51.259192" lon="-121.987746" />
      <trkpt lat="51.259245" lon="-121.987455" />
      <trkpt lat="51.25937" lon="-121.987198" />
      <trkpt lat="51.259764" lon="-121.986631" />
      <trkpt lat="51.260619" lon="-121.985918" />
      <trkpt lat="51.261311" lon="-121.985429" />
      <trkpt lat="51.26141" lon="-121.985243" />
      <trkpt lat="51.261567" lon="-121.985107" />
      <trkpt lat="51.261931" lon="-121.984901" />
      <trkpt lat="51.262037" lon="-121.984794" />
      <trkpt lat="51.262132" lon="-121.984574" />
      <trkpt lat="51.262211" lon="-121.984129" />
      <trkpt lat="51.26235" lon="-121.983728" />
      <trkpt lat="51.262526" lon="-121.983508" />
      <trkpt lat="51.262564" lon="-121.983483" />
      <trkpt lat="51.262736" lon="-121.983366" />
      <trkpt lat="51.263221" lon="-121.983214" />
      <trkpt lat="51.263931" lon="-121.98269" />
      <trkpt lat="51.264295" lon="-121.982168" />
      <trkpt lat="51.265048" lon="-121.981237" />
      <trkpt lat="51.265154" lon="-121.981107" />
      <trkpt lat="51.265219" lon="-121.981026" />
      <trkpt lat="51.265427" lon="-121.980769" />
      <trkpt lat="51.265658" lon="-121.980515" />
      <trkpt lat="51.265833" lon="-121.980323" />
      <trkpt lat="51.266041" lon="-121.980023" />
      <trkpt lat="51.2663" lon="-121.979651" />
      <trkpt lat="51.266624" lon="-121.979403" />
      <trkpt lat="51.266945" lon="-121.979331" />
      <trkpt lat="51.267119" lon="-121.979213" />
      <trkpt lat="51.267129" lon="-121.979206" />
      <trkpt lat="51.267236" lon="-121.979077" />
      <trkpt lat="51.267363" lon="-121.97884" />
      <trkpt lat="51.267462" lon="-121.978443" />
      <trkpt lat="51.267568" lon="-121.977773" />
      <trkpt lat="51.267618" lon="-121.977455" />
      <trkpt lat="51.267598" lon="-121.977145" />
      <trkpt lat="51.267499" lon="-121.976885" />
      <trkpt lat="51.267361" lon="-121.976728" />
      <trkpt lat="51.266918" lon="-121.976417" />
      <trkpt lat="51.2668" lon="-121.976334" />
      <trkpt lat="51.266617" lon="-121.976205" />
      <trkpt lat="51.26642" lon="-121.976066" />
      <trkpt lat="51.266237" lon="-121.975882" />
      <trkpt lat="51.266089" lon="-121.975604" />
      <trkpt lat="51.26554" lon="-121.973876" />
      <trkpt lat="51.265415" lon="-121.973234" />
      <trkpt lat="51.265391" lon="-121.972599" />
      <trkpt lat="51.265466" lon="-121.971249" />
      <trkpt lat="51.265705" lon="-121.970312" />
      <trkpt lat="51.265733" lon="-121.969972" />
      <trkpt lat="51.265719" lon="-121.969434" />
      <trkpt lat="51.265752" lon="-121.968421" />
      <trkpt lat="51.2657" lon="-121.967211" />
      <trkpt lat="51.265887" lon="-121.965668" />
      <trkpt lat="51.265958" lon="-121.965249" />
      <trkpt lat="51.266071" lon="-121.964904" />
      <trkpt lat="51.266279" lon="-121.964267" />
      <trkpt lat="51.266285" lon="-121.96425" />
      <trkpt lat="51.266387" lon="-121.963939" />
      <trkpt lat="51.266466" lon="-121.963693" />
      <trkpt lat="51.266522" lon="-121.963447" />
      <trkpt lat="51.266542" lon="-121.963275" />
      <trkpt lat="51.266551" lon="-121.963085" />
      <trkpt lat="51.266565" lon="-121.962949" />
      <trkpt lat="51.266584" lon="-121.962869" />
      <trkpt lat="51.266628" lon="-121.962791" />
      <trkpt lat="51.266671" lon="-121.962777" />
      <trkpt lat="51.266722" lon="-121.962776" />
      <trkpt lat="51.267357" lon="-121.963247" />
      <trkpt lat="51.267825" lon="-121.963592" />
      <trkpt lat="51.267834" lon="-121.963601" />
      <trkpt lat="51.268056" lon="-121.963842" />
      <trkpt lat="51.268917" lon="-121.965152" />
      <trkpt lat="51.269249" lon="-121.965517" />
      <trkpt lat="51.269586" lon="-121.965765" />
      <trkpt lat="51.270639" lon="-121.966308" />
      <trkpt lat="51.270782" lon="-121.966382" />
      <trkpt lat="51.271243" lon="-121.966725" />
      <trkpt lat="51.271635" lon="-121.967109" />
      <trkpt lat="51.271888" lon="-121.967398" />
      <trkpt lat="51.272234" lon="-121.967791" />
      <trkpt lat="51.273346" lon="-121.968476" />
      <trkpt lat="51.273648" lon="-121.968496" />
      <trkpt lat="51.273985" lon="-121.968401" />
      <trkpt lat="51.274724" lon="-121.968036" />
      <trkpt lat="51.275214" lon="-121.967716" />
      <trkpt lat="51.276064" lon="-121.967162" />
      <trkpt lat="51.276305" lon="-121.967083" />
      <trkpt lat="51.277413" lon="-121.967056" />
      <trkpt lat="51.277888" lon="-121.966852" />
      <trkpt lat="51.278637" lon="-121.966831" />
      <trkpt lat="51.278812" lon="-121.966799" />
      <trkpt lat="51.278958" lon="-121.966719" />
      <trkpt lat="51.279326" lon="-121.966343" />
      <trkpt lat="51.279546" lon="-121.966205" />
      <trkpt lat="51.279692" lon="-121.966184" />
      <trkpt lat="51.279744" lon="-121.966205" />
      <trkpt lat="51.27979" lon="-121.966223" />
      <trkpt lat="51.280069" lon="-121.966695" />
      <trkpt lat="51.280272" lon="-121.967037" />
      <trkpt lat="51.28047" lon="-121.967261" />
      <trkpt lat="51.280729" lon="-121.967343" />
      <trkpt lat="51.281195" lon="-121.96736" />
      <trkpt lat="51.281274" lon="-121.967375" />
      <trkpt lat="51.281758" lon="-121.967469" />
      <trkpt lat="51.282977" lon="-121.967598" />
      <trkpt lat="51.283863" lon="-121.967397" />
      <trkpt lat="51.284237" lon="-121.967387" />
      <trkpt lat="51.284598" lon="-121.967458" />
      <trkpt lat="51.284912" lon="-121.967596" />
      <trkpt lat="51.285846" lon="-121.968007" />
      <trkpt lat="51.286381" lon="-121.968497" />
      <trkpt lat="51.286498" lon="-121.968628" />
      <trkpt lat="51.286694" lon="-121.968848" />
      <trkpt lat="51.286813" lon="-121.969089" />
      <trkpt lat="51.286977" lon="-121.969754" />
      <trkpt lat="51.287103" lon="-121.970488" />
      <trkpt lat="51.287137" lon="-121.970688" />
      <trkpt lat="51.287142" lon="-121.970758" />
      <trkpt lat="51.287181" lon="-121.971406" />
      <trkpt lat="51.287461" lon="-121.972568" />
      <trkpt lat="51.287532" lon="-121.972729" />
      <trkpt lat="51.287607" lon="-121.972898" />
      <trkpt lat="51.28775" lon="-121.973053" />
      <trkpt lat="51.287761" lon="-121.973064" />
      <trkpt lat="51.288167" lon="-121.97334" />
      <trkpt lat="51.288532" lon="-121.97375" />
      <trkpt lat="51.289064" lon="-121.974542" />
      <trkpt lat="51.289464" lon="-121.974908" />
      <trkpt lat="51.289995" lon="-121.975309" />
      <trkpt lat="51.290421" lon="-121.975773" />
      <trkpt lat="51.291655" lon="-121.977297" />
      <trkpt lat="51.291849" lon="-121.977642" />
      <trkpt lat="51.29226" lon="-121.978491" />
      <trkpt lat="51.292329" lon="-121.978583" />
      <trkpt lat="51.292339" lon="-121.978596" />
      <trkpt lat="51.292563" lon="-121.978895" />
      <trkpt lat="51.292941" lon="-121.979315" />
      <trkpt lat="51.293292" lon="-121.979703" />
      <trkpt lat="51.293641" lon="-121.979983" />
      <trkpt lat="51.294802" lon="-121.980669" />
      <trkpt lat="51.296508" lon="-121.981345" />
      <trkpt lat="51.298518" lon="-121.981934" />
      <trkpt lat="51.299656" lon="-121.982507" />
      <trkpt lat="51.300004" lon="-121.982612" />
      <trkpt lat="51.300773" lon="-121.982844" />
      <trkpt lat="51.300782" lon="-121.982848" />
      <trkpt lat="51.301317" lon="-121.983079" />
      <trkpt lat="51.301777" lon="-121.983277" />
      <trkpt lat="51.30216" lon="-121.983389" />
      <trkpt lat="51.302232" lon="-121.98341" />
      <trkpt lat="51.302421" lon="-121.983537" />
      <trkpt lat="51.302607" lon="-121.98375" />
      <trkpt lat="51.302772" lon="-121.984122" />
      <trkpt lat="51.303197" lon="-121.985215" />
      <trkpt lat="51.303329" lon="-121.985554" />
      <trkpt lat="51.303398" lon="-121.985673" />
      <trkpt lat="51.303652" lon="-121.986103" />
      <trkpt lat="51.30399" lon="-121.98646" />
      <trkpt lat="51.305058" lon="-121.987049" />
      <trkpt lat="51.306163" lon="-121.987385" />
      <trkpt lat="51.306783" lon="-121.987648" />
      <trkpt lat="51.307081" lon="-121.987697" />
      <trkpt lat="51.307372" lon="-121.987652" />
      <trkpt lat="51.307593" lon="-121.98756" />
      <trkpt lat="51.307797" lon="-121.987391" />
      <trkpt lat="51.30783" lon="-121.987363" />
      <trkpt lat="51.308564" lon="-121.986011" />
      <trkpt lat="51.308834" lon="-121.985514" />
      <trkpt lat="51.309399" lon="-121.984739" />
      <trkpt lat="51.309734" lon="-121.984443" />
      <trkpt lat="51.31" lon="-121.984328" />
      <trkpt lat="51.31028" lon="-121.984331" />
      <trkpt lat="51.31092" lon="-121.984491" />
      <trkpt lat="51.311202" lon="-121.984478" />
      <trkpt lat="51.312525" lon="-121.983923" />
      <trkpt lat="51.314236" lon="-121.983322" />
      <trkpt lat="51.315428" lon="-121.982707" />
      <trkpt lat="51.31704" lon="-121.982189" />
      <trkpt lat="51.317309" lon="-121.982007" />
      <trkpt lat="51.31761" lon="-121.981624" />
      <trkpt lat="51.318134" lon="-121.98086" />
      <trkpt lat="51.318496" lon="-121.980511" />
      <trkpt lat="51.319635" lon="-121.979771" />
      <trkpt lat="51.32033" lon="-121.979265" />
      <trkpt lat="51.320601" lon="-121.979144" />
      <trkpt lat="51.320885" lon="-121.979135" />
      <trkpt lat="51.320898" lon="-121.979139" />
      <trkpt lat="51.321189" lon="-121.979227" />
      <trkpt lat="51.321877" lon="-121.979609" />
      <trkpt lat="51.322308" lon="-121.979782" />
      <trkpt lat="51.322611" lon="-121.979903" />
      <trkpt lat="51.323121" lon="-121.980219" />
      <trkpt lat="51.323227" lon="-121.980312" />
      <trkpt lat="51.323534" lon="-121.980582" />
      <trkpt lat="51.323864" lon="-121.980739" />
      <trkpt lat="51.324171" lon="-121.980797" />
      <trkpt lat="51.324512" lon="-121.980686" />
      <trkpt lat="51.325787" lon="-121.979898" />
      <trkpt lat="51.325989" lon="-121.979702" />
      <trkpt lat="51.326188" lon="-121.979375" />
      <trkpt lat="51.326395" lon="-121.978932" />
      <trkpt lat="51.326723" lon="-121.97823" />
      <trkpt lat="51.326975" lon="-121.977847" />
      <trkpt lat="51.327276" lon="-121.97749" />
      <trkpt lat="51.327547" lon="-121.977169" />
      <trkpt lat="51.327798" lon="-121.976789" />
      <trkpt lat="51.327805" lon="-121.976779" />
      <trkpt lat="51.328085" lon="-121.976218" />
      <trkpt lat="51.328334" lon="-121.97585" />
      <trkpt lat="51.328737" lon="-121.975475" />
      <trkpt lat="51.328985" lon="-121.975333" />
      <trkpt lat="51.329242" lon="-121.975271" />
      <trkpt lat="51.329445" lon="-121.975294" />
      <trkpt lat="51.330184" lon="-121.975674" />
      <trkpt lat="51.330499" lon="-121.975722" />
      <trkpt lat="51.330516" lon="-121.975725" />
      <trkpt lat="51.330532" lon="-121.975727" />
      <trkpt lat="51.331241" lon="-121.975684" />
      <trkpt lat="51.331565" lon="-121.97559" />
      <trkpt lat="51.331981" lon="-121.975379" />
      <trkpt lat="51.332389" lon="-121.975109" />
      <trkpt lat="51.332687" lon="-121.974847" />
      <trkpt lat="51.33275" lon="-121.974791" />
      <trkpt lat="51.332776" lon="-121.974759" />
      <trkpt lat="51.334137" lon="-121.973082" />
      <trkpt lat="51.335047" lon="-121.97216" />
      <trkpt lat="51.335541" lon="-121.971661" />
      <trkpt lat="51.335808" lon="-121.971389" />
      <trkpt lat="51.335883" lon="-121.971308" />
      <trkpt lat="51.335917" lon="-121.971228" />
      <trkpt lat="51.335965" lon="-121.971221" />
      <trkpt lat="51.336009" lon="-121.97119" />
      <trkpt lat="51.336136" lon="-121.971076" />
      <trkpt lat="51.336364" lon="-121.970871" />
      <trkpt lat="51.337166" lon="-121.970395" />
      <trkpt lat="51.337548" lon="-121.970271" />
      <trkpt lat="51.33826" lon="-121.970228" />
      <trkpt lat="51.339795" lon="-121.96998" />
      <trkpt lat="51.340001" lon="-121.969836" />
      <trkpt lat="51.340142" lon="-121.969634" />
      <trkpt lat="51.340488" lon="-121.968736" />
      <trkpt lat="51.341513" lon="-121.969627" />
      <trkpt lat="51.342197" lon="-121.971945" />
      <trkpt lat="51.345387" lon="-121.971923" />
      <trkpt lat="51.347196" lon="-121.968919" />
      <trkpt lat="51.350386" lon="-121.96893" />
      <trkpt lat="51.350576" lon="-121.969538" />
      <trkpt lat="51.354339" lon="-121.981558" />
      <trkpt lat="51.350386" lon="-121.96893" />
      <trkpt lat="51.347196" lon="-121.968919" />
      <trkpt lat="51.345387" lon="-121.971923" />
      <trkpt lat="51.342197" lon="-121.971945" />
      <trkpt lat="51.341513" lon="-121.969627" />
      <trkpt lat="51.340488" lon="-121.968736" />
      <trkpt lat="51.341291" lon="-121.967226" />
      <trkpt lat="51.342329" lon="-121.965156" />
      <trkpt lat="51.342367" lon="-121.965081" />
      <trkpt lat="51.342822" lon="-121.96443" />
      <trkpt lat="51.343205" lon="-121.963882" />
      <trkpt lat="51.343414" lon="-121.96363" />
      <trkpt lat="51.343631" lon="-121.963368" />
      <trkpt lat="51.343731" lon="-121.963289" />
      <trkpt lat="51.344737" lon="-121.962497" />
      <trkpt lat="51.345839" lon="-121.961211" />
      <trkpt lat="51.34859" lon="-121.958951" />
      <trkpt lat="51.348866" lon="-121.958786" />
      <trkpt lat="51.349103" lon="-121.958696" />
      <trkpt lat="51.349356" lon="-121.958672" />
      <trkpt lat="51.350372" lon="-121.95889" />
      <trkpt lat="51.350738" lon="-121.958898" />
      <trkpt lat="51.351266" lon="-121.958909" />
      <trkpt lat="51.351486" lon="-121.959036" />
      <trkpt lat="51.351667" lon="-121.95925" />
      <trkpt lat="51.35197" lon="-121.959723" />
      <trkpt lat="51.353019" lon="-121.960991" />
      <trkpt lat="51.353266" lon="-121.961126" />
      <trkpt lat="51.354058" lon="-121.96127" />
      <trkpt lat="51.354239" lon="-121.961376" />
      <trkpt lat="51.354513" lon="-121.961538" />
      <trkpt lat="51.354828" lon="-121.961814" />
      <trkpt lat="51.355067" lon="-121.962188" />
      <trkpt lat="51.355487" lon="-121.963141" />
      <trkpt lat="51.35553" lon="-121.963213" />
      <trkpt lat="51.3557" lon="-121.9635" />
      <trkpt lat="51.355772" lon="-121.963581" />
      <trkpt lat="51.35595" lon="-121.963779" />
      <trkpt lat="51.356281" lon="-121.964033" />
      <trkpt lat="51.356547" lon="-121.964135" />
      <trkpt lat="51.357839" lon="-121.964629" />
      <trkpt lat="51.35884" lon="-121.965011" />
      <trkpt lat="51.359344" lon="-121.965402" />
      <trkpt lat="51.359916" lon="-121.965755" />
      <trkpt lat="51.359925" lon="-121.965762" />
      <trkpt lat="51.360462" lon="-121.966171" />
      <trkpt lat="51.360868" lon="-121.966285" />
      <trkpt lat="51.361228" lon="-121.966299" />
      <trkpt lat="51.361237" lon="-121.966297" />
      <trkpt lat="51.362204" lon="-121.966081" />
      <trkpt lat="51.362598" lon="-121.966058" />
      <trkpt lat="51.36296" lon="-121.966086" />
      <trkpt lat="51.363238" lon="-121.966205" />
      <trkpt lat="51.363467" lon="-121.966371" />
      <trkpt lat="51.364309" lon="-121.967206" />
      <trkpt lat="51.364485" lon="-121.96738" />
      <trkpt lat="51.36479" lon="-121.967562" />
      <trkpt lat="51.36604" lon="-121.968307" />
      <trkpt lat="51.366547" lon="-121.968471" />
      <trkpt lat="51.366839" lon="-121.96872" />
      <trkpt lat="51.367137" lon="-121.969075" />
      <trkpt lat="51.367408" lon="-121.96959" />
      <trkpt lat="51.367545" lon="-121.969753" />
      <trkpt lat="51.367738" lon="-121.969793" />
      <trkpt lat="51.367887" lon="-121.969745" />
      <trkpt lat="51.368965" lon="-121.969393" />
      <trkpt lat="51.369379" lon="-121.969497" />
      <trkpt lat="51.369584" lon="-121.969507" />
      <trkpt lat="51.369772" lon="-121.969435" />
      <trkpt lat="51.370078" lon="-121.969171" />
      <trkpt lat="51.370187" lon="-121.969077" />
      <trkpt lat="51.370361" lon="-121.969033" />
      <trkpt lat="51.37055" lon="-121.96909" />
      <trkpt lat="51.370907" lon="-121.969405" />
      <trkpt lat="51.371088" lon="-121.969446" />
      <trkpt lat="51.37125" lon="-121.969408" />
      <trkpt lat="51.371659" lon="-121.96914" />
      <trkpt lat="51.372058" lon="-121.969022" />
      <trkpt lat="51.372288" lon="-121.969015" />
      <trkpt lat="51.372994" lon="-121.969155" />
      <trkpt lat="51.373085" lon="-121.969173" />
      <trkpt lat="51.373645" lon="-121.969111" />
      <trkpt lat="51.373733" lon="-121.969162" />
      <trkpt lat="51.373824" lon="-121.969213" />
      <trkpt lat="51.37405" lon="-121.969459" />
      <trkpt lat="51.374294" lon="-121.969725" />
      <trkpt lat="51.374655" lon="-121.969891" />
      <trkpt lat="51.375056" lon="-121.970231" />
      <trkpt lat="51.375197" lon="-121.970293" />
      <trkpt lat="51.375385" lon="-121.970309" />
      <trkpt lat="51.375587" lon="-121.970245" />
      <trkpt lat="51.375773" lon="-121.970108" />
      <trkpt lat="51.376007" lon="-121.969809" />
      <trkpt lat="51.376619" lon="-121.968943" />
      <trkpt lat="51.376895" lon="-121.968741" />
      <trkpt lat="51.377136" lon="-121.968608" />
      <trkpt lat="51.377755" lon="-121.968266" />
      <trkpt lat="51.378071" lon="-121.967949" />
      <trkpt lat="51.378921" lon="-121.967358" />
      <trkpt lat="51.378965" lon="-121.967327" />
      <trkpt lat="51.379324" lon="-121.967141" />
      <trkpt lat="51.379603" lon="-121.967134" />
      <trkpt lat="51.379805" lon="-121.967202" />
      <trkpt lat="51.379951" lon="-121.967331" />
      <trkpt lat="51.380084" lon="-121.967539" />
      <trkpt lat="51.38023" lon="-121.96791" />
      <trkpt lat="51.380286" lon="-121.968054" />
      <trkpt lat="51.380429" lon="-121.968264" />
      <trkpt lat="51.381223" lon="-121.969116" />
      <trkpt lat="51.381557" lon="-121.969397" />
      <trkpt lat="51.381687" lon="-121.969489" />
      <trkpt lat="51.383348" lon="-121.969955" />
      <trkpt lat="51.383932" lon="-121.97012" />
      <trkpt lat="51.385493" lon="-121.970467" />
      <trkpt lat="51.387019" lon="-121.970683" />
      <trkpt lat="51.387685" lon="-121.971102" />
      <trkpt lat="51.388794" lon="-121.971386" />
      <trkpt lat="51.389306" lon="-121.971649" />
      <trkpt lat="51.390303" lon="-121.972365" />
      <trkpt lat="51.390605" lon="-121.97264" />
      <trkpt lat="51.390854" lon="-121.973003" />
      <trkpt lat="51.391038" lon="-121.973203" />
      <trkpt lat="51.391221" lon="-121.973291" />
      <trkpt lat="51.391491" lon="-121.973291" />
      <trkpt lat="51.392209" lon="-121.973388" />
      <trkpt lat="51.392818" lon="-121.973333" />
      <trkpt lat="51.392889" lon="-121.973353" />
      <trkpt lat="51.393008" lon="-121.973388" />
      <trkpt lat="51.393148" lon="-121.973504" />
      <trkpt lat="51.393271" lon="-121.973676" />
      <trkpt lat="51.393394" lon="-121.973971" />
      <trkpt lat="51.39345" lon="-121.974269" />
      <trkpt lat="51.393515" lon="-121.974612" />
      <trkpt lat="51.393632" lon="-121.97488" />
      <trkpt lat="51.393929" lon="-121.97524" />
      <trkpt lat="51.394291" lon="-121.975853" />
      <trkpt lat="51.394998" lon="-121.976667" />
      <trkpt lat="51.395674" lon="-121.977798" />
      <trkpt lat="51.395984" lon="-121.978418" />
      <trkpt lat="51.396106" lon="-121.978558" />
      <trkpt lat="51.396273" lon="-121.978644" />
      <trkpt lat="51.396342" lon="-121.978643" />
      <trkpt lat="51.397663" lon="-121.978626" />
      <trkpt lat="51.397978" lon="-121.978622" />
      <trkpt lat="51.398079" lon="-121.97862" />
      <trkpt lat="51.398091" lon="-121.978624" />
      <trkpt lat="51.398825" lon="-121.978822" />
      <trkpt lat="51.399326" lon="-121.978798" />
      <trkpt lat="51.399337" lon="-121.978801" />
      <trkpt lat="51.39951" lon="-121.978862" />
      <trkpt lat="51.399537" lon="-121.978872" />
      <trkpt lat="51.399721" lon="-121.979023" />
      <trkpt lat="51.399966" lon="-121.979408" />
      <trkpt lat="51.400336" lon="-121.97999" />
      <trkpt lat="51.400502" lon="-121.9801" />
      <trkpt lat="51.400646" lon="-121.980133" />
      <trkpt lat="51.400927" lon="-121.980043" />
      <trkpt lat="51.401362" lon="-121.98001" />
      <trkpt lat="51.401389" lon="-121.979999" />
      <trkpt lat="51.401649" lon="-121.979888" />
      <trkpt lat="51.401825" lon="-121.979736" />
      <trkpt lat="51.401925" lon="-121.979649" />
      <trkpt lat="51.40236" lon="-121.979121" />
      <trkpt lat="51.402648" lon="-121.978917" />
      <trkpt lat="51.402815" lon="-121.978839" />
      <trkpt lat="51.402987" lon="-121.978759" />
      <trkpt lat="51.403134" lon="-121.978691" />
      <trkpt lat="51.403796" lon="-121.978382" />
      <trkpt lat="51.403909" lon="-121.97833" />
      <trkpt lat="51.404413" lon="-121.978358" />
      <trkpt lat="51.40459" lon="-121.978368" />
      <trkpt lat="51.405038" lon="-121.978077" />
      <trkpt lat="51.405285" lon="-121.977978" />
      <trkpt lat="51.405488" lon="-121.977974" />
      <trkpt lat="51.405739" lon="-121.978059" />
      <trkpt lat="51.406009" lon="-121.978258" />
      <trkpt lat="51.40659" lon="-121.978923" />
      <trkpt lat="51.407209" lon="-121.979492" />
      <trkpt lat="51.407721" lon="-121.980023" />
      <trkpt lat="51.40773" lon="-121.980029" />
      <trkpt lat="51.408803" lon="-121.980802" />
      <trkpt lat="51.409077" lon="-121.980943" />
      <trkpt lat="51.4097" lon="-121.980996" />
      <trkpt lat="51.410287" lon="-121.981071" />
      <trkpt lat="51.410531" lon="-121.98116" />
      <trkpt lat="51.410564" lon="-121.981172" />
      <trkpt lat="51.410782" lon="-121.98135" />
      <trkpt lat="51.411082" lon="-121.981695" />
      <trkpt lat="51.411228" lon="-121.981778" />
      <trkpt lat="51.412126" lon="-121.981863" />
      <trkpt lat="51.412293" lon="-121.981793" />
      <trkpt lat="51.412431" lon="-121.981601" />
      <trkpt lat="51.412557" lon="-121.981318" />
      <trkpt lat="51.412602" lon="-121.981217" />
      <trkpt lat="51.412881" lon="-121.980382" />
      <trkpt lat="51.412941" lon="-121.980201" />
      <trkpt lat="51.413195" lon="-121.979441" />
      <trkpt lat="51.413569" lon="-121.979584" />
      <trkpt lat="51.41382" lon="-121.979604" />
      <trkpt lat="51.414385" lon="-121.979649" />
      <trkpt lat="51.414539" lon="-121.9797" />
      <trkpt lat="51.414752" lon="-121.97977" />
      <trkpt lat="51.415181" lon="-121.980041" />
      <trkpt lat="51.415557" lon="-121.980393" />
      <trkpt lat="51.415654" lon="-121.980525" />
      <trkpt lat="51.415916" lon="-121.980879" />
      <trkpt lat="51.416115" lon="-121.981258" />
      <trkpt lat="51.41616" lon="-121.981344" />
      <trkpt lat="51.416407" lon="-121.981962" />
      <trkpt lat="51.416423" lon="-121.982015" />
      <trkpt lat="51.416722" lon="-121.982997" />
      <trkpt lat="51.416849" lon="-121.983248" />
      <trkpt lat="51.417143" lon="-121.983651" />
      <trkpt lat="51.417293" lon="-121.983994" />
      <trkpt lat="51.417304" lon="-121.984053" />
      <trkpt lat="51.417388" lon="-121.98449" />
      <trkpt lat="51.417535" lon="-121.985591" />
      <trkpt lat="51.417655" lon="-121.98682" />
      <trkpt lat="51.417726" lon="-121.987164" />
      <trkpt lat="51.417845" lon="-121.98748" />
      <trkpt lat="51.41802" lon="-121.987781" />
      <trkpt lat="51.41806" lon="-121.98785" />
      <trkpt lat="51.419022" lon="-121.989034" />
      <trkpt lat="51.419055" lon="-121.989074" />
      <trkpt lat="51.419136" lon="-121.989201" />
      <trkpt lat="51.419313" lon="-121.989476" />
      <trkpt lat="51.41953" lon="-121.989912" />
      <trkpt lat="51.419827" lon="-121.990667" />
      <trkpt lat="51.419872" lon="-121.990781" />
      <trkpt lat="51.420943" lon="-121.992978" />
      <trkpt lat="51.421275" lon="-121.993487" />
      <trkpt lat="51.421461" lon="-121.99366" />
      <trkpt lat="51.421526" lon="-121.993721" />
      <trkpt lat="51.421804" lon="-121.993814" />
      <trkpt lat="51.423201" lon="-121.993907" />
      <trkpt lat="51.423573" lon="-121.994003" />
      <trkpt lat="51.423832" lon="-121.994145" />
      <trkpt lat="51.423981" lon="-121.994226" />
      <trkpt lat="51.424545" lon="-121.994691" />
      <trkpt lat="51.425434" lon="-121.995673" />
      <trkpt lat="51.425973" lon="-121.996434" />
      <trkpt lat="51.426626" lon="-121.997702" />
      <trkpt lat="51.427103" lon="-121.99863" />
      <trkpt lat="51.427291" lon="-121.998994" />
      <trkpt lat="51.427538" lon="-121.999629" />
      <trkpt lat="51.427618" lon="-121.999836" />
      <trkpt lat="51.427682" lon="-122" />
      <trkpt lat="51.428393" lon="-122.001829" />
      <trkpt lat="51.428416" lon="-122.001877" />
      <trkpt lat="51.429038" lon="-122.003187" />
      <trkpt lat="51.429369" lon="-122.004084" />
      <trkpt lat="51.430347" lon="-122.006734" />
      <trkpt lat="51.430818" lon="-122.008008" />
      <trkpt lat="51.430968" lon="-122.008572" />
      <trkpt lat="51.431092" lon="-122.009303" />
      <trkpt lat="51.431194" lon="-122.010236" />
      <trkpt lat="51.431325" lon="-122.011438" />
      <trkpt lat="51.43151" lon="-122.015161" />
      <trkpt lat="51.431664" lon="-122.016376" />
      <trkpt lat="51.431651" lon="-122.01679" />
      <trkpt lat="51.431567" lon="-122.017178" />
      <trkpt lat="51.431468" lon="-122.017426" />
      <trkpt lat="51.431261" lon="-122.017949" />
      <trkpt lat="51.431227" lon="-122.018145" />
      <trkpt lat="51.431208" lon="-122.018249" />
      <trkpt lat="51.431215" lon="-122.018609" />
      <trkpt lat="51.431372" lon="-122.019583" />
      <trkpt lat="51.431448" lon="-122.020059" />
      <trkpt lat="51.43154" lon="-122.020629" />
      <trkpt lat="51.431739" lon="-122.021188" />
      <trkpt lat="51.432132" lon="-122.021872" />
      <trkpt lat="51.43228" lon="-122.02225" />
      <trkpt lat="51.432394" lon="-122.022733" />
      <trkpt lat="51.432507" lon="-122.023506" />
      <trkpt lat="51.4326" lon="-122.02372" />
      <trkpt lat="51.43273" lon="-122.023817" />
      <trkpt lat="51.4329" lon="-122.023812" />
      <trkpt lat="51.433083" lon="-122.023669" />
      <trkpt lat="51.434075" lon="-122.02255" />
      <trkpt lat="51.434506" lon="-122.022278" />
      <trkpt lat="51.434745" lon="-122.022206" />
      <trkpt lat="51.434939" lon="-122.022222" />
      <trkpt lat="51.434992" lon="-122.022273" />
      <trkpt lat="51.435092" lon="-122.02237" />
      <trkpt lat="51.435209" lon="-122.022635" />
      <trkpt lat="51.43526" lon="-122.022919" />
      <trkpt lat="51.435285" lon="-122.023369" />
      <trkpt lat="51.435196" lon="-122.024158" />
      <trkpt lat="51.435191" lon="-122.024179" />
      <trkpt lat="51.435065" lon="-122.024699" />
      <trkpt lat="51.43501" lon="-122.024841" />
      <trkpt lat="51.434981" lon="-122.024916" />
      <trkpt lat="51.434854" lon="-122.025249" />
      <trkpt lat="51.434622" lon="-122.025852" />
      <trkpt lat="51.434448" lon="-122.026218" />
      <trkpt lat="51.433934" lon="-122.027299" />
      <trkpt lat="51.433874" lon="-122.027382" />
      <trkpt lat="51.433715" lon="-122.027604" />
      <trkpt lat="51.433253" lon="-122.028103" />
      <trkpt lat="51.433091" lon="-122.02835" />
      <trkpt lat="51.433019" lon="-122.028629" />
      <trkpt lat="51.43298" lon="-122.029033" />
      <trkpt lat="51.432963" lon="-122.029972" />
      <trkpt lat="51.432891" lon="-122.03154" />
      <trkpt lat="51.432907" lon="-122.032223" />
      <trkpt lat="51.432952" lon="-122.032575" />
      <trkpt lat="51.43306" lon="-122.033417" />
      <trkpt lat="51.433249" lon="-122.034893" />
      <trkpt lat="51.433254" lon="-122.034929" />
      <trkpt lat="51.433259" lon="-122.035326" />
      <trkpt lat="51.433207" lon="-122.035674" />
      <trkpt lat="51.433104" lon="-122.036039" />
      <trkpt lat="51.432874" lon="-122.036583" />
      <trkpt lat="51.432673" lon="-122.036911" />
      <trkpt lat="51.431917" lon="-122.038146" />
      <trkpt lat="51.431551" lon="-122.038952" />
      <trkpt lat="51.431449" lon="-122.03931" />
      <trkpt lat="51.431414" lon="-122.039432" />
      <trkpt lat="51.431356" lon="-122.039961" />
      <trkpt lat="51.431336" lon="-122.040601" />
      <trkpt lat="51.431329" lon="-122.040836" />
      <trkpt lat="51.431247" lon="-122.041459" />
      <trkpt lat="51.431059" lon="-122.042212" />
      <trkpt lat="51.430924" lon="-122.04275" />
      <trkpt lat="51.430875" lon="-122.043016" />
      <trkpt lat="51.430701" lon="-122.043944" />
      <trkpt lat="51.430667" lon="-122.044126" />
      <trkpt lat="51.430598" lon="-122.044679" />
      <trkpt lat="51.430526" lon="-122.045259" />
      <trkpt lat="51.430207" lon="-122.046792" />
      <trkpt lat="51.43018" lon="-122.047316" />
      <trkpt lat="51.430215" lon="-122.047863" />
      <trkpt lat="51.430369" lon="-122.048933" />
      <trkpt lat="51.430372" lon="-122.048961" />
      <trkpt lat="51.430437" lon="-122.049781" />
      <trkpt lat="51.430438" lon="-122.050055" />
      <trkpt lat="51.430447" lon="-122.051767" />
      <trkpt lat="51.430546" lon="-122.052969" />
      <trkpt lat="51.430562" lon="-122.053163" />
      <trkpt lat="51.430573" lon="-122.05359" />
      <trkpt lat="51.430637" lon="-122.055918" />
      <trkpt lat="51.430645" lon="-122.056191" />
      <trkpt lat="51.430655" lon="-122.056564" />
      <trkpt lat="51.430673" lon="-122.057197" />
      <trkpt lat="51.430674" lon="-122.057252" />
      <trkpt lat="51.430653" lon="-122.057511" />
      <trkpt lat="51.430632" lon="-122.057768" />
      <trkpt lat="51.429973" lon="-122.059857" />
      <trkpt lat="51.429946" lon="-122.060105" />
      <trkpt lat="51.429978" lon="-122.060362" />
      <trkpt lat="51.430067" lon="-122.060618" />
      <trkpt lat="51.430642" lon="-122.061395" />
      <trkpt lat="51.431019" lon="-122.062146" />
      <trkpt lat="51.431188" lon="-122.0626" />
      <trkpt lat="51.431297" lon="-122.063089" />
      <trkpt lat="51.431351" lon="-122.063582" />
      <trkpt lat="51.431387" lon="-122.064594" />
      <trkpt lat="51.43145" lon="-122.065046" />
      <trkpt lat="51.431498" lon="-122.065385" />
      <trkpt lat="51.431587" lon="-122.065743" />
      <trkpt lat="51.431673" lon="-122.066091" />
      <trkpt lat="51.43203" lon="-122.067055" />
      <trkpt lat="51.432153" lon="-122.067606" />
      <trkpt lat="51.432382" lon="-122.069045" />
      <trkpt lat="51.432543" lon="-122.069694" />
      <trkpt lat="51.432633" lon="-122.069939" />
      <trkpt lat="51.432737" lon="-122.070218" />
      <trkpt lat="51.432969" lon="-122.07068" />
      <trkpt lat="51.433213" lon="-122.071047" />
      <trkpt lat="51.433344" lon="-122.071243" />
      <trkpt lat="51.433562" lon="-122.071652" />
      <trkpt lat="51.434502" lon="-122.073416" />
      <trkpt lat="51.435007" lon="-122.074364" />
      <trkpt lat="51.435358" lon="-122.075099" />
      <trkpt lat="51.435802" lon="-122.076029" />
      <trkpt lat="51.436177" lon="-122.076532" />
      <trkpt lat="51.436284" lon="-122.07664" />
      <trkpt lat="51.436773" lon="-122.077131" />
      <trkpt lat="51.436883" lon="-122.077292" />
      <trkpt lat="51.436987" lon="-122.077443" />
      <trkpt lat="51.437006" lon="-122.07747" />
      <trkpt lat="51.437453" lon="-122.078413" />
      <trkpt lat="51.43777" lon="-122.079166" />
      <trkpt lat="51.438011" lon="-122.079739" />
      <trkpt lat="51.4389" lon="-122.082149" />
      <trkpt lat="51.439311" lon="-122.083264" />
      <trkpt lat="51.439459" lon="-122.083664" />
      <trkpt lat="51.439595" lon="-122.084248" />
      <trkpt lat="51.439641" lon="-122.084774" />
      <trkpt lat="51.439624" lon="-122.085317" />
      <trkpt lat="51.439599" lon="-122.086166" />
      <trkpt lat="51.43963" lon="-122.086957" />
      <trkpt lat="51.439631" lon="-122.086992" />
      <trkpt lat="51.439757" lon="-122.087806" />
      <trkpt lat="51.439956" lon="-122.088598" />
      <trkpt lat="51.440109" lon="-122.089489" />
      <trkpt lat="51.440436" lon="-122.090751" />
      <trkpt lat="51.440625" lon="-122.091174" />
      <trkpt lat="51.440896" lon="-122.091499" />
      <trkpt lat="51.441013" lon="-122.091731" />
      <trkpt lat="51.441054" lon="-122.091936" />
      <trkpt lat="51.441045" lon="-122.092197" />
      <trkpt lat="51.440816" lon="-122.092804" />
      <trkpt lat="51.440763" lon="-122.093083" />
      <trkpt lat="51.440778" lon="-122.093393" />
      <trkpt lat="51.440833" lon="-122.093586" />
      <trkpt lat="51.44087" lon="-122.09372" />
      <trkpt lat="51.441288" lon="-122.094668" />
      <trkpt lat="51.44151" lon="-122.094932" />
      <trkpt lat="51.441903" lon="-122.095247" />
      <trkpt lat="51.442103" lon="-122.095363" />
      <trkpt lat="51.442614" lon="-122.095661" />
      <trkpt lat="51.443081" lon="-122.09582" />
      <trkpt lat="51.443459" lon="-122.095844" />
      <trkpt lat="51.443468" lon="-122.095848" />
      <trkpt lat="51.44367" lon="-122.095921" />
      <trkpt lat="51.443959" lon="-122.096161" />
      <trkpt lat="51.444604" lon="-122.096695" />
      <trkpt lat="51.444804" lon="-122.096949" />
      <trkpt lat="51.445088" lon="-122.097443" />
      <trkpt lat="51.445593" lon="-122.098433" />
      <trkpt lat="51.445978" lon="-122.099278" />
      <trkpt lat="51.446141" lon="-122.099636" />
      <trkpt lat="51.446265" lon="-122.099909" />
      <trkpt lat="51.446853" lon="-122.100922" />
      <trkpt lat="51.447619" lon="-122.10202" />
      <trkpt lat="51.448028" lon="-122.102606" />
      <trkpt lat="51.448847" lon="-122.103778" />
      <trkpt lat="51.448968" lon="-122.103892" />
      <trkpt lat="51.449303" lon="-122.104207" />
      <trkpt lat="51.4495" lon="-122.104504" />
      <trkpt lat="51.449757" lon="-122.105067" />
      <trkpt lat="51.449832" lon="-122.105232" />
      <trkpt lat="51.450041" lon="-122.105541" />
      <trkpt lat="51.450917" lon="-122.106466" />
      <trkpt lat="51.451467" lon="-122.107118" />
      <trkpt lat="51.452611" lon="-122.108476" />
      <trkpt lat="51.453044" lon="-122.108991" />
      <trkpt lat="51.453059" lon="-122.10901" />
      <trkpt lat="51.453459" lon="-122.109537" />
      <trkpt lat="51.453589" lon="-122.109708" />
      <trkpt lat="51.454662" lon="-122.111344" />
      <trkpt lat="51.455187" lon="-122.112449" />
      <trkpt lat="51.455522" lon="-122.113153" />
      <trkpt lat="51.456182" lon="-122.114926" />
      <trkpt lat="51.456331" lon="-122.115413" />
      <trkpt lat="51.456435" lon="-122.115755" />
      <trkpt lat="51.456615" lon="-122.116554" />
      <trkpt lat="51.456624" lon="-122.116582" />
      <trkpt lat="51.456763" lon="-122.116972" />
      <trkpt lat="51.457267" lon="-122.118392" />
      <trkpt lat="51.457406" lon="-122.118639" />
      <trkpt lat="51.457624" lon="-122.118822" />
      <trkpt lat="51.458646" lon="-122.119417" />
      <trkpt lat="51.458749" lon="-122.119514" />
      <trkpt lat="51.458832" lon="-122.119591" />
      <trkpt lat="51.458951" lon="-122.119802" />
      <trkpt lat="51.459035" lon="-122.120064" />
      <trkpt lat="51.459141" lon="-122.120762" />
      <trkpt lat="51.459369" lon="-122.121472" />
      <trkpt lat="51.459728" lon="-122.122588" />
      <trkpt lat="51.459763" lon="-122.122806" />
      <trkpt lat="51.459866" lon="-122.123452" />
      <trkpt lat="51.460056" lon="-122.124644" />
      <trkpt lat="51.460272" lon="-122.125231" />
      <trkpt lat="51.460422" lon="-122.125635" />
      <trkpt lat="51.460549" lon="-122.126052" />
      <trkpt lat="51.460696" lon="-122.126532" />
      <trkpt lat="51.460853" lon="-122.126873" />
      <trkpt lat="51.460962" lon="-122.127107" />
      <trkpt lat="51.461372" lon="-122.127735" />
      <trkpt lat="51.461686" lon="-122.128215" />
      <trkpt lat="51.462234" lon="-122.128799" />
      <trkpt lat="51.462495" lon="-122.129221" />
      <trkpt lat="51.4629" lon="-122.130021" />
      <trkpt lat="51.463452" lon="-122.131304" />
      <trkpt lat="51.463832" lon="-122.131984" />
      <trkpt lat="51.463901" lon="-122.132106" />
      <trkpt lat="51.46394" lon="-122.132175" />
      <trkpt lat="51.463984" lon="-122.132367" />
      <trkpt lat="51.464346" lon="-122.133953" />
      <trkpt lat="51.464491" lon="-122.134244" />
      <trkpt lat="51.464705" lon="-122.134459" />
      <trkpt lat="51.465257" lon="-122.134815" />
      <trkpt lat="51.465471" lon="-122.134897" />
      <trkpt lat="51.465725" lon="-122.134886" />
      <trkpt lat="51.466054" lon="-122.134795" />
      <trkpt lat="51.466452" lon="-122.134948" />
      <trkpt lat="51.466929" lon="-122.134886" />
      <trkpt lat="51.467029" lon="-122.134873" />
      <trkpt lat="51.467337" lon="-122.134957" />
      <trkpt lat="51.467759" lon="-122.135184" />
      <trkpt lat="51.468284" lon="-122.135563" />
      <trkpt lat="51.468528" lon="-122.13574" />
      <trkpt lat="51.469015" lon="-122.136199" />
      <trkpt lat="51.469355" lon="-122.136639" />
      <trkpt lat="51.469768" lon="-122.137173" />
      <trkpt lat="51.470021" lon="-122.137598" />
      <trkpt lat="51.470228" lon="-122.138153" />
      <trkpt lat="51.470483" lon="-122.139229" />
      <trkpt lat="51.470693" lon="-122.139767" />
      <trkpt lat="51.470721" lon="-122.139839" />
      <trkpt lat="51.471171" lon="-122.14068" />
      <trkpt lat="51.471434" lon="-122.14136" />
      <trkpt lat="51.471535" lon="-122.14181" />
      <trkpt lat="51.471553" lon="-122.142114" />
      <trkpt lat="51.471507" lon="-122.142491" />
      <trkpt lat="51.47143" lon="-122.142902" />
      <trkpt lat="51.471237" lon="-122.143918" />
      <trkpt lat="51.471016" lon="-122.145089" />
      <trkpt lat="51.470973" lon="-122.145487" />
      <trkpt lat="51.470879" lon="-122.146342" />
      <trkpt lat="51.470836" lon="-122.148415" />
      <trkpt lat="51.470825" lon="-122.148906" />
      <trkpt lat="51.470818" lon="-122.149441" />
      <trkpt lat="51.470895" lon="-122.149978" />
      <trkpt lat="51.471028" lon="-122.150615" />
      <trkpt lat="51.471834" lon="-122.154486" />
      <trkpt lat="51.471885" lon="-122.154936" />
      <trkpt lat="51.471854" lon="-122.155333" />
      <trkpt lat="51.471732" lon="-122.155768" />
      <trkpt lat="51.471155" lon="-122.157392" />
      <trkpt lat="51.470609" lon="-122.159099" />
      <trkpt lat="51.470401" lon="-122.159659" />
      <trkpt lat="51.470287" lon="-122.159965" />
      <trkpt lat="51.47024" lon="-122.160091" />
      <trkpt lat="51.469916" lon="-122.160615" />
      <trkpt lat="51.468987" lon="-122.161757" />
      <trkpt lat="51.468772" lon="-122.162148" />
      <trkpt lat="51.468702" lon="-122.16234" />
      <trkpt lat="51.468496" lon="-122.162908" />
      <trkpt lat="51.468352" lon="-122.163537" />
      <trkpt lat="51.468288" lon="-122.163987" />
      <trkpt lat="51.468243" lon="-122.164301" />
      <trkpt lat="51.468135" lon="-122.16471" />
      <trkpt lat="51.467986" lon="-122.16507" />
      <trkpt lat="51.467731" lon="-122.165529" />
      <trkpt lat="51.467625" lon="-122.165653" />
      <trkpt lat="51.4671" lon="-122.166265" />
      <trkpt lat="51.46667" lon="-122.16688" />
      <trkpt lat="51.466555" lon="-122.167045" />
      <trkpt lat="51.46627" lon="-122.167281" />
      <trkpt lat="51.464955" lon="-122.168372" />
      <trkpt lat="51.464325" lon="-122.168784" />
      <trkpt lat="51.463698" lon="-122.169376" />
      <trkpt lat="51.463485" lon="-122.169683" />
      <trkpt lat="51.463388" lon="-122.169908" />
      <trkpt lat="51.463337" lon="-122.170201" />
      <trkpt lat="51.463302" lon="-122.170705" />
      <trkpt lat="51.46327" lon="-122.170801" />
      <trkpt lat="51.463218" lon="-122.170957" />
      <trkpt lat="51.463073" lon="-122.171208" />
      <trkpt lat="51.462793" lon="-122.171417" />
      <trkpt lat="51.462621" lon="-122.171651" />
      <trkpt lat="51.46241" lon="-122.172111" />
      <trkpt lat="51.462318" lon="-122.172435" />
      <trkpt lat="51.462269" lon="-122.172876" />
      <trkpt lat="51.462254" lon="-122.173015" />
      <trkpt lat="51.462196" lon="-122.173201" />
      <trkpt lat="51.462098" lon="-122.173361" />
      <trkpt lat="51.461805" lon="-122.173708" />
      <trkpt lat="51.461735" lon="-122.173893" />
      <trkpt lat="51.46172" lon="-122.174137" />
      <trkpt lat="51.461744" lon="-122.174428" />
      <trkpt lat="51.461718" lon="-122.17455" />
      <trkpt lat="51.461705" lon="-122.17461" />
      <trkpt lat="51.461611" lon="-122.174731" />
      <trkpt lat="51.461201" lon="-122.174848" />
      <trkpt lat="51.460986" lon="-122.175011" />
      <trkpt lat="51.46089" lon="-122.175135" />
      <trkpt lat="51.460702" lon="-122.175375" />
      <trkpt lat="51.460346" lon="-122.176265" />
      <trkpt lat="51.460196" lon="-122.176511" />
      <trkpt lat="51.459812" lon="-122.177141" />
      <trkpt lat="51.459567" lon="-122.177438" />
      <trkpt lat="51.459224" lon="-122.177701" />
      <trkpt lat="51.458773" lon="-122.177925" />
      <trkpt lat="51.457593" lon="-122.178345" />
      <trkpt lat="51.45732" lon="-122.178537" />
      <trkpt lat="51.457011" lon="-122.178856" />
      <trkpt lat="51.456678" lon="-122.179332" />
      <trkpt lat="51.456437" lon="-122.179761" />
      <trkpt lat="51.455913" lon="-122.180946" />
      <trkpt lat="51.455714" lon="-122.18157" />
      <trkpt lat="51.455599" lon="-122.182099" />
      <trkpt lat="51.455516" lon="-122.182481" />
      <trkpt lat="51.455345" lon="-122.183264" />
      <trkpt lat="51.455347" lon="-122.183711" />
      <trkpt lat="51.455425" lon="-122.18429" />
      <trkpt lat="51.455473" lon="-122.184457" />
      <trkpt lat="51.455522" lon="-122.184624" />
      <trkpt lat="51.45571" lon="-122.184882" />
      <trkpt lat="51.456044" lon="-122.185055" />
      <trkpt lat="51.456355" lon="-122.185349" />
      <trkpt lat="51.456635" lon="-122.185713" />
      <trkpt lat="51.456641" lon="-122.185729" />
      <trkpt lat="51.457007" lon="-122.186739" />
      <trkpt lat="51.457009" lon="-122.18676" />
      <trkpt lat="51.457024" lon="-122.186928" />
      <trkpt lat="51.456989" lon="-122.187036" />
      <trkpt lat="51.456938" lon="-122.187071" />
      <trkpt lat="51.45693" lon="-122.187077" />
      <trkpt lat="51.456843" lon="-122.187027" />
      <trkpt lat="51.456738" lon="-122.186739" />
      <trkpt lat="51.456669" lon="-122.186547" />
      <trkpt lat="51.45654" lon="-122.186354" />
      <trkpt lat="51.456402" lon="-122.186255" />
      <trkpt lat="51.456346" lon="-122.186214" />
      <trkpt lat="51.45563" lon="-122.185992" />
      <trkpt lat="51.455024" lon="-122.185704" />
      <trkpt lat="51.454964" lon="-122.185675" />
      <trkpt lat="51.454653" lon="-122.185391" />
      <trkpt lat="51.454313" lon="-122.185298" />
      <trkpt lat="51.454137" lon="-122.185295" />
      <trkpt lat="51.454024" lon="-122.185395" />
      <trkpt lat="51.45398" lon="-122.185518" />
      <trkpt lat="51.453966" lon="-122.185556" />
      <trkpt lat="51.453961" lon="-122.185788" />
      <trkpt lat="51.454024" lon="-122.185998" />
      <trkpt lat="51.454217" lon="-122.186314" />
      <trkpt lat="51.454459" lon="-122.186557" />
      <trkpt lat="51.454733" lon="-122.186832" />
      <trkpt lat="51.455109" lon="-122.187045" />
      <trkpt lat="51.455262" lon="-122.18719" />
      <trkpt lat="51.455338" lon="-122.187336" />
      <trkpt lat="51.455361" lon="-122.187379" />
      <trkpt lat="51.455422" lon="-122.187687" />
      <trkpt lat="51.455445" lon="-122.187999" />
      <trkpt lat="51.455472" lon="-122.188379" />
      <trkpt lat="51.455455" lon="-122.188628" />
      <trkpt lat="51.455442" lon="-122.188818" />
      <trkpt lat="51.455393" lon="-122.189156" />
      <trkpt lat="51.455365" lon="-122.189351" />
      <trkpt lat="51.454992" lon="-122.190946" />
      <trkpt lat="51.454963" lon="-122.191034" />
      <trkpt lat="51.454677" lon="-122.191894" />
      <trkpt lat="51.454622" lon="-122.192223" />
      <trkpt lat="51.454602" lon="-122.192658" />
      <trkpt lat="51.45459" lon="-122.192921" />
      <trkpt lat="51.454543" lon="-122.193354" />
      <trkpt lat="51.454456" lon="-122.193838" />
      <trkpt lat="51.454316" lon="-122.194398" />
      <trkpt lat="51.453622" lon="-122.196027" />
      <trkpt lat="51.453528" lon="-122.196248" />
      <trkpt lat="51.453423" lon="-122.196399" />
      <trkpt lat="51.453247" lon="-122.196654" />
      <trkpt lat="51.453079" lon="-122.197023" />
      <trkpt lat="51.452615" lon="-122.198041" />
      <trkpt lat="51.452588" lon="-122.19813" />
      <trkpt lat="51.452522" lon="-122.198352" />
      <trkpt lat="51.452449" lon="-122.198809" />
      <trkpt lat="51.452425" lon="-122.198962" />
      <trkpt lat="51.452363" lon="-122.199147" />
      <trkpt lat="51.45233" lon="-122.199244" />
      <trkpt lat="51.452177" lon="-122.199453" />
      <trkpt lat="51.45176" lon="-122.199914" />
      <trkpt lat="51.451695" lon="-122.200015" />
      <trkpt lat="51.450859" lon="-122.201319" />
      <trkpt lat="51.450783" lon="-122.201604" />
      <trkpt lat="51.450814" lon="-122.202142" />
      <trkpt lat="51.450792" lon="-122.202288" />
      <trkpt lat="51.450732" lon="-122.202367" />
      <trkpt lat="51.450715" lon="-122.202388" />
      <trkpt lat="51.450593" lon="-122.202411" />
      <trkpt lat="51.45002" lon="-122.202153" />
      <trkpt lat="51.449845" lon="-122.202172" />
      <trkpt lat="51.449734" lon="-122.202242" />
      <trkpt lat="51.449584" lon="-122.202435" />
      <trkpt lat="51.449375" lon="-122.202803" />
      <trkpt lat="51.449207" lon="-122.2031" />
      <trkpt lat="51.44872" lon="-122.20426" />
      <trkpt lat="51.448496" lon="-122.204986" />
      <trkpt lat="51.448377" lon="-122.205586" />
      <trkpt lat="51.448329" lon="-122.205985" />
      <trkpt lat="51.448289" lon="-122.206315" />
      <trkpt lat="51.448155" lon="-122.207413" />
      <trkpt lat="51.44815" lon="-122.208081" />
      <trkpt lat="51.448034" lon="-122.209039" />
      <trkpt lat="51.448029" lon="-122.209679" />
      <trkpt lat="51.447917" lon="-122.210437" />
      <trkpt lat="51.447907" lon="-122.21051" />
      <trkpt lat="51.447922" lon="-122.211094" />
      <trkpt lat="51.448007" lon="-122.21172" />
      <trkpt lat="51.448193" lon="-122.212607" />
      <trkpt lat="51.448359" lon="-122.21308" />
      <trkpt lat="51.448476" lon="-122.213411" />
      <trkpt lat="51.448832" lon="-122.214669" />
      <trkpt lat="51.449675" lon="-122.216631" />
      <trkpt lat="51.450516" lon="-122.218142" />
      <trkpt lat="51.451055" lon="-122.219314" />
      <trkpt lat="51.451774" lon="-122.220303" />
      <trkpt lat="51.452008" lon="-122.220624" />
      <trkpt lat="51.45263" lon="-122.22148" />
      <trkpt lat="51.452643" lon="-122.221497" />
      <trkpt lat="51.45302" lon="-122.221933" />
      <trkpt lat="51.453409" lon="-122.222381" />
      <trkpt lat="51.453507" lon="-122.222517" />
      <trkpt lat="51.454412" lon="-122.223777" />
      <trkpt lat="51.454603" lon="-122.223983" />
      <trkpt lat="51.455244" lon="-122.224675" />
      <trkpt lat="51.455582" lon="-122.22504" />
      <trkpt lat="51.456009" lon="-122.225583" />
      <trkpt lat="51.456066" lon="-122.225655" />
      <trkpt lat="51.456228" lon="-122.225904" />
      <trkpt lat="51.456657" lon="-122.226564" />
      <trkpt lat="51.456819" lon="-122.226849" />
      <trkpt lat="51.457624" lon="-122.228266" />
      <trkpt lat="51.457683" lon="-122.228371" />
      <trkpt lat="51.457856" lon="-122.228615" />
      <trkpt lat="51.458064" lon="-122.228911" />
      <trkpt lat="51.458748" lon="-122.229678" />
      <trkpt lat="51.458854" lon="-122.229771" />
      <trkpt lat="51.460151" lon="-122.230918" />
      <trkpt lat="51.460708" lon="-122.231258" />
      <trkpt lat="51.460773" lon="-122.231298" />
      <trkpt lat="51.461473" lon="-122.231892" />
      <trkpt lat="51.461941" lon="-122.23209" />
      <trkpt lat="51.462002" lon="-122.232141" />
      <trkpt lat="51.463018" lon="-122.232992" />
      <trkpt lat="51.463055" lon="-122.233046" />
      <trkpt lat="51.463264" lon="-122.233353" />
      <trkpt lat="51.463504" lon="-122.233864" />
      <trkpt lat="51.463891" lon="-122.234687" />
      <trkpt lat="51.463956" lon="-122.234825" />
      <trkpt lat="51.46427" lon="-122.235598" />
      <trkpt lat="51.464357" lon="-122.235814" />
      <trkpt lat="51.464469" lon="-122.23621" />
      <trkpt lat="51.464591" lon="-122.236826" />
      <trkpt lat="51.46471" lon="-122.237148" />
      <trkpt lat="51.464864" lon="-122.237394" />
      <trkpt lat="51.465102" lon="-122.237684" />
      <trkpt lat="51.46548" lon="-122.238143" />
      <trkpt lat="51.465734" lon="-122.238301" />
      <trkpt lat="51.467229" lon="-122.238654" />
      <trkpt lat="51.467358" lon="-122.23879" />
      <trkpt lat="51.467409" lon="-122.238844" />
      <trkpt lat="51.467468" lon="-122.238963" />
      <trkpt lat="51.467512" lon="-122.239052" />
      <trkpt lat="51.467561" lon="-122.239321" />
      <trkpt lat="51.467574" lon="-122.23957" />
      <trkpt lat="51.467623" lon="-122.240521" />
      <trkpt lat="51.467771" lon="-122.241613" />
      <trkpt lat="51.467988" lon="-122.242342" />
      <trkpt lat="51.468168" lon="-122.242658" />
      <trkpt lat="51.468439" lon="-122.24292" />
      <trkpt lat="51.468634" lon="-122.243055" />
      <trkpt lat="51.468838" lon="-122.243197" />
      <trkpt lat="51.469453" lon="-122.2438" />
      <trkpt lat="51.469946" lon="-122.244069" />
      <trkpt lat="51.470226" lon="-122.244222" />
      <trkpt lat="51.471068" lon="-122.244561" />
      <trkpt lat="51.471729" lon="-122.244601" />
      <trkpt lat="51.472208" lon="-122.24463" />
      <trkpt lat="51.472326" lon="-122.244679" />
      <trkpt lat="51.472509" lon="-122.244753" />
      <trkpt lat="51.472702" lon="-122.244876" />
      <trkpt lat="51.473487" lon="-122.245371" />
      <trkpt lat="51.474946" lon="-122.246292" />
      <trkpt lat="51.47496" lon="-122.246299" />
      <trkpt lat="51.475658" lon="-122.246634" />
      <trkpt lat="51.47619" lon="-122.246727" />
      <trkpt lat="51.476652" lon="-122.246666" />
      <trkpt lat="51.476685" lon="-122.246678" />
      <trkpt lat="51.476814" lon="-122.246723" />
      <trkpt lat="51.476916" lon="-122.24681" />
      <trkpt lat="51.477014" lon="-122.247009" />
      <trkpt lat="51.47712" lon="-122.247358" />
      <trkpt lat="51.477273" lon="-122.247528" />
      <trkpt lat="51.477567" lon="-122.24771" />
      <trkpt lat="51.477579" lon="-122.247728" />
      <trkpt lat="51.477926" lon="-122.248224" />
      <trkpt lat="51.477983" lon="-122.248305" />
      <trkpt lat="51.478345" lon="-122.248661" />
      <trkpt lat="51.478731" lon="-122.248917" />
      <trkpt lat="51.479186" lon="-122.249071" />
      <trkpt lat="51.479584" lon="-122.249205" />
      <trkpt lat="51.48017" lon="-122.249635" />
      <trkpt lat="51.480779" lon="-122.249833" />
      <trkpt lat="51.4815" lon="-122.249978" />
      <trkpt lat="51.481636" lon="-122.250005" />
      <trkpt lat="51.482091" lon="-122.250096" />
      <trkpt lat="51.482445" lon="-122.250139" />
      <trkpt lat="51.482843" lon="-122.250187" />
      <trkpt lat="51.483084" lon="-122.250279" />
      <trkpt lat="51.483261" lon="-122.250412" />
      <trkpt lat="51.483305" lon="-122.250445" />
      <trkpt lat="51.483528" lon="-122.250749" />
      <trkpt lat="51.483709" lon="-122.251074" />
      <trkpt lat="51.48374" lon="-122.251147" />
      <trkpt lat="51.483845" lon="-122.251398" />
      <trkpt lat="51.483853" lon="-122.251478" />
      <trkpt lat="51.483876" lon="-122.251698" />
      <trkpt lat="51.483851" lon="-122.251975" />
      <trkpt lat="51.483755" lon="-122.252318" />
      <trkpt lat="51.483504" lon="-122.252909" />
      <trkpt lat="51.483457" lon="-122.253228" />
      <trkpt lat="51.483459" lon="-122.25356" />
      <trkpt lat="51.483559" lon="-122.253915" />
      <trkpt lat="51.483787" lon="-122.254387" />
      <trkpt lat="51.48402" lon="-122.254692" />
      <trkpt lat="51.484255" lon="-122.254828" />
      <trkpt lat="51.484459" lon="-122.254883" />
      <trkpt lat="51.484683" lon="-122.254866" />
      <trkpt lat="51.484936" lon="-122.254748" />
      <trkpt lat="51.486463" lon="-122.25394" />
      <trkpt lat="51.486672" lon="-122.253877" />
      <trkpt lat="51.486744" lon="-122.253855" />
      <trkpt lat="51.487008" lon="-122.253838" />
      <trkpt lat="51.487017" lon="-122.253842" />
      <trkpt lat="51.487268" lon="-122.253926" />
      <trkpt lat="51.487469" lon="-122.254068" />
      <trkpt lat="51.487512" lon="-122.254099" />
      <trkpt lat="51.487733" lon="-122.254416" />
      <trkpt lat="51.487882" lon="-122.254739" />
      <trkpt lat="51.488" lon="-122.255192" />
      <trkpt lat="51.488012" lon="-122.255237" />
      <trkpt lat="51.488063" lon="-122.255691" />
      <trkpt lat="51.488059" lon="-122.255988" />
      <trkpt lat="51.488055" lon="-122.256005" />
      <trkpt lat="51.487991" lon="-122.25624" />
      <trkpt lat="51.487894" lon="-122.256414" />
      <trkpt lat="51.487705" lon="-122.25657" />
      <trkpt lat="51.487436" lon="-122.256709" />
      <trkpt lat="51.487284" lon="-122.256888" />
      <trkpt lat="51.487197" lon="-122.257104" />
      <trkpt lat="51.487201" lon="-122.257364" />
      <trkpt lat="51.487303" lon="-122.257637" />
      <trkpt lat="51.487447" lon="-122.257855" />
      <trkpt lat="51.487663" lon="-122.258013" />
      <trkpt lat="51.487786" lon="-122.258064" />
      <trkpt lat="51.488201" lon="-122.258236" />
      <trkpt lat="51.488895" lon="-122.258606" />
      <trkpt lat="51.488957" lon="-122.258619" />
      <trkpt lat="51.490215" lon="-122.258879" />
      <trkpt lat="51.490337" lon="-122.258979" />
      <trkpt lat="51.490408" lon="-122.259117" />
      <trkpt lat="51.490423" lon="-122.259534" />
      <trkpt lat="51.490465" lon="-122.259717" />
      <trkpt lat="51.490679" lon="-122.259956" />
      <trkpt lat="51.49077" lon="-122.2601" />
      <trkpt lat="51.490934" lon="-122.260873" />
      <trkpt lat="51.491024" lon="-122.261049" />
      <trkpt lat="51.491191" lon="-122.261186" />
      <trkpt lat="51.491766" lon="-122.261134" />
      <trkpt lat="51.491801" lon="-122.261131" />
      <trkpt lat="51.492087" lon="-122.261262" />
      <trkpt lat="51.492236" lon="-122.261234" />
      <trkpt lat="51.492359" lon="-122.261166" />
      <trkpt lat="51.49251" lon="-122.260977" />
      <trkpt lat="51.492942" lon="-122.260151" />
      <trkpt lat="51.493006" lon="-122.260065" />
      <trkpt lat="51.49304" lon="-122.260019" />
      <trkpt lat="51.493104" lon="-122.259934" />
      <trkpt lat="51.493349" lon="-122.259606" />
      <trkpt lat="51.493431" lon="-122.25961" />
      <trkpt lat="51.493501" lon="-122.259658" />
      <trkpt lat="51.493655" lon="-122.259973" />
      <trkpt lat="51.493804" lon="-122.260128" />
      <trkpt lat="51.494015" lon="-122.260221" />
      <trkpt lat="51.494076" lon="-122.260248" />
      <trkpt lat="51.494186" lon="-122.260409" />
      <trkpt lat="51.494223" lon="-122.260589" />
      <trkpt lat="51.494224" lon="-122.260752" />
      <trkpt lat="51.494122" lon="-122.261204" />
      <trkpt lat="51.494143" lon="-122.261441" />
      <trkpt lat="51.494228" lon="-122.261618" />
      <trkpt lat="51.494392" lon="-122.261792" />
      <trkpt lat="51.495827" lon="-122.262678" />
      <trkpt lat="51.495995" lon="-122.262834" />
      <trkpt lat="51.497136" lon="-122.263889" />
      <trkpt lat="51.497145" lon="-122.263892" />
      <trkpt lat="51.497385" lon="-122.26399" />
      <trkpt lat="51.497825" lon="-122.263934" />
      <trkpt lat="51.498098" lon="-122.264029" />
      <trkpt lat="51.498445" lon="-122.264348" />
      <trkpt lat="51.498557" lon="-122.264373" />
      <trkpt lat="51.498686" lon="-122.264309" />
      <trkpt lat="51.498845" lon="-122.264115" />
      <trkpt lat="51.498935" lon="-122.264085" />
      <trkpt lat="51.49903" lon="-122.264109" />
      <trkpt lat="51.499126" lon="-122.264286" />
      <trkpt lat="51.499204" lon="-122.264614" />
      <trkpt lat="51.499204" lon="-122.264654" />
      <trkpt lat="51.499203" lon="-122.264838" />
      <trkpt lat="51.498997" lon="-122.265412" />
      <trkpt lat="51.498954" lon="-122.265759" />
      <trkpt lat="51.499003" lon="-122.266102" />
      <trkpt lat="51.49904" lon="-122.266361" />
      <trkpt lat="51.499015" lon="-122.268919" />
      <trkpt lat="51.499014" lon="-122.26896" />
      <trkpt lat="51.499055" lon="-122.26915" />
      <trkpt lat="51.499073" lon="-122.269232" />
      <trkpt lat="51.499156" lon="-122.269443" />
      <trkpt lat="51.499324" lon="-122.269667" />
      <trkpt lat="51.499891" lon="-122.270106" />
      <trkpt lat="51.499966" lon="-122.270141" />
      <trkpt lat="51.499993" lon="-122.270154" />
      <trkpt lat="51.500289" lon="-122.270293" />
      <trkpt lat="51.500546" lon="-122.270318" />
      <trkpt lat="51.500752" lon="-122.270282" />
      <trkpt lat="51.500991" lon="-122.270165" />
      <trkpt lat="51.501393" lon="-122.26983" />
      <trkpt lat="51.501594" lon="-122.269744" />
      <trkpt lat="51.50208" lon="-122.269538" />
      <trkpt lat="51.502617" lon="-122.269478" />
      <trkpt lat="51.50275" lon="-122.269549" />
      <trkpt lat="51.502826" lon="-122.269684" />
      <trkpt lat="51.502837" lon="-122.269882" />
      <trkpt lat="51.502838" lon="-122.2699" />
      <trkpt lat="51.5028" lon="-122.270127" />
      <trkpt lat="51.502703" lon="-122.270347" />
      <trkpt lat="51.502474" lon="-122.270609" />
      <trkpt lat="51.502377" lon="-122.270786" />
      <trkpt lat="51.502329" lon="-122.270971" />
      <trkpt lat="51.50234" lon="-122.271162" />
      <trkpt lat="51.502412" lon="-122.271448" />
      <trkpt lat="51.502645" lon="-122.271873" />
      <trkpt lat="51.50285" lon="-122.27238" />
      <trkpt lat="51.503118" lon="-122.272692" />
      <trkpt lat="51.504113" lon="-122.273304" />
      <trkpt lat="51.505635" lon="-122.273942" />
      <trkpt lat="51.506133" lon="-122.274058" />
      <trkpt lat="51.506175" lon="-122.27406" />
      <trkpt lat="51.508334" lon="-122.274176" />
      <trkpt lat="51.508477" lon="-122.274184" />
      <trkpt lat="51.509324" lon="-122.274105" />
      <trkpt lat="51.510018" lon="-122.27414" />
      <trkpt lat="51.511034" lon="-122.273997" />
      <trkpt lat="51.511129" lon="-122.27393" />
      <trkpt lat="51.511195" lon="-122.273883" />
      <trkpt lat="51.511292" lon="-122.27369" />
      <trkpt lat="51.511357" lon="-122.273342" />
      <trkpt lat="51.511413" lon="-122.273232" />
      <trkpt lat="51.511458" lon="-122.273214" />
      <trkpt lat="51.511506" lon="-122.273195" />
      <trkpt lat="51.511603" lon="-122.273255" />
      <trkpt lat="51.511844" lon="-122.273632" />
      <trkpt lat="51.511986" lon="-122.273718" />
      <trkpt lat="51.512212" lon="-122.273759" />
      <trkpt lat="51.513207" lon="-122.273766" />
      <trkpt lat="51.514178" lon="-122.273772" />
      <trkpt lat="51.51428" lon="-122.273772" />
      <trkpt lat="51.515748" lon="-122.273883" />
      <trkpt lat="51.515969" lon="-122.273818" />
      <trkpt lat="51.516071" lon="-122.273733" />
      <trkpt lat="51.516137" lon="-122.273573" />
      <trkpt lat="51.516136" lon="-122.273364" />
      <trkpt lat="51.516043" lon="-122.273009" />
      <trkpt lat="51.516046" lon="-122.272814" />
      <trkpt lat="51.516094" lon="-122.272672" />
      <trkpt lat="51.516171" lon="-122.272591" />
      <trkpt lat="51.516258" lon="-122.272572" />
      <trkpt lat="51.516361" lon="-122.272693" />
      <trkpt lat="51.517211" lon="-122.273899" />
      <trkpt lat="51.517368" lon="-122.274122" />
      <trkpt lat="51.517497" lon="-122.274186" />
      <trkpt lat="51.517676" lon="-122.274151" />
      <trkpt lat="51.517738" lon="-122.274173" />
      <trkpt lat="51.517779" lon="-122.274188" />
      <trkpt lat="51.517861" lon="-122.274307" />
      <trkpt lat="51.517998" lon="-122.274694" />
      <trkpt lat="51.518139" lon="-122.274837" />
      <trkpt lat="51.518305" lon="-122.274902" />
      <trkpt lat="51.518734" lon="-122.274919" />
      <trkpt lat="51.518934" lon="-122.274975" />
      <trkpt lat="51.519088" lon="-122.275077" />
      <trkpt lat="51.519416" lon="-122.275295" />
      <trkpt lat="51.519582" lon="-122.275331" />
      <trkpt lat="51.519749" lon="-122.275314" />
      <trkpt lat="51.519824" lon="-122.275373" />
      <trkpt lat="51.520091" lon="-122.275579" />
      <trkpt lat="51.520235" lon="-122.275608" />
      <trkpt lat="51.520438" lon="-122.275516" />
      <trkpt lat="51.520586" lon="-122.275515" />
      <trkpt lat="51.52069" lon="-122.275621" />
      <trkpt lat="51.520796" lon="-122.275908" />
      <trkpt lat="51.520907" lon="-122.276069" />
      <trkpt lat="51.521058" lon="-122.276157" />
      <trkpt lat="51.521616" lon="-122.276312" />
      <trkpt lat="51.521792" lon="-122.276413" />
      <trkpt lat="51.52192" lon="-122.276428" />
      <trkpt lat="51.522111" lon="-122.276278" />
      <trkpt lat="51.522124" lon="-122.276278" />
      <trkpt lat="51.522201" lon="-122.276282" />
      <trkpt lat="51.522413" lon="-122.276421" />
      <trkpt lat="51.523072" lon="-122.27651" />
      <trkpt lat="51.523368" lon="-122.276634" />
      <trkpt lat="51.523677" lon="-122.276684" />
      <trkpt lat="51.523848" lon="-122.276711" />
      <trkpt lat="51.523909" lon="-122.27675" />
      <trkpt lat="51.524618" lon="-122.277195" />
      <trkpt lat="51.524791" lon="-122.277233" />
      <trkpt lat="51.524941" lon="-122.277177" />
      <trkpt lat="51.525214" lon="-122.276983" />
      <trkpt lat="51.525308" lon="-122.276988" />
      <trkpt lat="51.525318" lon="-122.276989" />
      <trkpt lat="51.525385" lon="-122.277051" />
      <trkpt lat="51.525421" lon="-122.277185" />
      <trkpt lat="51.525412" lon="-122.277526" />
      <trkpt lat="51.525466" lon="-122.277709" />
      <trkpt lat="51.525583" lon="-122.277836" />
      <trkpt lat="51.525989" lon="-122.2779" />
      <trkpt lat="51.526251" lon="-122.278098" />
      <trkpt lat="51.526272" lon="-122.27812" />
      <trkpt lat="51.52685" lon="-122.278757" />
      <trkpt lat="51.526856" lon="-122.278766" />
      <trkpt lat="51.527011" lon="-122.279004" />
      <trkpt lat="51.527228" lon="-122.279334" />
      <trkpt lat="51.527583" lon="-122.280176" />
      <trkpt lat="51.527603" lon="-122.280223" />
      <trkpt lat="51.527747" lon="-122.280767" />
      <trkpt lat="51.527779" lon="-122.280961" />
      <trkpt lat="51.527817" lon="-122.281188" />
      <trkpt lat="51.52787" lon="-122.281816" />
      <trkpt lat="51.527972" lon="-122.282302" />
      <trkpt lat="51.528061" lon="-122.282585" />
      <trkpt lat="51.528097" lon="-122.2827" />
      <trkpt lat="51.528245" lon="-122.282991" />
      <trkpt lat="51.528406" lon="-122.283194" />
      <trkpt lat="51.528668" lon="-122.283396" />
      <trkpt lat="51.528964" lon="-122.283511" />
      <trkpt lat="51.530275" lon="-122.28374" />
      <trkpt lat="51.530546" lon="-122.283842" />
      <trkpt lat="51.530614" lon="-122.28389" />
      <trkpt lat="51.531029" lon="-122.284187" />
      <trkpt lat="51.531291" lon="-122.284309" />
      <trkpt lat="51.531332" lon="-122.284395" />
      <trkpt lat="51.531317" lon="-122.284488" />
      <trkpt lat="51.531267" lon="-122.284538" />
      <trkpt lat="51.5312" lon="-122.284541" />
      <trkpt lat="51.530613" lon="-122.284229" />
      <trkpt lat="51.530501" lon="-122.284204" />
      <trkpt lat="51.530234" lon="-122.284146" />
      <trkpt lat="51.529132" lon="-122.284239" />
      <trkpt lat="51.52823" lon="-122.284141" />
      <trkpt lat="51.5279" lon="-122.283938" />
      <trkpt lat="51.527817" lon="-122.28401" />
      <trkpt lat="51.527772" lon="-122.284093" />
      <trkpt lat="51.527748" lon="-122.284136" />
      <trkpt lat="51.527718" lon="-122.284243" />
      <trkpt lat="51.52724" lon="-122.285936" />
      <trkpt lat="51.527213" lon="-122.286029" />
      <trkpt lat="51.527226" lon="-122.286163" />
      <trkpt lat="51.527283" lon="-122.286237" />
      <trkpt lat="51.527573" lon="-122.286314" />
      <trkpt lat="51.528242" lon="-122.286893" />
      <trkpt lat="51.528546" lon="-122.287082" />
      <trkpt lat="51.529375" lon="-122.287593" />
      <trkpt lat="51.529644" lon="-122.287826" />
      <trkpt lat="51.529877" lon="-122.288133" />
      <trkpt lat="51.529922" lon="-122.288205" />
      <trkpt lat="51.530115" lon="-122.288513" />
      <trkpt lat="51.530162" lon="-122.288618" />
      <trkpt lat="51.530509" lon="-122.2894" />
      <trkpt lat="51.530526" lon="-122.289504" />
      <trkpt lat="51.530501" lon="-122.289608" />
      <trkpt lat="51.530454" lon="-122.289662" />
      <trkpt lat="51.530367" lon="-122.289648" />
      <trkpt lat="51.530153" lon="-122.28937" />
      <trkpt lat="51.530018" lon="-122.289276" />
      <trkpt lat="51.529359" lon="-122.289148" />
      <trkpt lat="51.5291" lon="-122.289224" />
      <trkpt lat="51.528883" lon="-122.289407" />
      <trkpt lat="51.528772" lon="-122.289453" />
      <trkpt lat="51.528649" lon="-122.289417" />
      <trkpt lat="51.528556" lon="-122.289302" />
      <trkpt lat="51.528374" lon="-122.288869" />
      <trkpt lat="51.528231" lon="-122.288704" />
      <trkpt lat="51.527933" lon="-122.288521" />
      <trkpt lat="51.52767" lon="-122.288189" />
      <trkpt lat="51.527555" lon="-122.288108" />
      <trkpt lat="51.527451" lon="-122.288097" />
      <trkpt lat="51.52682" lon="-122.288781" />
      <trkpt lat="51.526489" lon="-122.289057" />
      <trkpt lat="51.525777" lon="-122.289529" />
      <trkpt lat="51.525619" lon="-122.289697" />
      <trkpt lat="51.525522" lon="-122.289859" />
      <trkpt lat="51.525458" lon="-122.290086" />
      <trkpt lat="51.525443" lon="-122.290458" />
      <trkpt lat="51.525522" lon="-122.290989" />
      <trkpt lat="51.525588" lon="-122.291159" />
      <trkpt lat="51.525671" lon="-122.291243" />
      <trkpt lat="51.525794" lon="-122.291276" />
      <trkpt lat="51.526147" lon="-122.291091" />
      <trkpt lat="51.52712" lon="-122.291037" />
      <trkpt lat="51.527645" lon="-122.291048" />
      <trkpt lat="51.527874" lon="-122.29114" />
      <trkpt lat="51.528064" lon="-122.291309" />
      <trkpt lat="51.528253" lon="-122.291585" />
      <trkpt lat="51.528535" lon="-122.292136" />
      <trkpt lat="51.528765" lon="-122.292695" />
      <trkpt lat="51.528935" lon="-122.293215" />
      <trkpt lat="51.529055" lon="-122.293721" />
      <trkpt lat="51.529113" lon="-122.294128" />
      <trkpt lat="51.52912" lon="-122.29449" />
      <trkpt lat="51.529096" lon="-122.294979" />
      <trkpt lat="51.529114" lon="-122.295134" />
      <trkpt lat="51.52913" lon="-122.295268" />
      <trkpt lat="51.5292" lon="-122.295488" />
      <trkpt lat="51.529558" lon="-122.296058" />
      <trkpt lat="51.529659" lon="-122.296322" />
      <trkpt lat="51.529901" lon="-122.297133" />
      <trkpt lat="51.529936" lon="-122.297326" />
      <trkpt lat="51.529928" lon="-122.297485" />
      <trkpt lat="51.529882" lon="-122.297606" />
      <trkpt lat="51.529782" lon="-122.297714" />
      <trkpt lat="51.529503" lon="-122.297874" />
      <trkpt lat="51.529396" lon="-122.297996" />
      <trkpt lat="51.529315" lon="-122.298169" />
      <trkpt lat="51.529242" lon="-122.298493" />
      <trkpt lat="51.529231" lon="-122.298742" />
      <trkpt lat="51.529214" lon="-122.299156" />
      <trkpt lat="51.529081" lon="-122.299638" />
      <trkpt lat="51.529061" lon="-122.299838" />
      <trkpt lat="51.529075" lon="-122.300071" />
      <trkpt lat="51.529114" lon="-122.300226" />
      <trkpt lat="51.529277" lon="-122.300882" />
      <trkpt lat="51.529357" lon="-122.30141" />
      <trkpt lat="51.529371" lon="-122.302334" />
      <trkpt lat="51.529384" lon="-122.302418" />
      <trkpt lat="51.529428" lon="-122.302719" />
      <trkpt lat="51.529562" lon="-122.303088" />
      <trkpt lat="51.529645" lon="-122.303228" />
      <trkpt lat="51.530274" lon="-122.304288" />
      <trkpt lat="51.530345" lon="-122.304528" />
      <trkpt lat="51.530381" lon="-122.304788" />
      <trkpt lat="51.530386" lon="-122.305095" />
      <trkpt lat="51.530357" lon="-122.305625" />
      <trkpt lat="51.530352" lon="-122.30571" />
      <trkpt lat="51.530371" lon="-122.306072" />
      <trkpt lat="51.53044" lon="-122.306384" />
      <trkpt lat="51.530519" lon="-122.306602" />
      <trkpt lat="51.530703" lon="-122.306966" />
      <trkpt lat="51.530833" lon="-122.307645" />
      <trkpt lat="51.530932" lon="-122.307926" />
      <trkpt lat="51.531206" lon="-122.308398" />
      <trkpt lat="51.531457" lon="-122.309055" />
      <trkpt lat="51.531776" lon="-122.309572" />
      <trkpt lat="51.531827" lon="-122.309754" />
      <trkpt lat="51.531826" lon="-122.309913" />
      <trkpt lat="51.531787" lon="-122.310032" />
      <trkpt lat="51.531709" lon="-122.310125" />
      <trkpt lat="51.531531" lon="-122.310214" />
      <trkpt lat="51.531455" lon="-122.310317" />
      <trkpt lat="51.531406" lon="-122.310469" />
      <trkpt lat="51.531415" lon="-122.310684" />
      <trkpt lat="51.531609" lon="-122.31106" />
      <trkpt lat="51.531689" lon="-122.311302" />
      <trkpt lat="51.531722" lon="-122.31154" />
      <trkpt lat="51.531687" lon="-122.311984" />
      <trkpt lat="51.531715" lon="-122.312141" />
      <trkpt lat="51.531779" lon="-122.312273" />
      <trkpt lat="51.531871" lon="-122.312385" />
      <trkpt lat="51.532148" lon="-122.312593" />
      <trkpt lat="51.532313" lon="-122.31282" />
      <trkpt lat="51.532439" lon="-122.313089" />
      <trkpt lat="51.532601" lon="-122.313538" />
      <trkpt lat="51.532763" lon="-122.313813" />
      <trkpt lat="51.533013" lon="-122.314086" />
      <trkpt lat="51.533124" lon="-122.3143" />
      <trkpt lat="51.533248" lon="-122.314815" />
      <trkpt lat="51.533254" lon="-122.314839" />
      <trkpt lat="51.533346" lon="-122.315053" />
      <trkpt lat="51.533365" lon="-122.315081" />
      <trkpt lat="51.533473" lon="-122.315235" />
      <trkpt lat="51.533864" lon="-122.315648" />
      <trkpt lat="51.533898" lon="-122.315684" />
      <trkpt lat="51.534257" lon="-122.315805" />
      <trkpt lat="51.534481" lon="-122.315934" />
      <trkpt lat="51.534623" lon="-122.315951" />
      <trkpt lat="51.535287" lon="-122.315729" />
      <trkpt lat="51.535401" lon="-122.31564" />
      <trkpt lat="51.535639" lon="-122.315215" />
      <trkpt lat="51.535813" lon="-122.315039" />
      <trkpt lat="51.536046" lon="-122.314926" />
      <trkpt lat="51.536498" lon="-122.314814" />
      <trkpt lat="51.536515" lon="-122.31481" />
      <trkpt lat="51.536536" lon="-122.31481" />
      <trkpt lat="51.536718" lon="-122.314811" />
      <trkpt lat="51.537412" lon="-122.315003" />
      <trkpt lat="51.538406" lon="-122.31507" />
      <trkpt lat="51.538542" lon="-122.315135" />
      <trkpt lat="51.538622" lon="-122.315234" />
      <trkpt lat="51.538691" lon="-122.31539" />
      <trkpt lat="51.538742" lon="-122.315632" />
      <trkpt lat="51.538814" lon="-122.316583" />
      <trkpt lat="51.538879" lon="-122.317022" />
      <trkpt lat="51.538969" lon="-122.317304" />
      <trkpt lat="51.539101" lon="-122.317505" />
      <trkpt lat="51.539248" lon="-122.317656" />
      <trkpt lat="51.539399" lon="-122.317745" />
      <trkpt lat="51.540204" lon="-122.317878" />
      <trkpt lat="51.540287" lon="-122.317892" />
      <trkpt lat="51.540551" lon="-122.31788" />
      <trkpt lat="51.540915" lon="-122.317737" />
      <trkpt lat="51.541047" lon="-122.317776" />
      <trkpt lat="51.541149" lon="-122.31788" />
      <trkpt lat="51.541239" lon="-122.318064" />
      <trkpt lat="51.541567" lon="-122.319265" />
      <trkpt lat="51.541682" lon="-122.319534" />
      <trkpt lat="51.541823" lon="-122.319736" />
      <trkpt lat="51.54298" lon="-122.32075" />
      <trkpt lat="51.543433" lon="-122.321147" />
      <trkpt lat="51.544634" lon="-122.321979" />
      <trkpt lat="51.544645" lon="-122.321994" />
      <trkpt lat="51.544798" lon="-122.322191" />
      <trkpt lat="51.544957" lon="-122.322592" />
      <trkpt lat="51.544979" lon="-122.322671" />
      <trkpt lat="51.545069" lon="-122.322998" />
      <trkpt lat="51.545095" lon="-122.323335" />
      <trkpt lat="51.545098" lon="-122.323841" />
      <trkpt lat="51.545152" lon="-122.324116" />
      <trkpt lat="51.545657" lon="-122.325411" />
      <trkpt lat="51.545949" lon="-122.325968" />
      <trkpt lat="51.546572" lon="-122.326794" />
      <trkpt lat="51.546901" lon="-122.327348" />
      <trkpt lat="51.547007" lon="-122.327593" />
      <trkpt lat="51.547022" lon="-122.327627" />
      <trkpt lat="51.547155" lon="-122.328249" />
      <trkpt lat="51.547278" lon="-122.328596" />
      <trkpt lat="51.547531" lon="-122.329052" />
      <trkpt lat="51.547943" lon="-122.330138" />
      <trkpt lat="51.548163" lon="-122.330568" />
      <trkpt lat="51.548376" lon="-122.330887" />
      <trkpt lat="51.548834" lon="-122.331452" />
      <trkpt lat="51.549547" lon="-122.332601" />
      <trkpt lat="51.549627" lon="-122.33273" />
      <trkpt lat="51.54979" lon="-122.332919" />
      <trkpt lat="51.550423" lon="-122.33403" />
      <trkpt lat="51.550857" lon="-122.334695" />
      <trkpt lat="51.551065" lon="-122.334892" />
      <trkpt lat="51.551222" lon="-122.334965" />
      <trkpt lat="51.551368" lon="-122.334965" />
      <trkpt lat="51.552023" lon="-122.334602" />
      <trkpt lat="51.552144" lon="-122.334578" />
      <trkpt lat="51.55221" lon="-122.334601" />
      <trkpt lat="51.552242" lon="-122.334613" />
      <trkpt lat="51.552305" lon="-122.334719" />
      <trkpt lat="51.552346" lon="-122.334867" />
      <trkpt lat="51.552357" lon="-122.335066" />
      <trkpt lat="51.552258" lon="-122.335735" />
      <trkpt lat="51.55224" lon="-122.336182" />
      <trkpt lat="51.552315" lon="-122.337152" />
      <trkpt lat="51.552297" lon="-122.337403" />
      <trkpt lat="51.552193" lon="-122.337812" />
      <trkpt lat="51.552157" lon="-122.33822" />
      <trkpt lat="51.552158" lon="-122.338658" />
      <trkpt lat="51.552205" lon="-122.339153" />
      <trkpt lat="51.552459" lon="-122.340306" />
      <trkpt lat="51.552843" lon="-122.341684" />
      <trkpt lat="51.553081" lon="-122.342751" />
      <trkpt lat="51.55343" lon="-122.345088" />
      <trkpt lat="51.553682" lon="-122.346586" />
      <trkpt lat="51.554726" lon="-122.34959" />
      <trkpt lat="51.550999" lon="-122.354361" />
      <trkpt lat="51.550773" lon="-122.354943" />
      <trkpt lat="51.550615" lon="-122.35745" />
      <trkpt lat="51.550321" lon="-122.358122" />
      <trkpt lat="51.549699" lon="-122.358849" />
      <trkpt lat="51.548886" lon="-122.358867" />
      <trkpt lat="51.548219" lon="-122.359085" />
      <trkpt lat="51.547383" lon="-122.360212" />
      <trkpt lat="51.545779" lon="-122.360902" />
      <trkpt lat="51.545225" lon="-122.360648" />
      <trkpt lat="51.544253" lon="-122.360539" />
      <trkpt lat="51.543598" lon="-122.360811" />
      <trkpt lat="51.543135" lon="-122.36152" />
      <trkpt lat="51.542988" lon="-122.362283" />
      <trkpt lat="51.543044" lon="-122.363028" />
      <trkpt lat="51.544332" lon="-122.367043" />
      <trkpt lat="51.544502" lon="-122.367843" />
      <trkpt lat="51.544479" lon="-122.368987" />
      <trkpt lat="51.544061" lon="-122.369859" />
      <trkpt lat="51.543259" lon="-122.370768" />
      <trkpt lat="51.54292" lon="-122.371277" />
      <trkpt lat="51.542728" lon="-122.372748" />
      <trkpt lat="51.542976" lon="-122.37382" />
      <trkpt lat="51.54327" lon="-122.375728" />
      <trkpt lat="51.543202" lon="-122.376637" />
      <trkpt lat="51.543282" lon="-122.37829" />
      <trkpt lat="51.543541" lon="-122.378926" />
      <trkpt lat="51.544773" lon="-122.380034" />
      <trkpt lat="51.545677" lon="-122.380634" />
      <trkpt lat="51.546649" lon="-122.383214" />
      <trkpt lat="51.546841" lon="-122.384122" />
      <trkpt lat="51.546637" lon="-122.384649" />
      <trkpt lat="51.546265" lon="-122.384885" />
      <trkpt lat="51.545745" lon="-122.384631" />
      <trkpt lat="51.545451" lon="-122.384686" />
      <trkpt lat="51.545248" lon="-122.384867" />
      <trkpt lat="51.545123" lon="-122.385558" />
      <trkpt lat="51.545338" lon="-122.388047" />
      <trkpt lat="51.544739" lon="-122.390681" />
      <trkpt lat="51.5444" lon="-122.392208" />
      <trkpt lat="51.544412" lon="-122.393316" />
      <trkpt lat="51.544513" lon="-122.393588" />
      <trkpt lat="51.545462" lon="-122.394497" />
      <trkpt lat="51.546016" lon="-122.395042" />
      <trkpt lat="51.546434" lon="-122.396023" />
      <trkpt lat="51.546773" lon="-122.397368" />
      <trkpt lat="51.546739" lon="-122.398748" />
      <trkpt lat="51.546152" lon="-122.401928" />
      <trkpt lat="51.545508" lon="-122.4034" />
      <trkpt lat="51.545135" lon="-122.404653" />
      <trkpt lat="51.544773" lon="-122.407143" />
      <trkpt lat="51.544728" lon="-122.40896" />
      <trkpt lat="51.54483" lon="-122.41025" />
      <trkpt lat="51.546163" lon="-122.417172" />
      <trkpt lat="51.546174" lon="-122.418426" />
      <trkpt lat="51.545643" lon="-122.42086" />
      <trkpt lat="51.544762" lon="-122.427419" />
      <trkpt lat="51.544841" lon="-122.428092" />
      <trkpt lat="51.545022" lon="-122.428837" />
      <trkpt lat="51.54492" lon="-122.429545" />
      <trkpt lat="51.544186" lon="-122.431762" />
      <trkpt lat="51.543677" lon="-122.434324" />
      <trkpt lat="51.543677" lon="-122.438357" />
      <trkpt lat="51.543993" lon="-122.444208" />
      <trkpt lat="51.544502" lon="-122.44597" />
      <trkpt lat="51.54466" lon="-122.446842" />
      <trkpt lat="51.544344" lon="-122.449768" />
      <trkpt lat="51.54457" lon="-122.457435" />
      <trkpt lat="51.54518" lon="-122.464612" />
      <trkpt lat="51.546253" lon="-122.468064" />
      <trkpt lat="51.54657" lon="-122.468573" />
      <trkpt lat="51.547123" lon="-122.468991" />
      <trkpt lat="51.547971" lon="-122.469299" />
      <trkpt lat="51.548536" lon="-122.470063" />
      <trkpt lat="51.549383" lon="-122.471988" />
      <trkpt lat="51.550185" lon="-122.475749" />
      <trkpt lat="51.551823" lon="-122.480056" />
      <trkpt lat="51.552964" lon="-122.483817" />
      <trkpt lat="51.553281" lon="-122.486578" />
      <trkpt lat="51.553349" lon="-122.487341" />
      <trkpt lat="51.553089" lon="-122.488395" />
      <trkpt lat="51.552897" lon="-122.489685" />
      <trkpt lat="51.553077" lon="-122.490412" />
      <trkpt lat="51.554535" lon="-122.49192" />
      <trkpt lat="51.554772" lon="-122.492938" />
      <trkpt lat="51.554704" lon="-122.493973" />
      <trkpt lat="51.554693" lon="-122.4953" />
      <trkpt lat="51.55493" lon="-122.496099" />
      <trkpt lat="51.555552" lon="-122.496971" />
      <trkpt lat="51.556241" lon="-122.497825" />
      <trkpt lat="51.556704" lon="-122.498952" />
      <trkpt lat="51.557348" lon="-122.500187" />
      <trkpt lat="51.557574" lon="-122.501095" />
      <trkpt lat="51.557495" lon="-122.50155" />
      <trkpt lat="51.55737" lon="-122.501695" />
      <trkpt lat="51.557201" lon="-122.501677" />
      <trkpt lat="51.556817" lon="-122.501368" />
      <trkpt lat="51.556342" lon="-122.500914" />
      <trkpt lat="51.555902" lon="-122.500841" />
      <trkpt lat="51.555665" lon="-122.50135" />
      <trkpt lat="51.555111" lon="-122.503439" />
      <trkpt lat="51.554377" lon="-122.505638" />
      <trkpt lat="51.553473" lon="-122.507328" />
      <trkpt lat="51.553258" lon="-122.507982" />
      <trkpt lat="51.553066" lon="-122.509508" />
      <trkpt lat="51.552953" lon="-122.509726" />
      <trkpt lat="51.552716" lon="-122.509744" />
      <trkpt lat="51.551383" lon="-122.508872" />
      <trkpt lat="51.550942" lon="-122.508254" />
      <trkpt lat="51.54988" lon="-122.505311" />
      <trkpt lat="51.549586" lon="-122.504638" />
      <trkpt lat="51.549225" lon="-122.504493" />
      <trkpt lat="51.547123" lon="-122.504021" />
      <trkpt lat="51.546875" lon="-122.504293" />
      <trkpt lat="51.546592" lon="-122.505365" />
      <trkpt lat="51.546491" lon="-122.506655" />
      <trkpt lat="51.546525" lon="-122.526841" />
      <trkpt lat="51.546502" lon="-122.527822" />
      <trkpt lat="51.545383" lon="-122.53618" />
      <trkpt lat="51.545417" lon="-122.53678" />
      <trkpt lat="51.546027" lon="-122.538724" />
      <trkpt lat="51.54605" lon="-122.539305" />
      <trkpt lat="51.545033" lon="-122.547718" />
      <trkpt lat="51.544491" lon="-122.563706" />
      <trkpt lat="51.54414" lon="-122.573136" />
      <trkpt lat="51.544366" lon="-122.575444" />
      <trkpt lat="51.543496" lon="-122.593431" />
      <trkpt lat="51.543327" lon="-122.594194" />
      <trkpt lat="51.540264" lon="-122.600626" />
      <trkpt lat="51.539824" lon="-122.601535" />
      <trkpt lat="51.539372" lon="-122.602298" />
      <trkpt lat="51.538581" lon="-122.603134" />
      <trkpt lat="51.538388" lon="-122.603788" />
      <trkpt lat="51.538377" lon="-122.604678" />
      <trkpt lat="51.538242" lon="-122.605405" />
      <trkpt lat="51.537903" lon="-122.606077" />
      <trkpt lat="51.537304" lon="-122.606368" />
      <trkpt lat="51.53597" lon="-122.608039" />
      <trkpt lat="51.535812" lon="-122.60873" />
      <trkpt lat="51.535846" lon="-122.609202" />
      <trkpt lat="51.537247" lon="-122.611909" />
      <trkpt lat="51.542322" lon="-122.642764" />
      <trkpt lat="51.549593" lon="-122.643834" />
      <trkpt lat="51.553578" lon="-122.644386" />
      <trkpt lat="51.553921" lon="-122.644265" />
      <trkpt lat="51.557837" lon="-122.641121" />
      <trkpt lat="51.564475" lon="-122.635948" />
      <trkpt lat="51.565428" lon="-122.635131" />
      <trkpt lat="51.565716" lon="-122.634712" />
      <trkpt lat="51.568424" lon="-122.62912" />
      <trkpt lat="51.570804" lon="-122.624366" />
      <trkpt lat="51.571215" lon="-122.623836" />
      <trkpt lat="51.572058" lon="-122.622943" />
      <trkpt lat="51.572463" lon="-122.622303" />
      <trkpt lat="51.573669" lon="-122.61938" />
      <trkpt lat="51.574245" lon="-122.618464" />
      <trkpt lat="51.576295" lon="-122.615784" />
      <trkpt lat="51.581134" lon="-122.609254" />
      <trkpt lat="51.581971" lon="-122.608371" />
      <trkpt lat="51.582978" lon="-122.607588" />
      <trkpt lat="51.58572" lon="-122.605669" />
      <trkpt lat="51.590243" lon="-122.602614" />
      <trkpt lat="51.590723" lon="-122.602492" />
      <trkpt lat="51.595136" lon="-122.602128" />
      <trkpt lat="51.597013" lon="-122.601952" />
      <trkpt lat="51.601234" lon="-122.602812" />
      <trkpt lat="51.603782" lon="-122.60332" />
      <trkpt lat="51.604447" lon="-122.603595" />
      <trkpt lat="51.605153" lon="-122.604478" />
      <trkpt lat="51.61001" lon="-122.610842" />
      <trkpt lat="51.6104" lon="-122.611879" />
      <trkpt lat="51.612558" lon="-122.616876" />
      <trkpt lat="51.614263" lon="-122.620726" />
      <trkpt lat="51.615886" lon="-122.624972" />
      <trkpt lat="51.618229" lon="-122.632341" />
      <trkpt lat="51.618873" lon="-122.633907" />
      <trkpt lat="51.619777" lon="-122.636168" />
      <trkpt lat="51.62053" lon="-122.637514" />
      <trkpt lat="51.621345" lon="-122.638518" />
      <trkpt lat="51.62292" lon="-122.640051" />
      <trkpt lat="51.624495" lon="-122.641331" />
      <trkpt lat="51.624844" lon="-122.641882" />
      <trkpt lat="51.626132" lon="-122.643879" />
      <trkpt lat="51.628806" lon="-122.648461" />
      <trkpt lat="51.63027" lon="-122.649582" />
      <trkpt lat="51.633108" lon="-122.652943" />
      <trkpt lat="51.633876" lon="-122.653372" />
      <trkpt lat="51.635364" lon="-122.653438" />
      <trkpt lat="51.63614" lon="-122.653268" />
      <trkpt lat="51.636471" lon="-122.652917" />
      <trkpt lat="51.636771" lon="-122.652213" />
      <trkpt lat="51.637975" lon="-122.648136" />
      <trkpt lat="51.639002" lon="-122.643368" />
      <trkpt lat="51.640004" lon="-122.641097" />
      <trkpt lat="51.640174" lon="-122.64071" />
      <trkpt lat="51.641007" lon="-122.638861" />
      <trkpt lat="51.641201" lon="-122.636998" />
      <trkpt lat="51.641419" lon="-122.632113" />
      <trkpt lat="51.641177" lon="-122.631096" />
      <trkpt lat="51.640845" lon="-122.62995" />
      <trkpt lat="51.640789" lon="-122.629312" />
      <trkpt lat="51.64087" lon="-122.62866" />
      <trkpt lat="51.641435" lon="-122.626759" />
      <trkpt lat="51.641985" lon="-122.624661" />
      <trkpt lat="51.642034" lon="-122.623749" />
      <trkpt lat="51.641993" lon="-122.622668" />
      <trkpt lat="51.642018" lon="-122.622238" />
      <trkpt lat="51.642276" lon="-122.621444" />
      <trkpt lat="51.642721" lon="-122.620467" />
      <trkpt lat="51.64285" lon="-122.619737" />
      <trkpt lat="51.643157" lon="-122.618786" />
      <trkpt lat="51.643667" lon="-122.617601" />
      <trkpt lat="51.64458" lon="-122.616389" />
      <trkpt lat="51.645485" lon="-122.615829" />
      <trkpt lat="51.646156" lon="-122.615581" />
      <trkpt lat="51.650384" lon="-122.614188" />
      <trkpt lat="51.65099" lon="-122.61424" />
      <trkpt lat="51.651831" lon="-122.6145" />
      <trkpt lat="51.653859" lon="-122.615581" />
      <trkpt lat="51.655807" lon="-122.617705" />
      <trkpt lat="51.656922" lon="-122.619242" />
      <trkpt lat="51.657569" lon="-122.62031" />
      <trkpt lat="51.658773" lon="-122.621587" />
      <trkpt lat="51.660171" lon="-122.622759" />
      <trkpt lat="51.662134" lon="-122.623919" />
      <trkpt lat="51.663169" lon="-122.624349" />
      <trkpt lat="51.664268" lon="-122.624831" />
      <trkpt lat="51.665076" lon="-122.625521" />
      <trkpt lat="51.6667" lon="-122.62642" />
      <trkpt lat="51.66981" lon="-122.627788" />
      <trkpt lat="51.673704" lon="-122.630028" />
      <trkpt lat="51.675045" lon="-122.630992" />
      <trkpt lat="51.677477" lon="-122.633181" />
      <trkpt lat="51.679609" lon="-122.633754" />
      <trkpt lat="51.680183" lon="-122.63408" />
      <trkpt lat="51.681997" lon="-122.635588" />
      <trkpt lat="51.682929" lon="-122.636812" />
      <trkpt lat="51.683847" lon="-122.63855" />
      <trkpt lat="51.684312" lon="-122.639429" />
      <trkpt lat="51.68622" lon="-122.641134" />
      <trkpt lat="51.688128" lon="-122.643052" />
      <trkpt lat="51.689425" lon="-122.644651" />
      <trkpt lat="51.690523" lon="-122.646153" />
      <trkpt lat="51.691235" lon="-122.646775" />
      <trkpt lat="51.692259" lon="-122.647237" />
      <trkpt lat="51.69317" lon="-122.647494" />
      <trkpt lat="51.694453" lon="-122.647719" />
      <trkpt lat="51.69599" lon="-122.648256" />
      <trkpt lat="51.696774" lon="-122.648352" />
      <trkpt lat="51.697326" lon="-122.648256" />
      <trkpt lat="51.697998" lon="-122.64802" />
      <trkpt lat="51.698836" lon="-122.648095" />
      <trkpt lat="51.699428" lon="-122.648331" />
      <trkpt lat="51.700365" lon="-122.649243" />
      <trkpt lat="51.701781" lon="-122.651238" />
      <trkpt lat="51.703178" lon="-122.65259" />
      <trkpt lat="51.703982" lon="-122.653245" />
      <trkpt lat="51.704508" lon="-122.653577" />
      <trkpt lat="51.705252" lon="-122.653813" />
      <trkpt lat="51.70613" lon="-122.653867" />
      <trkpt lat="51.707154" lon="-122.653631" />
      <trkpt lat="51.707892" lon="-122.653438" />
      <trkpt lat="51.70974" lon="-122.653856" />
      <trkpt lat="51.710425" lon="-122.654092" />
      <trkpt lat="51.710983" lon="-122.654103" />
      <trkpt lat="51.712226" lon="-122.653545" />
      <trkpt lat="51.716813" lon="-122.650777" />
      <trkpt lat="51.719319" lon="-122.649254" />
      <trkpt lat="51.720216" lon="-122.648696" />
      <trkpt lat="51.721053" lon="-122.648159" />
      <trkpt lat="51.721645" lon="-122.647913" />
      <trkpt lat="51.722715" lon="-122.647687" />
      <trkpt lat="51.722969" lon="-122.647691" />
      <trkpt lat="51.722755" lon="-122.646198" />
      <trkpt lat="51.722327" lon="-122.636278" />
      <trkpt lat="51.721832" lon="-122.628174" />
      <trkpt lat="51.722282" lon="-122.622724" />
      <trkpt lat="51.722721" lon="-122.61978" />
      <trkpt lat="51.722935" lon="-122.617364" />
      <trkpt lat="51.723137" lon="-122.613003" />
      <trkpt lat="51.723779" lon="-122.610387" />
      <trkpt lat="51.723775" lon="-122.610254" />
      <trkpt lat="51.723745" lon="-122.609097" />
      <trkpt lat="51.72334" lon="-122.608134" />
      <trkpt lat="51.721629" lon="-122.603192" />
      <trkpt lat="51.719873" lon="-122.599649" />
      <trkpt lat="51.718027" lon="-122.597741" />
      <trkpt lat="51.717037" lon="-122.595815" />
      <trkpt lat="51.715607" lon="-122.592726" />
      <trkpt lat="51.713356" lon="-122.58922" />
      <trkpt lat="51.711037" lon="-122.585132" />
      <trkpt lat="51.709708" lon="-122.582406" />
      <trkpt lat="51.709134" lon="-122.580153" />
      <trkpt lat="51.707062" lon="-122.577155" />
      <trkpt lat="51.706454" lon="-122.575593" />
      <trkpt lat="51.706353" lon="-122.573885" />
      <trkpt lat="51.705396" lon="-122.570996" />
      <trkpt lat="51.703482" lon="-122.567326" />
      <trkpt lat="51.703133" lon="-122.565327" />
      <trkpt lat="51.702626" lon="-122.56342" />
      <trkpt lat="51.702074" lon="-122.557914" />
      <trkpt lat="51.701399" lon="-122.553772" />
      <trkpt lat="51.70034" lon="-122.551464" />
      <trkpt lat="51.699349" lon="-122.549647" />
      <trkpt lat="51.698245" lon="-122.545305" />
      <trkpt lat="51.698223" lon="-122.543379" />
      <trkpt lat="51.697981" lon="-122.540181" />
      <trkpt lat="51.697446" lon="-122.539382" />
      <trkpt lat="51.69686" lon="-122.537565" />
      <trkpt lat="51.69668" lon="-122.53642" />
      <trkpt lat="51.695903" lon="-122.534403" />
      <trkpt lat="51.694968" lon="-122.531006" />
      <trkpt lat="51.694698" lon="-122.529443" />
      <trkpt lat="51.694698" lon="-122.527535" />
      <trkpt lat="51.694293" lon="-122.524356" />
      <trkpt lat="51.693741" lon="-122.521667" />
      <trkpt lat="51.693268" lon="-122.519432" />
      <trkpt lat="51.692569" lon="-122.517888" />
      <trkpt lat="51.691882" lon="-122.516888" />
      <trkpt lat="51.690767" lon="-122.515017" />
      <trkpt lat="51.690317" lon="-122.513291" />
      <trkpt lat="51.689562" lon="-122.510711" />
      <trkpt lat="51.688582" lon="-122.508821" />
      <trkpt lat="51.687456" lon="-122.507349" />
      <trkpt lat="51.684921" lon="-122.504533" />
      <trkpt lat="51.684606" lon="-122.503716" />
      <trkpt lat="51.684031" lon="-122.501263" />
      <trkpt lat="51.68357" lon="-122.499973" />
      <trkpt lat="51.683592" lon="-122.498628" />
      <trkpt lat="51.682285" lon="-122.495521" />
      <trkpt lat="51.681655" lon="-122.494177" />
      <trkpt lat="51.679863" lon="-122.492523" />
      <trkpt lat="51.679863" lon="-122.492523" />
      <trkpt lat="51.679024" lon="-122.492578" />
      <trkpt lat="51.678207" lon="-122.491978" />
      <trkpt lat="51.676866" lon="-122.490461" />
      <trkpt lat="51.675638" lon="-122.487963" />
      <trkpt lat="51.673216" lon="-122.483875" />
      <trkpt lat="51.672134" lon="-122.48293" />
      <trkpt lat="51.670974" lon="-122.480859" />
      <trkpt lat="51.669926" lon="-122.478024" />
      <trkpt lat="51.668697" lon="-122.475717" />
      <trkpt lat="51.668044" lon="-122.470775" />
      <trkpt lat="51.66677" lon="-122.467777" />
      <trkpt lat="51.665925" lon="-122.466042" />
      <trkpt lat="51.665869" lon="-122.465397" />
      <trkpt lat="51.666004" lon="-122.463253" />
      <trkpt lat="51.665035" lon="-122.459038" />
      <trkpt lat="51.663987" lon="-122.457657" />
      <trkpt lat="51.662736" lon="-122.451661" />
      <trkpt lat="51.662274" lon="-122.450298" />
      <trkpt lat="51.661383" lon="-122.446265" />
      <trkpt lat="51.661203" lon="-122.442122" />
      <trkpt lat="51.660741" lon="-122.440723" />
      <trkpt lat="51.660255" lon="-122.44034" />
      <trkpt lat="51.659835" lon="-122.439555" />
      <trkpt lat="51.659301" lon="-122.438571" />
      <trkpt lat="51.658852" lon="-122.438155" />
      <trkpt lat="51.658394" lon="-122.437817" />
      <trkpt lat="51.65807" lon="-122.437247" />
      <trkpt lat="51.657717" lon="-122.436278" />
      <trkpt lat="51.657087" lon="-122.434632" />
      <trkpt lat="51.656896" lon="-122.433309" />
      <trkpt lat="51.656991" lon="-122.432432" />
      <trkpt lat="51.657268" lon="-122.431817" />
      <trkpt lat="51.657325" lon="-122.430786" />
      <trkpt lat="51.656963" lon="-122.428832" />
      <trkpt lat="51.656686" lon="-122.428401" />
      <trkpt lat="51.655884" lon="-122.427463" />
      <trkpt lat="51.65534" lon="-122.426047" />
      <trkpt lat="51.654624" lon="-122.424586" />
      <trkpt lat="51.654262" lon="-122.423001" />
      <trkpt lat="51.654405" lon="-122.421247" />
      <trkpt lat="51.654128" lon="-122.419586" />
      <trkpt lat="51.653708" lon="-122.41834" />
      <trkpt lat="51.652639" lon="-122.416801" />
      <trkpt lat="51.651799" lon="-122.415817" />
      <trkpt lat="51.650644" lon="-122.415155" />
      <trkpt lat="51.649594" lon="-122.41517" />
      <trkpt lat="51.647904" lon="-122.414817" />
      <trkpt lat="51.646568" lon="-122.414617" />
      <trkpt lat="51.645146" lon="-122.414586" />
      <trkpt lat="51.643866" lon="-122.414124" />
      <trkpt lat="51.642091" lon="-122.413709" />
      <trkpt lat="51.640582" lon="-122.41314" />
      <trkpt lat="51.639742" lon="-122.412047" />
      <trkpt lat="51.638873" lon="-122.411278" />
      <trkpt lat="51.63829" lon="-122.411138" />
      <trkpt lat="51.637854" lon="-122.410952" />
      <trkpt lat="51.63829" lon="-122.411138" />
      <trkpt lat="51.638873" lon="-122.411278" />
      <trkpt lat="51.639742" lon="-122.412047" />
      <trkpt lat="51.640582" lon="-122.41314" />
      <trkpt lat="51.642091" lon="-122.413709" />
      <trkpt lat="51.643866" lon="-122.414124" />
      <trkpt lat="51.645146" lon="-122.414586" />
      <trkpt lat="51.646568" lon="-122.414617" />
      <trkpt lat="51.647904" lon="-122.414817" />
      <trkpt lat="51.649594" lon="-122.41517" />
      <trkpt lat="51.650644" lon="-122.415155" />
      <trkpt lat="51.651799" lon="-122.415817" />
      <trkpt lat="51.652639" lon="-122.416801" />
      <trkpt lat="51.653708" lon="-122.41834" />
      <trkpt lat="51.654128" lon="-122.419586" />
      <trkpt lat="51.654405" lon="-122.421247" />
      <trkpt lat="51.654262" lon="-122.423001" />
      <trkpt lat="51.654624" lon="-122.424586" />
      <trkpt lat="51.65534" lon="-122.426047" />
      <trkpt lat="51.655884" lon="-122.427463" />
      <trkpt lat="51.656686" lon="-122.428401" />
      <trkpt lat="51.656963" lon="-122.428832" />
      <trkpt lat="51.657325" lon="-122.430786" />
      <trkpt lat="51.657268" lon="-122.431817" />
      <trkpt lat="51.656991" lon="-122.432432" />
      <trkpt lat="51.656896" lon="-122.433309" />
      <trkpt lat="51.657087" lon="-122.434632" />
      <trkpt lat="51.657717" lon="-122.436278" />
      <trkpt lat="51.65807" lon="-122.437247" />
      <trkpt lat="51.658394" lon="-122.437817" />
      <trkpt lat="51.658852" lon="-122.438155" />
      <trkpt lat="51.659301" lon="-122.438571" />
      <trkpt lat="51.659835" lon="-122.439555" />
      <trkpt lat="51.660255" lon="-122.44034" />
      <trkpt lat="51.660741" lon="-122.440723" />
      <trkpt lat="51.661203" lon="-122.442122" />
      <trkpt lat="51.661383" lon="-122.446265" />
      <trkpt lat="51.662274" lon="-122.450298" />
      <trkpt lat="51.662736" lon="-122.451661" />
      <trkpt lat="51.663987" lon="-122.457657" />
      <trkpt lat="51.665035" lon="-122.459038" />
      <trkpt lat="51.666004" lon="-122.463253" />
      <trkpt lat="51.665869" lon="-122.465397" />
      <trkpt lat="51.665925" lon="-122.466042" />
      <trkpt lat="51.66677" lon="-122.467777" />
      <trkpt lat="51.668044" lon="-122.470775" />
      <trkpt lat="51.668697" lon="-122.475717" />
      <trkpt lat="51.669926" lon="-122.478024" />
      <trkpt lat="51.670974" lon="-122.480859" />
      <trkpt lat="51.672134" lon="-122.48293" />
      <trkpt lat="51.673216" lon="-122.483875" />
      <trkpt lat="51.675638" lon="-122.487963" />
      <trkpt lat="51.676866" lon="-122.490461" />
      <trkpt lat="51.678207" lon="-122.491978" />
      <trkpt lat="51.679024" lon="-122.492578" />
      <trkpt lat="51.679863" lon="-122.492523" />
      <trkpt lat="51.681655" lon="-122.494177" />
      <trkpt lat="51.682285" lon="-122.495521" />
      <trkpt lat="51.683592" lon="-122.498628" />
      <trkpt lat="51.68357" lon="-122.499973" />
      <trkpt lat="51.684031" lon="-122.501263" />
      <trkpt lat="51.684606" lon="-122.503716" />
      <trkpt lat="51.684921" lon="-122.504533" />
      <trkpt lat="51.687456" lon="-122.507349" />
      <trkpt lat="51.688582" lon="-122.508821" />
      <trkpt lat="51.689562" lon="-122.510711" />
      <trkpt lat="51.690317" lon="-122.513291" />
      <trkpt lat="51.690767" lon="-122.515017" />
      <trkpt lat="51.691882" lon="-122.516888" />
      <trkpt lat="51.692569" lon="-122.517888" />
      <trkpt lat="51.693268" lon="-122.519432" />
      <trkpt lat="51.693741" lon="-122.521667" />
      <trkpt lat="51.694293" lon="-122.524356" />
      <trkpt lat="51.694698" lon="-122.527535" />
      <trkpt lat="51.694698" lon="-122.529443" />
      <trkpt lat="51.694968" lon="-122.531006" />
      <trkpt lat="51.695903" lon="-122.534403" />
      <trkpt lat="51.69668" lon="-122.53642" />
      <trkpt lat="51.69686" lon="-122.537565" />
      <trkpt lat="51.697446" lon="-122.539382" />
      <trkpt lat="51.697981" lon="-122.540181" />
      <trkpt lat="51.698223" lon="-122.543379" />
      <trkpt lat="51.698245" lon="-122.545305" />
      <trkpt lat="51.699349" lon="-122.549647" />
      <trkpt lat="51.70034" lon="-122.551464" />
      <trkpt lat="51.701399" lon="-122.553772" />
      <trkpt lat="51.702074" lon="-122.557914" />
      <trkpt lat="51.702626" lon="-122.56342" />
      <trkpt lat="51.703133" lon="-122.565327" />
      <trkpt lat="51.703482" lon="-122.567326" />
      <trkpt lat="51.705396" lon="-122.570996" />
      <trkpt lat="51.706353" lon="-122.573885" />
      <trkpt lat="51.706454" lon="-122.575593" />
      <trkpt lat="51.707062" lon="-122.577155" />
      <trkpt lat="51.709134" lon="-122.580153" />
      <trkpt lat="51.709708" lon="-122.582406" />
      <trkpt lat="51.711037" lon="-122.585132" />
      <trkpt lat="51.713356" lon="-122.58922" />
      <trkpt lat="51.715607" lon="-122.592726" />
      <trkpt lat="51.717037" lon="-122.595815" />
      <trkpt lat="51.718027" lon="-122.597741" />
      <trkpt lat="51.719873" lon="-122.599649" />
      <trkpt lat="51.721629" lon="-122.603192" />
      <trkpt lat="51.72334" lon="-122.608134" />
      <trkpt lat="51.723745" lon="-122.609097" />
      <trkpt lat="51.723775" lon="-122.610254" />
      <trkpt lat="51.723779" lon="-122.610387" />
      <trkpt lat="51.723137" lon="-122.613003" />
      <trkpt lat="51.722935" lon="-122.617364" />
      <trkpt lat="51.722721" lon="-122.61978" />
      <trkpt lat="51.722282" lon="-122.622724" />
      <trkpt lat="51.721832" lon="-122.628174" />
      <trkpt lat="51.722327" lon="-122.636278" />
      <trkpt lat="51.722755" lon="-122.646198" />
      <trkpt lat="51.722969" lon="-122.647691" />
      <trkpt lat="51.723406" lon="-122.647698" />
      <trkpt lat="51.724244" lon="-122.647784" />
      <trkpt lat="51.725041" lon="-122.648213" />
      <trkpt lat="51.7255" lon="-122.648621" />
      <trkpt lat="51.726005" lon="-122.649146" />
      <trkpt lat="51.727015" lon="-122.650166" />
      <trkpt lat="51.727427" lon="-122.650605" />
      <trkpt lat="51.727806" lon="-122.650788" />
      <trkpt lat="51.728457" lon="-122.650884" />
      <trkpt lat="51.731108" lon="-122.650852" />
      <trkpt lat="51.732005" lon="-122.650842" />
      <trkpt lat="51.73275" lon="-122.651142" />
      <trkpt lat="51.733667" lon="-122.651968" />
      <trkpt lat="51.73463" lon="-122.653084" />
      <trkpt lat="51.735155" lon="-122.653931" />
      <trkpt lat="51.736304" lon="-122.655702" />
      <trkpt lat="51.736969" lon="-122.656506" />
      <trkpt lat="51.737746" lon="-122.65744" />
      <trkpt lat="51.738464" lon="-122.658352" />
      <trkpt lat="51.739102" lon="-122.659349" />
      <trkpt lat="51.739653" lon="-122.660272" />
      <trkpt lat="51.740125" lon="-122.661109" />
      <trkpt lat="51.740384" lon="-122.661581" />
      <trkpt lat="51.741188" lon="-122.662343" />
      <trkpt lat="51.741892" lon="-122.662933" />
      <trkpt lat="51.742948" lon="-122.663587" />
      <trkpt lat="51.744097" lon="-122.664135" />
      <trkpt lat="51.745426" lon="-122.664381" />
      <trkpt lat="51.746216" lon="-122.664317" />
      <trkpt lat="51.746947" lon="-122.664081" />
      <trkpt lat="51.747425" lon="-122.663641" />
      <trkpt lat="51.748037" lon="-122.663426" />
      <trkpt lat="51.749179" lon="-122.663544" />
      <trkpt lat="51.74983" lon="-122.663566" />
      <trkpt lat="51.751081" lon="-122.662946" />
      <trkpt lat="51.751583" lon="-122.662489" />
      <trkpt lat="51.752079" lon="-122.662049" />
      <trkpt lat="51.752613" lon="-122.661574" />
      <trkpt lat="51.753136" lon="-122.66123" />
      <trkpt lat="51.753916" lon="-122.660678" />
      <trkpt lat="51.754599" lon="-122.660186" />
      <trkpt lat="51.755757" lon="-122.659341" />
      <trkpt lat="51.756318" lon="-122.658936" />
      <trkpt lat="51.757028" lon="-122.658401" />
      <trkpt lat="51.757546" lon="-122.657978" />
      <trkpt lat="51.757999" lon="-122.657573" />
      <trkpt lat="51.758373" lon="-122.657263" />
      <trkpt lat="51.758683" lon="-122.657073" />
      <trkpt lat="51.759003" lon="-122.656926" />
      <trkpt lat="51.759382" lon="-122.656814" />
      <trkpt lat="51.760476" lon="-122.656599" />
      <trkpt lat="51.76109" lon="-122.656461" />
      <trkpt lat="51.761725" lon="-122.656288" />
      <trkpt lat="51.762323" lon="-122.656055" />
      <trkpt lat="51.762819" lon="-122.655909" />
      <trkpt lat="51.763348" lon="-122.65571" />
      <trkpt lat="51.764031" lon="-122.655383" />
      <trkpt lat="51.765697" lon="-122.654454" />
      <trkpt lat="51.7667" lon="-122.653911" />
      <trkpt lat="51.767143" lon="-122.653704" />
      <trkpt lat="51.767549" lon="-122.653618" />
      <trkpt lat="51.76796" lon="-122.653626" />
      <trkpt lat="51.768419" lon="-122.653704" />
      <trkpt lat="51.769006" lon="-122.653868" />
      <trkpt lat="51.769572" lon="-122.653902" />
      <trkpt lat="51.770089" lon="-122.653894" />
      <trkpt lat="51.770666" lon="-122.653825" />
      <trkpt lat="51.771722" lon="-122.653609" />
      <trkpt lat="51.773024" lon="-122.653316" />
      <trkpt lat="51.774262" lon="-122.653005" />
      <trkpt lat="51.775463" lon="-122.652712" />
      <trkpt lat="51.777186" lon="-122.652246" />
      <trkpt lat="51.778771" lon="-122.651798" />
      <trkpt lat="51.779321" lon="-122.651677" />
      <trkpt lat="51.780025" lon="-122.651557" />
      <trkpt lat="51.781033" lon="-122.651324" />
      <trkpt lat="51.781364" lon="-122.65122" />
      <trkpt lat="51.781672" lon="-122.651038" />
      <trkpt lat="51.783468" lon="-122.648501" />
      <trkpt lat="51.788599" lon="-122.641378" />
      <trkpt lat="51.795046" lon="-122.632305" />
      <trkpt lat="51.796625" lon="-122.630083" />
      <trkpt lat="51.798186" lon="-122.627973" />
      <trkpt lat="51.800516" lon="-122.624692" />
      <trkpt lat="51.802123" lon="-122.622412" />
      <trkpt lat="51.80259" lon="-122.621753" />
      <trkpt lat="51.802967" lon="-122.62107" />
      <trkpt lat="51.803231" lon="-122.620412" />
      <trkpt lat="51.803503" lon="-122.619594" />
      <trkpt lat="51.803707" lon="-122.618863" />
      <trkpt lat="51.803918" lon="-122.617875" />
      <trkpt lat="51.804136" lon="-122.616533" />
      <trkpt lat="51.804649" lon="-122.613179" />
      <trkpt lat="51.80483" lon="-122.612018" />
      <trkpt lat="51.805645" lon="-122.606764" />
      <trkpt lat="51.806059" lon="-122.604167" />
      <trkpt lat="51.806157" lon="-122.603508" />
      <trkpt lat="51.806218" lon="-122.602776" />
      <trkpt lat="51.806218" lon="-122.602288" />
      <trkpt lat="51.806157" lon="-122.601801" />
      <trkpt lat="51.806007" lon="-122.601191" />
      <trkpt lat="51.805622" lon="-122.599971" />
      <trkpt lat="51.805547" lon="-122.599532" />
      <trkpt lat="51.805509" lon="-122.598959" />
      <trkpt lat="51.805494" lon="-122.593666" />
      <trkpt lat="51.805464" lon="-122.592251" />
      <trkpt lat="51.805547" lon="-122.591422" />
      <trkpt lat="51.805652" lon="-122.590702" />
      <trkpt lat="51.805856" lon="-122.589873" />
      <trkpt lat="51.805969" lon="-122.589385" />
      <trkpt lat="51.805976" lon="-122.588788" />
      <trkpt lat="51.805924" lon="-122.587934" />
      <trkpt lat="51.805894" lon="-122.587324" />
      <trkpt lat="51.806014" lon="-122.586531" />
      <trkpt lat="51.806142" lon="-122.585446" />
      <trkpt lat="51.806316" lon="-122.584751" />
      <trkpt lat="51.806467" lon="-122.584092" />
      <trkpt lat="51.806519" lon="-122.582653" />
      <trkpt lat="51.806625" lon="-122.582141" />
      <trkpt lat="51.807198" lon="-122.58047" />
      <trkpt lat="51.807311" lon="-122.579921" />
      <trkpt lat="51.807319" lon="-122.579372" />
      <trkpt lat="51.807198" lon="-122.578531" />
      <trkpt lat="51.807183" lon="-122.57797" />
      <trkpt lat="51.807281" lon="-122.577604" />
      <trkpt lat="51.807439" lon="-122.577397" />
      <trkpt lat="51.807688" lon="-122.577153" />
      <trkpt lat="51.807937" lon="-122.577092" />
      <trkpt lat="51.808299" lon="-122.577067" />
      <trkpt lat="51.808555" lon="-122.577031" />
      <trkpt lat="51.808782" lon="-122.576884" />
      <trkpt lat="51.808948" lon="-122.576604" />
      <trkpt lat="51.809355" lon="-122.575518" />
      <trkpt lat="51.809822" lon="-122.574262" />
      <trkpt lat="51.810056" lon="-122.573372" />
      <trkpt lat="51.810388" lon="-122.571982" />
      <trkpt lat="51.810576" lon="-122.571469" />
      <trkpt lat="51.811342" lon="-122.569917" />
      <trkpt lat="51.811644" lon="-122.569255" />
      <trkpt lat="51.812051" lon="-122.568428" />
      <trkpt lat="51.81223" lon="-122.568013" />
      <trkpt lat="51.812402" lon="-122.56749" />
      <trkpt lat="51.812514" lon="-122.567011" />
      <trkpt lat="51.812612" lon="-122.566508" />
      <trkpt lat="51.812688" lon="-122.565938" />
      <trkpt lat="51.81273" lon="-122.565514" />
      <trkpt lat="51.812744" lon="-122.565074" />
      <trkpt lat="51.812744" lon="-122.563114" />
      <trkpt lat="51.812771" lon="-122.562734" />
      <trkpt lat="51.812852" lon="-122.562461" />
      <trkpt lat="51.812979" lon="-122.562267" />
      <trkpt lat="51.813158" lon="-122.56214" />
      <trkpt lat="51.813344" lon="-122.562136" />
      <trkpt lat="51.813513" lon="-122.562223" />
      <trkpt lat="51.813672" lon="-122.562429" />
      <trkpt lat="51.813844" lon="-122.562829" />
      <trkpt lat="51.81403" lon="-122.563249" />
      <trkpt lat="51.814218" lon="-122.563569" />
      <trkpt lat="51.814438" lon="-122.563843" />
      <trkpt lat="51.814688" lon="-122.564033" />
      <trkpt lat="51.814931" lon="-122.56414" />
      <trkpt lat="51.815166" lon="-122.564155" />
      <trkpt lat="51.81542" lon="-122.564068" />
      <trkpt lat="51.815689" lon="-122.563839" />
      <trkpt lat="51.815898" lon="-122.563645" />
      <trkpt lat="51.816113" lon="-122.563514" />
      <trkpt lat="51.816363" lon="-122.563478" />
      <trkpt lat="51.81659" lon="-122.563506" />
      <trkpt lat="51.816811" lon="-122.563613" />
      <trkpt lat="51.817126" lon="-122.563894" />
      <trkpt lat="51.819289" lon="-122.566125" />
      <trkpt lat="51.820484" lon="-122.567412" />
      <trkpt lat="51.820697" lon="-122.56765" />
      <trkpt lat="51.820851" lon="-122.56788" />
      <trkpt lat="51.82104" lon="-122.568157" />
      <trkpt lat="51.821213" lon="-122.568355" />
      <trkpt lat="51.821409" lon="-122.568482" />
      <trkpt lat="51.821627" lon="-122.568549" />
      <trkpt lat="51.82185" lon="-122.568541" />
      <trkpt lat="51.822051" lon="-122.56843" />
      <trkpt lat="51.822195" lon="-122.568216" />
      <trkpt lat="51.822264" lon="-122.567943" />
      <trkpt lat="51.822256" lon="-122.567697" />
      <trkpt lat="51.822146" lon="-122.56729" />
      <trkpt lat="51.822092" lon="-122.567032" />
      <trkpt lat="51.822131" lon="-122.566787" />
      <trkpt lat="51.822244" lon="-122.566656" />
      <trkpt lat="51.822408" lon="-122.566652" />
      <trkpt lat="51.822535" lon="-122.566834" />
      <trkpt lat="51.822599" lon="-122.567171" />
      <trkpt lat="51.822624" lon="-122.567691" />
      <trkpt lat="51.822653" lon="-122.568135" />
      <trkpt lat="51.822697" lon="-122.568388" />
      <trkpt lat="51.823119" lon="-122.570637" />
      <trkpt lat="51.823187" lon="-122.570907" />
      <trkpt lat="51.823324" lon="-122.571113" />
      <trkpt lat="51.823491" lon="-122.571232" />
      <trkpt lat="51.823701" lon="-122.571255" />
      <trkpt lat="51.823867" lon="-122.571129" />
      <trkpt lat="51.824063" lon="-122.570677" />
      <trkpt lat="51.824215" lon="-122.570178" />
      <trkpt lat="51.824308" lon="-122.569647" />
      <trkpt lat="51.824455" lon="-122.568333" />
      <trkpt lat="51.824587" lon="-122.566875" />
      <trkpt lat="51.82467" lon="-122.566456" />
      <trkpt lat="51.824798" lon="-122.566234" />
      <trkpt lat="51.824959" lon="-122.566155" />
      <trkpt lat="51.825175" lon="-122.566258" />
      <trkpt lat="51.825307" lon="-122.566503" />
      <trkpt lat="51.825346" lon="-122.566852" />
      <trkpt lat="51.825277" lon="-122.567311" />
      <trkpt lat="51.825243" lon="-122.567739" />
      <trkpt lat="51.825321" lon="-122.56804" />
      <trkpt lat="51.825473" lon="-122.568206" />
      <trkpt lat="51.825689" lon="-122.568238" />
      <trkpt lat="51.825865" lon="-122.568079" />
      <trkpt lat="51.826065" lon="-122.567525" />
      <trkpt lat="51.826247" lon="-122.566804" />
      <trkpt lat="51.826291" lon="-122.566337" />
      <trkpt lat="51.826242" lon="-122.56587" />
      <trkpt lat="51.826075" lon="-122.565307" />
      <trkpt lat="51.8261" lon="-122.564998" />
      <trkpt lat="51.826222" lon="-122.564745" />
      <trkpt lat="51.826408" lon="-122.564618" />
      <trkpt lat="51.826663" lon="-122.564674" />
      <trkpt lat="51.826849" lon="-122.564864" />
      <trkpt lat="51.826942" lon="-122.565165" />
      <trkpt lat="51.826956" lon="-122.56545" />
      <trkpt lat="51.826819" lon="-122.566606" />
      <trkpt lat="51.826795" lon="-122.567263" />
      <trkpt lat="51.826854" lon="-122.567842" />
      <trkpt lat="51.826995" lon="-122.568349" />
      <trkpt lat="51.827216" lon="-122.5688" />
      <trkpt lat="51.827451" lon="-122.569125" />
      <trkpt lat="51.827691" lon="-122.569331" />
      <trkpt lat="51.827989" lon="-122.569505" />
      <trkpt lat="51.828263" lon="-122.569481" />
      <trkpt lat="51.828513" lon="-122.569291" />
      <trkpt lat="51.828709" lon="-122.569022" />
      <trkpt lat="51.828865" lon="-122.568657" />
      <trkpt lat="51.828958" lon="-122.568206" />
      <trkpt lat="51.828983" lon="-122.567723" />
      <trkpt lat="51.828953" lon="-122.567319" />
      <trkpt lat="51.828586" lon="-122.565093" />
      <trkpt lat="51.828508" lon="-122.564777" />
      <trkpt lat="51.828376" lon="-122.564468" />
      <trkpt lat="51.828209" lon="-122.564064" />
      <trkpt lat="51.828077" lon="-122.563707" />
      <trkpt lat="51.827735" lon="-122.562329" />
      <trkpt lat="51.827629" lon="-122.561884" />
      <trkpt lat="51.827578" lon="-122.561363" />
      <trkpt lat="51.827622" lon="-122.560888" />
      <trkpt lat="51.8277" lon="-122.5605" />
      <trkpt lat="51.827862" lon="-122.560104" />
      <trkpt lat="51.828072" lon="-122.559733" />
      <trkpt lat="51.82819" lon="-122.559525" />
      <trkpt lat="51.828327" lon="-122.559201" />
      <trkpt lat="51.82843" lon="-122.558821" />
      <trkpt lat="51.828469" lon="-122.558448" />
      <trkpt lat="51.828464" lon="-122.557886" />
      <trkpt lat="51.828019" lon="-122.555399" />
      <trkpt lat="51.827906" lon="-122.554789" />
      <trkpt lat="51.827881" lon="-122.554306" />
      <trkpt lat="51.827896" lon="-122.553451" />
      <trkpt lat="51.827891" lon="-122.553134" />
      <trkpt lat="51.827788" lon="-122.552112" />
      <trkpt lat="51.827686" lon="-122.551716" />
      <trkpt lat="51.827505" lon="-122.551439" />
      <trkpt lat="51.827177" lon="-122.551146" />
      <trkpt lat="51.826951" lon="-122.550885" />
      <trkpt lat="51.826707" lon="-122.550496" />
      <trkpt lat="51.826486" lon="-122.550069" />
      <trkpt lat="51.826359" lon="-122.549712" />
      <trkpt lat="51.8263" lon="-122.549348" />
      <trkpt lat="51.82631" lon="-122.548928" />
      <trkpt lat="51.826374" lon="-122.548596" />
      <trkpt lat="51.826506" lon="-122.548271" />
      <trkpt lat="51.827412" lon="-122.546655" />
      <trkpt lat="51.827617" lon="-122.546394" />
      <trkpt lat="51.827833" lon="-122.546172" />
      <trkpt lat="51.828126" lon="-122.546077" />
      <trkpt lat="51.828391" lon="-122.546077" />
      <trkpt lat="51.828694" lon="-122.546204" />
      <trkpt lat="51.829017" lon="-122.546536" />
      <trkpt lat="51.829854" lon="-122.547503" />
      <trkpt lat="51.830158" lon="-122.547883" />
      <trkpt lat="51.830593" lon="-122.548366" />
      <trkpt lat="51.830955" lon="-122.548746" />
      <trkpt lat="51.831234" lon="-122.548984" />
      <trkpt lat="51.831508" lon="-122.54911" />
      <trkpt lat="51.831807" lon="-122.549182" />
      <trkpt lat="51.832081" lon="-122.549198" />
      <trkpt lat="51.832296" lon="-122.549142" />
      <trkpt lat="51.832487" lon="-122.549079" />
      <trkpt lat="51.832708" lon="-122.548952" />
      <trkpt lat="51.832938" lon="-122.548754" />
      <trkpt lat="51.833218" lon="-122.548481" />
      <trkpt lat="51.834225" lon="-122.547433" />
      <trkpt lat="51.834515" lon="-122.547176" />
      <trkpt lat="51.834837" lon="-122.547008" />
      <trkpt lat="51.835183" lon="-122.546912" />
      <trkpt lat="51.83556" lon="-122.54694" />
      <trkpt lat="51.835879" lon="-122.547064" />
      <trkpt lat="51.83618" lon="-122.547232" />
      <trkpt lat="51.836446" lon="-122.547461" />
      <trkpt lat="51.836851" lon="-122.547949" />
      <trkpt lat="51.837062" lon="-122.548105" />
      <trkpt lat="51.837263" lon="-122.548156" />
      <trkpt lat="51.837453" lon="-122.548133" />
      <trkpt lat="51.837495" lon="-122.548105" />
      <trkpt lat="51.837668" lon="-122.547988" />
      <trkpt lat="51.837841" lon="-122.547797" />
      <trkpt lat="51.837993" lon="-122.547528" />
      <trkpt lat="51.838076" lon="-122.54722" />
      <trkpt lat="51.838114" lon="-122.546812" />
      <trkpt lat="51.838066" lon="-122.546336" />
      <trkpt lat="51.837682" lon="-122.544633" />
      <trkpt lat="51.837183" lon="-122.542432" />
      <trkpt lat="51.837045" lon="-122.541962" />
      <trkpt lat="51.836893" lon="-122.541525" />
      <trkpt lat="51.836782" lon="-122.541122" />
      <trkpt lat="51.836768" lon="-122.540864" />
      <trkpt lat="51.836834" lon="-122.540606" />
      <trkpt lat="51.836955" lon="-122.540455" />
      <trkpt lat="51.837125" lon="-122.540394" />
      <trkpt lat="51.83727" lon="-122.540466" />
      <trkpt lat="51.837391" lon="-122.540646" />
      <trkpt lat="51.837471" lon="-122.540903" />
      <trkpt lat="51.837561" lon="-122.541099" />
      <trkpt lat="51.837685" lon="-122.541256" />
      <trkpt lat="51.837917" lon="-122.541418" />
      <trkpt lat="51.838242" lon="-122.541598" />
      <trkpt lat="51.838832" lon="-122.541877" />
      <trkpt lat="51.839466" lon="-122.542194" />
      <trkpt lat="51.839622" lon="-122.542297" />
      <trkpt lat="51.839806" lon="-122.54253" />
      <trkpt lat="51.840075" lon="-122.542891" />
      <trkpt lat="51.840214" lon="-122.542994" />
      <trkpt lat="51.840359" lon="-122.543018" />
      <trkpt lat="51.84051" lon="-122.542911" />
      <trkpt lat="51.840598" lon="-122.542744" />
      <trkpt lat="51.840638" lon="-122.542487" />
      <trkpt lat="51.84062" lon="-122.542249" />
      <trkpt lat="51.840535" lon="-122.542035" />
      <trkpt lat="51.840014" lon="-122.541255" />
      <trkpt lat="51.839823" lon="-122.540962" />
      <trkpt lat="51.839661" lon="-122.540606" />
      <trkpt lat="51.839544" lon="-122.540214" />
      <trkpt lat="51.839451" lon="-122.53998" />
      <trkpt lat="51.839321" lon="-122.539746" />
      <trkpt lat="51.838893" lon="-122.539137" />
      <trkpt lat="51.83868" lon="-122.538776" />
      <trkpt lat="51.838609" lon="-122.538551" />
      <trkpt lat="51.838612" lon="-122.538325" />
      <trkpt lat="51.838675" lon="-122.538147" />
      <trkpt lat="51.838778" lon="-122.538032" />
      <trkpt lat="51.838913" lon="-122.538028" />
      <trkpt lat="51.839025" lon="-122.538123" />
      <trkpt lat="51.839101" lon="-122.538313" />
      <trkpt lat="51.839182" lon="-122.538646" />
      <trkpt lat="51.839275" lon="-122.538947" />
      <trkpt lat="51.839392" lon="-122.539133" />
      <trkpt lat="51.839522" lon="-122.53922" />
      <trkpt lat="51.839674" lon="-122.539212" />
      <trkpt lat="51.839862" lon="-122.539156" />
      <trkpt lat="51.840019" lon="-122.539137" />
      <trkpt lat="51.840121" lon="-122.539184" />
      <trkpt lat="51.840224" lon="-122.539323" />
      <trkpt lat="51.840364" lon="-122.5396" />
      <trkpt lat="51.840481" lon="-122.539826" />
      <trkpt lat="51.840628" lon="-122.540059" />
      <trkpt lat="51.84074" lon="-122.540146" />
      <trkpt lat="51.84087" lon="-122.540146" />
      <trkpt lat="51.84098" lon="-122.540043" />
      <trkpt lat="51.841051" lon="-122.539861" />
      <trkpt lat="51.841063" lon="-122.539644" />
      <trkpt lat="51.841024" lon="-122.539434" />
      <trkpt lat="51.840895" lon="-122.539267" />
      <trkpt lat="51.840767" lon="-122.539117" />
      <trkpt lat="51.84066" lon="-122.538919" />
      <trkpt lat="51.840488" lon="-122.538543" />
      <trkpt lat="51.840395" lon="-122.538388" />
      <trkpt lat="51.840295" lon="-122.538277" />
      <trkpt lat="51.84008" lon="-122.538155" />
      <trkpt lat="51.839948" lon="-122.538044" />
      <trkpt lat="51.839816" lon="-122.537881" />
      <trkpt lat="51.839647" lon="-122.537572" />
      <trkpt lat="51.839319" lon="-122.53686" />
      <trkpt lat="51.83916" lon="-122.53644" />
      <trkpt lat="51.839106" lon="-122.536127" />
      <trkpt lat="51.839101" lon="-122.535893" />
      <trkpt lat="51.839157" lon="-122.535664" />
      <trkpt lat="51.839417" lon="-122.535149" />
      <trkpt lat="51.839483" lon="-122.53486" />
      <trkpt lat="51.839458" lon="-122.534547" />
      <trkpt lat="51.83937" lon="-122.534353" />
      <trkpt lat="51.839128" lon="-122.53408" />
      <trkpt lat="51.83881" lon="-122.533719" />
      <trkpt lat="51.838553" lon="-122.533363" />
      <trkpt lat="51.838338" lon="-122.533129" />
      <trkpt lat="51.838132" lon="-122.53288" />
      <trkpt lat="51.837978" lon="-122.532599" />
      <trkpt lat="51.83788" lon="-122.532329" />
      <trkpt lat="51.837812" lon="-122.531933" />
      <trkpt lat="51.837777" lon="-122.531343" />
      <trkpt lat="51.83775" lon="-122.530452" />
      <trkpt lat="51.837704" lon="-122.530076" />
      <trkpt lat="51.83763" lon="-122.529822" />
      <trkpt lat="51.837452" lon="-122.529407" />
      <trkpt lat="51.837317" lon="-122.529106" />
      <trkpt lat="51.837259" lon="-122.528868" />
      <trkpt lat="51.837268" lon="-122.52865" />
      <trkpt lat="51.837334" lon="-122.52844" />
      <trkpt lat="51.837427" lon="-122.52831" />
      <trkpt lat="51.837574" lon="-122.528254" />
      <trkpt lat="51.837733" lon="-122.528306" />
      <trkpt lat="51.837868" lon="-122.528484" />
      <trkpt lat="51.837963" lon="-122.528773" />
      <trkpt lat="51.838059" lon="-122.529244" />
      <trkpt lat="51.838174" lon="-122.529565" />
      <trkpt lat="51.838298" lon="-122.529819" />
      <trkpt lat="51.838543" lon="-122.530112" />
      <trkpt lat="51.839013" lon="-122.530626" />
      <trkpt lat="51.839399" lon="-122.530872" />
      <trkpt lat="51.839644" lon="-122.531007" />
      <trkpt lat="51.839923" lon="-122.531007" />
      <trkpt lat="51.840241" lon="-122.530912" />
      <trkpt lat="51.840593" lon="-122.530721" />
      <trkpt lat="51.840999" lon="-122.530447" />
      <trkpt lat="51.84124" lon="-122.530156" />
      <trkpt lat="51.84142" lon="-122.529774" />
      <trkpt lat="51.841482" lon="-122.529337" />
      <trkpt lat="51.841445" lon="-122.528827" />
      <trkpt lat="51.841345" lon="-122.528254" />
      <trkpt lat="51.841338" lon="-122.527863" />
      <trkpt lat="51.841346" lon="-122.527802" />
      <trkpt lat="51.841386" lon="-122.527518" />
      <trkpt lat="51.841507" lon="-122.527124" />
      <trkpt lat="51.841687" lon="-122.52685" />
      <trkpt lat="51.84201" lon="-122.526675" />
      <trkpt lat="51.84238" lon="-122.526634" />
      <trkpt lat="51.843606" lon="-122.526841" />
      <trkpt lat="51.844109" lon="-122.526916" />
      <trkpt lat="51.84453" lon="-122.526883" />
      <trkpt lat="51.84509" lon="-122.526758" />
      <trkpt lat="51.846362" lon="-122.526318" />
      <trkpt lat="51.846886" lon="-122.526118" />
      <trkpt lat="51.847276" lon="-122.525902" />
      <trkpt lat="51.847635" lon="-122.525628" />
      <trkpt lat="51.848079" lon="-122.525133" />
      <trkpt lat="51.848551" lon="-122.524676" />
      <trkpt lat="51.848941" lon="-122.524361" />
      <trkpt lat="51.849562" lon="-122.523979" />
      <trkpt lat="51.849988" lon="-122.523837" />
      <trkpt lat="51.850429" lon="-122.523787" />
      <trkpt lat="51.850947" lon="-122.523829" />
      <trkpt lat="51.854534" lon="-122.524386" />
      <trkpt lat="51.855812" lon="-122.524585" />
      <trkpt lat="51.856182" lon="-122.524651" />
      <trkpt lat="51.856541" lon="-122.524809" />
      <trkpt lat="51.856915" lon="-122.525" />
      <trkpt lat="51.857162" lon="-122.525216" />
      <trkpt lat="51.857464" lon="-122.525515" />
      <trkpt lat="51.857931" lon="-122.52608" />
      <trkpt lat="51.858203" lon="-122.526379" />
      <trkpt lat="51.858424" lon="-122.526537" />
      <trkpt lat="51.858804" lon="-122.526629" />
      <trkpt lat="51.859122" lon="-122.526587" />
      <trkpt lat="51.859471" lon="-122.526404" />
      <trkpt lat="51.859732" lon="-122.526188" />
      <trkpt lat="51.861041" lon="-122.52471" />
      <trkpt lat="51.861354" lon="-122.524469" />
      <trkpt lat="51.861697" lon="-122.524294" />
      <trkpt lat="51.862056" lon="-122.524294" />
      <trkpt lat="51.862375" lon="-122.524402" />
      <trkpt lat="51.862723" lon="-122.524685" />
      <trkpt lat="51.863026" lon="-122.525125" />
      <trkpt lat="51.863544" lon="-122.52613" />
      <trkpt lat="51.863893" lon="-122.526737" />
      <trkpt lat="51.864237" lon="-122.527277" />
      <trkpt lat="51.86457" lon="-122.527634" />
      <trkpt lat="51.864991" lon="-122.527908" />
      <trkpt lat="51.865473" lon="-122.528041" />
      <trkpt lat="51.865848" lon="-122.528033" />
      <trkpt lat="51.866263" lon="-122.527891" />
      <trkpt lat="51.866663" lon="-122.527642" />
      <trkpt lat="51.868413" lon="-122.526197" />
      <trkpt lat="51.869136" lon="-122.525632" />
      <trkpt lat="51.869567" lon="-122.525374" />
      <trkpt lat="51.870008" lon="-122.525308" />
      <trkpt lat="51.870449" lon="-122.525358" />
      <trkpt lat="51.870916" lon="-122.525507" />
      <trkpt lat="51.872937" lon="-122.526471" />
      <trkpt lat="51.873554" lon="-122.526653" />
      <trkpt lat="51.875208" lon="-122.527147" />
      <trkpt lat="51.875556" lon="-122.527311" />
      <trkpt lat="51.876122" lon="-122.527675" />
      <trkpt lat="51.876608" lon="-122.527875" />
      <trkpt lat="51.877173" lon="-122.527983" />
      <trkpt lat="51.878341" lon="-122.528072" />
      <trkpt lat="51.87952" lon="-122.528185" />
      <trkpt lat="51.879894" lon="-122.528169" />
      <trkpt lat="51.880253" lon="-122.528048" />
      <trkpt lat="51.880658" lon="-122.527846" />
      <trkpt lat="51.881022" lon="-122.527595" />
      <trkpt lat="51.881491" lon="-122.527142" />
      <trkpt lat="51.881991" lon="-122.526689" />
      <trkpt lat="51.882305" lon="-122.526463" />
      <trkpt lat="51.882634" lon="-122.526334" />
      <trkpt lat="51.882944" lon="-122.526293" />
      <trkpt lat="51.883348" lon="-122.526342" />
      <trkpt lat="51.883688" lon="-122.526479" />
      <trkpt lat="51.884032" lon="-122.52673" />
      <trkpt lat="51.884901" lon="-122.527514" />
      <trkpt lat="51.885165" lon="-122.527741" />
      <trkpt lat="51.885365" lon="-122.527967" />
      <trkpt lat="51.885524" lon="-122.52821" />
      <trkpt lat="51.886368" lon="-122.529495" />
      <trkpt lat="51.886862" lon="-122.530239" />
      <trkpt lat="51.88798" lon="-122.532091" />
      <trkpt lat="51.888384" lon="-122.532641" />
      <trkpt lat="51.888714" lon="-122.532981" />
      <trkpt lat="51.889148" lon="-122.533369" />
      <trkpt lat="51.889492" lon="-122.533571" />
      <trkpt lat="51.890051" lon="-122.533806" />
      <trkpt lat="51.8906" lon="-122.533977" />
      <trkpt lat="51.891313" lon="-122.53408" />
      <trkpt lat="51.891701" lon="-122.534023" />
      <trkpt lat="51.892174" lon="-122.533874" />
      <trkpt lat="51.89264" lon="-122.533634" />
      <trkpt lat="51.893021" lon="-122.533337" />
      <trkpt lat="51.895727" lon="-122.530676" />
      <trkpt lat="51.896412" lon="-122.530035" />
      <trkpt lat="51.896948" lon="-122.529566" />
      <trkpt lat="51.89747" lon="-122.529303" />
      <trkpt lat="51.898338" lon="-122.529086" />
      <trkpt lat="51.900778" lon="-122.528529" />
      <trkpt lat="51.903966" lon="-122.527833" />
      <trkpt lat="51.90455" lon="-122.527655" />
      <trkpt lat="51.905019" lon="-122.527445" />
      <trkpt lat="51.905428" lon="-122.527178" />
      <trkpt lat="51.905842" lon="-122.526806" />
      <trkpt lat="51.906386" lon="-122.526183" />
      <trkpt lat="51.907139" lon="-122.525181" />
      <trkpt lat="51.907444" lon="-122.524857" />
      <trkpt lat="51.907758" lon="-122.524679" />
      <trkpt lat="51.908102" lon="-122.524607" />
      <trkpt lat="51.908387" lon="-122.524639" />
      <trkpt lat="51.908666" lon="-122.524776" />
      <trkpt lat="51.90898" lon="-122.525076" />
      <trkpt lat="51.909225" lon="-122.525448" />
      <trkpt lat="51.909454" lon="-122.525989" />
      <trkpt lat="51.909699" lon="-122.526895" />
      <trkpt lat="51.910631" lon="-122.531205" />
      <trkpt lat="51.910806" lon="-122.531933" />
      <trkpt lat="51.910951" lon="-122.532378" />
      <trkpt lat="51.911155" lon="-122.532701" />
      <trkpt lat="51.911454" lon="-122.532855" />
      <trkpt lat="51.911784" lon="-122.532879" />
      <trkpt lat="51.912128" lon="-122.53275" />
      <trkpt lat="51.912427" lon="-122.532515" />
      <trkpt lat="51.912876" lon="-122.531658" />
      <trkpt lat="51.913425" lon="-122.530752" />
      <trkpt lat="51.913579" lon="-122.530536" />
      <trkpt lat="51.913874" lon="-122.530122" />
      <trkpt lat="51.915051" lon="-122.528795" />
      <trkpt lat="51.915769" lon="-122.528068" />
      <trkpt lat="51.91631" lon="-122.527676" />
      <trkpt lat="51.917038" lon="-122.527253" />
      <trkpt lat="51.91918" lon="-122.525917" />
      <trkpt lat="51.923505" lon="-122.523112" />
      <trkpt lat="51.924494" lon="-122.522556" />
      <trkpt lat="51.925235" lon="-122.522288" />
      <trkpt lat="51.925716" lon="-122.522244" />
      <trkpt lat="51.926141" lon="-122.522288" />
      <trkpt lat="51.927349" lon="-122.522689" />
      <trkpt lat="51.931413" lon="-122.523869" />
      <trkpt lat="51.932223" lon="-122.524181" />
      <trkpt lat="51.933911" lon="-122.524693" />
      <trkpt lat="51.934996" lon="-122.525116" />
      <trkpt lat="51.936231" lon="-122.52565" />
      <trkpt lat="51.943645" lon="-122.528858" />
      <trkpt lat="51.944684" lon="-122.52922" />
      <trkpt lat="51.945179" lon="-122.529362" />
      <trkpt lat="51.945838" lon="-122.529425" />
      <trkpt lat="51.949271" lon="-122.529724" />
      <trkpt lat="51.952029" lon="-122.529969" />
      <trkpt lat="51.953695" lon="-122.530002" />
      <trkpt lat="51.954601" lon="-122.53001" />
      <trkpt lat="51.954855" lon="-122.530012" />
      <trkpt lat="51.95572" lon="-122.52994" />
      <trkpt lat="51.956143" lon="-122.529838" />
      <trkpt lat="51.956484" lon="-122.529675" />
      <trkpt lat="51.956872" lon="-122.529425" />
      <trkpt lat="51.957738" lon="-122.528714" />
      <trkpt lat="51.958269" lon="-122.528387" />
      <trkpt lat="51.958615" lon="-122.52824" />
      <trkpt lat="51.958949" lon="-122.528148" />
      <trkpt lat="51.959267" lon="-122.528143" />
      <trkpt lat="51.959566" lon="-122.528199" />
      <trkpt lat="51.959864" lon="-122.528311" />
      <trkpt lat="51.96096" lon="-122.528943" />
      <trkpt lat="51.961352" lon="-122.529057" />
      <trkpt lat="51.961616" lon="-122.529069" />
      <trkpt lat="51.961897" lon="-122.529013" />
      <trkpt lat="51.962164" lon="-122.528879" />
      <trkpt lat="51.962502" lon="-122.528644" />
      <trkpt lat="51.962882" lon="-122.528285" />
      <trkpt lat="51.962902" lon="-122.528258" />
      <trkpt lat="51.963176" lon="-122.527882" />
      <trkpt lat="51.964307" lon="-122.525698" />
      <trkpt lat="51.963375" lon="-122.524464" />
      <trkpt lat="51.962949" lon="-122.523894" />
      <trkpt lat="51.961975" lon="-122.52259" />
      <trkpt lat="51.961869" lon="-122.522449" />
      <trkpt lat="51.960948" lon="-122.521271" />
      <trkpt lat="51.958679" lon="-122.518318" />
      <trkpt lat="51.957075" lon="-122.51617" />
      <trkpt lat="51.956416" lon="-122.515231" />
      <trkpt lat="51.95582" lon="-122.51413" />
      <trkpt lat="51.955527" lon="-122.513529" />
      <trkpt lat="51.955232" lon="-122.512784" />
      <trkpt lat="51.953437" lon="-122.506732" />
      <trkpt lat="51.952432" lon="-122.503297" />
      <trkpt lat="51.952184" lon="-122.502501" />
      <trkpt lat="51.951921" lon="-122.501619" />
      <trkpt lat="51.951614" lon="-122.500459" />
      <trkpt lat="51.951466" lon="-122.499636" />
      <trkpt lat="51.951328" lon="-122.498755" />
      <trkpt lat="51.951041" lon="-122.488764" />
      <trkpt lat="51.951057" lon="-122.488008" />
      <trkpt lat="51.951134" lon="-122.487355" />
      <trkpt lat="51.951282" lon="-122.486731" />
      <trkpt lat="51.951503" lon="-122.486064" />
      <trkpt lat="51.954124" lon="-122.479249" />
      <trkpt lat="51.954395" lon="-122.478425" />
      <trkpt lat="51.954625" lon="-122.477438" />
      <trkpt lat="51.954902" lon="-122.47606" />
      <trkpt lat="51.955051" lon="-122.474754" />
      <trkpt lat="51.955136" lon="-122.47339" />
      <trkpt lat="51.95511" lon="-122.472194" />
      <trkpt lat="51.954954" lon="-122.470537" />
      <trkpt lat="51.954218" lon="-122.465036" />
      <trkpt lat="51.954137" lon="-122.464194" />
      <trkpt lat="51.954172" lon="-122.463309" />
      <trkpt lat="51.954326" lon="-122.462318" />
      <trkpt lat="51.954578" lon="-122.461266" />
      <trkpt lat="51.955338" lon="-122.457831" />
      <trkpt lat="51.955448" lon="-122.456959" />
      <trkpt lat="51.955486" lon="-122.456018" />
      <trkpt lat="51.955471" lon="-122.455209" />
      <trkpt lat="51.955378" lon="-122.454268" />
      <trkpt lat="51.955122" lon="-122.453181" />
      <trkpt lat="51.953866" lon="-122.448665" />
      <trkpt lat="51.953406" lon="-122.446816" />
      <trkpt lat="51.953189" lon="-122.445683" />
      <trkpt lat="51.952609" lon="-122.442833" />
      <trkpt lat="51.952422" lon="-122.441466" />
      <trkpt lat="51.952421" lon="-122.438386" />
      <trkpt lat="51.952335" lon="-122.436796" />
      <trkpt lat="51.952232" lon="-122.434855" />
      <trkpt lat="51.952141" lon="-122.432771" />
      <trkpt lat="51.952238" lon="-122.430922" />
      <trkpt lat="51.952562" lon="-122.426364" />
      <trkpt lat="51.953057" lon="-122.420362" />
      <trkpt lat="51.953443" lon="-122.417997" />
      <trkpt lat="51.954744" lon="-122.413009" />
      <trkpt lat="51.95614" lon="-122.409277" />
      <trkpt lat="51.957139" lon="-122.406665" />
      <trkpt lat="51.957712" lon="-122.404511" />
      <trkpt lat="51.958452" lon="-122.399988" />
      <trkpt lat="51.959567" lon="-122.393083" />
      <trkpt lat="51.959952" lon="-122.391013" />
      <trkpt lat="51.961258" lon="-122.385084" />
      <trkpt lat="51.96155" lon="-122.383068" />
      <trkpt lat="51.961478" lon="-122.381222" />
      <trkpt lat="51.961204" lon="-122.378774" />
      <trkpt lat="51.961058" lon="-122.376004" />
      <trkpt lat="51.960978" lon="-122.372466" />
      <trkpt lat="51.96163" lon="-122.357362" />
      <trkpt lat="51.962087" lon="-122.349973" />
      <trkpt lat="51.962244" lon="-122.348865" />
      <trkpt lat="51.962716" lon="-122.347157" />
      <trkpt lat="51.963684" lon="-122.34543" />
      <trkpt lat="51.96456" lon="-122.343775" />
      <trkpt lat="51.965595" lon="-122.341083" />
      <trkpt lat="51.966579" lon="-122.338924" />
      <trkpt lat="51.967553" lon="-122.337138" />
      <trkpt lat="51.967712" lon="-122.336846" />
      <trkpt lat="51.968177" lon="-122.335741" />
      <trkpt lat="51.968449" lon="-122.334544" />
      <trkpt lat="51.968645" lon="-122.332808" />
      <trkpt lat="51.968978" lon="-122.331561" />
      <trkpt lat="51.969426" lon="-122.330607" />
      <trkpt lat="51.970067" lon="-122.329786" />
      <trkpt lat="51.970713" lon="-122.329304" />
      <trkpt lat="51.971234" lon="-122.329117" />
      <trkpt lat="51.973423" lon="-122.328889" />
      <trkpt lat="51.973948" lon="-122.328719" />
      <trkpt lat="51.97438" lon="-122.328419" />
      <trkpt lat="51.974985" lon="-122.327747" />
      <trkpt lat="51.975431" lon="-122.327039" />
      <trkpt lat="51.975739" lon="-122.326249" />
      <trkpt lat="51.975945" lon="-122.325502" />
      <trkpt lat="51.976077" lon="-122.324626" />
      <trkpt lat="51.97612" lon="-122.323605" />
      <trkpt lat="51.976024" lon="-122.322602" />
      <trkpt lat="51.975716" lon="-122.321301" />
      <trkpt lat="51.975376" lon="-122.3206" />
      <trkpt lat="51.974264" lon="-122.318786" />
      <trkpt lat="51.973994" lon="-122.318225" />
      <trkpt lat="51.973792" lon="-122.31752" />
      <trkpt lat="51.973563" lon="-122.316579" />
      <trkpt lat="51.973275" lon="-122.3154" />
      <trkpt lat="51.973138" lon="-122.31428" />
      <trkpt lat="51.97317" lon="-122.313507" />
      <trkpt lat="51.97337" lon="-122.31199" />
      <trkpt lat="51.973306" lon="-122.311361" />
      <trkpt lat="51.973014" lon="-122.310767" />
      <trkpt lat="51.972401" lon="-122.309954" />
      <trkpt lat="51.970938" lon="-122.307185" />
      <trkpt lat="51.970083" lon="-122.305525" />
      <trkpt lat="51.969112" lon="-122.303672" />
      <trkpt lat="51.968863" lon="-122.302964" />
      <trkpt lat="51.968759" lon="-122.302463" />
      <trkpt lat="51.968543" lon="-122.300593" />
      <trkpt lat="51.968187" lon="-122.299586" />
      <trkpt lat="51.967537" lon="-122.29861" />
      <trkpt lat="51.967346" lon="-122.29819" />
      <trkpt lat="51.966574" lon="-122.2957" />
      <trkpt lat="51.966248" lon="-122.294794" />
      <trkpt lat="51.965964" lon="-122.294173" />
      <trkpt lat="51.965302" lon="-122.292722" />
      <trkpt lat="51.964875" lon="-122.292045" />
      <trkpt lat="51.96428" lon="-122.291351" />
      <trkpt lat="51.963895" lon="-122.291034" />
      <trkpt lat="51.963422" lon="-122.290751" />
      <trkpt lat="51.962769" lon="-122.290508" />
      <trkpt lat="51.962449" lon="-122.290401" />
      <trkpt lat="51.96213" lon="-122.290294" />
      <trkpt lat="51.961708" lon="-122.290256" />
      <trkpt lat="51.961262" lon="-122.290265" />
      <trkpt lat="51.960317" lon="-122.290561" />
      <trkpt lat="51.960141" lon="-122.290543" />
      <trkpt lat="51.959998" lon="-122.290468" />
      <trkpt lat="51.959875" lon="-122.290286" />
      <trkpt lat="51.959778" lon="-122.290005" />
      <trkpt lat="51.959773" lon="-122.289448" />
      <trkpt lat="51.959839" lon="-122.289178" />
      <trkpt lat="51.959944" lon="-122.288973" />
      <trkpt lat="51.960047" lon="-122.28877" />
      <trkpt lat="51.960154" lon="-122.288636" />
      <trkpt lat="51.960318" lon="-122.288569" />
      <trkpt lat="51.960426" lon="-122.288577" />
      <trkpt lat="51.960528" lon="-122.288608" />
      <trkpt lat="51.961681" lon="-122.289192" />
      <trkpt lat="51.962213" lon="-122.2893" />
      <trkpt lat="51.962991" lon="-122.289286" />
      <trkpt lat="51.963556" lon="-122.289185" />
      <trkpt lat="51.963948" lon="-122.288928" />
      <trkpt lat="51.964255" lon="-122.288542" />
      <trkpt lat="51.964467" lon="-122.288122" />
      <trkpt lat="51.96467" lon="-122.287642" />
      <trkpt lat="51.965237" lon="-122.286305" />
      <trkpt lat="51.965511" lon="-122.285876" />
      <trkpt lat="51.965815" lon="-122.285497" />
      <trkpt lat="51.966164" lon="-122.28519" />
      <trkpt lat="51.966498" lon="-122.284998" />
      <trkpt lat="51.966944" lon="-122.284846" />
      <trkpt lat="51.967361" lon="-122.284835" />
      <trkpt lat="51.96768" lon="-122.284897" />
      <trkpt lat="51.967741" lon="-122.284909" />
      <trkpt lat="51.968178" lon="-122.285113" />
      <trkpt lat="51.969847" lon="-122.286141" />
      <trkpt lat="51.970165" lon="-122.286133" />
      <trkpt lat="51.970432" lon="-122.285974" />
      <trkpt lat="51.97063" lon="-122.285643" />
      <trkpt lat="51.970752" lon="-122.285294" />
      <trkpt lat="51.970799" lon="-122.284798" />
      <trkpt lat="51.97075" lon="-122.284171" />
      <trkpt lat="51.970696" lon="-122.28349" />
      <trkpt lat="51.970626" lon="-122.282615" />
      <trkpt lat="51.970656" lon="-122.282189" />
      <trkpt lat="51.970752" lon="-122.281779" />
      <trkpt lat="51.97092" lon="-122.281409" />
      <trkpt lat="51.971162" lon="-122.281118" />
      <trkpt lat="51.971413" lon="-122.280975" />
      <trkpt lat="51.971682" lon="-122.280938" />
      <trkpt lat="51.972435" lon="-122.281143" />
      <trkpt lat="51.972669" lon="-122.281207" />
      <trkpt lat="51.973056" lon="-122.28121" />
      <trkpt lat="51.973515" lon="-122.28101" />
      <trkpt lat="51.973845" lon="-122.280748" />
      <trkpt lat="51.974393" lon="-122.280062" />
      <trkpt lat="51.975359" lon="-122.278852" />
      <trkpt lat="51.97568" lon="-122.278496" />
      <trkpt lat="51.975981" lon="-122.278325" />
      <trkpt lat="51.976193" lon="-122.278204" />
      <trkpt lat="51.976559" lon="-122.278134" />
      <trkpt lat="51.976922" lon="-122.278164" />
      <trkpt lat="51.977156" lon="-122.278226" />
      <trkpt lat="51.977277" lon="-122.278258" />
      <trkpt lat="51.978037" lon="-122.278613" />
      <trkpt lat="51.978635" lon="-122.278635" />
      <trkpt lat="51.978998" lon="-122.278543" />
      <trkpt lat="51.979844" lon="-122.278327" />
      <trkpt lat="51.980237" lon="-122.278394" />
      <trkpt lat="51.980293" lon="-122.278403" />
      <trkpt lat="51.981594" lon="-122.278624" />
      <trkpt lat="51.981735" lon="-122.278647" />
      <trkpt lat="51.982074" lon="-122.278599" />
      <trkpt lat="51.982139" lon="-122.278565" />
      <trkpt lat="51.982407" lon="-122.278422" />
      <trkpt lat="51.982435" lon="-122.278392" />
      <trkpt lat="51.98262" lon="-122.278198" />
      <trkpt lat="51.982701" lon="-122.278112" />
      <trkpt lat="51.982927" lon="-122.277713" />
      <trkpt lat="51.983052" lon="-122.277416" />
      <trkpt lat="51.983506" lon="-122.276336" />
      <trkpt lat="51.983641" lon="-122.276017" />
      <trkpt lat="51.984242" lon="-122.274591" />
      <trkpt lat="51.984362" lon="-122.274305" />
      <trkpt lat="51.984533" lon="-122.273896" />
      <trkpt lat="51.984612" lon="-122.273748" />
      <trkpt lat="51.984846" lon="-122.273311" />
      <trkpt lat="51.985262" lon="-122.272954" />
      <trkpt lat="51.98559" lon="-122.272841" />
      <trkpt lat="51.986701" lon="-122.272742" />
      <trkpt lat="51.987126" lon="-122.2727" />
      <trkpt lat="51.989928" lon="-122.272436" />
      <trkpt lat="51.991658" lon="-122.272029" />
      <trkpt lat="51.994875" lon="-122.271307" />
      <trkpt lat="51.997328" lon="-122.270725" />
      <trkpt lat="51.998113" lon="-122.270368" />
      <trkpt lat="51.998939" lon="-122.269882" />
      <trkpt lat="52.000076" lon="-122.2689" />
      <trkpt lat="52.003876" lon="-122.26394" />
      <trkpt lat="52.004519" lon="-122.263408" />
      <trkpt lat="52.00521" lon="-122.263006" />
      <trkpt lat="52.005947" lon="-122.262446" />
      <trkpt lat="52.007535" lon="-122.260262" />
      <trkpt lat="52.008091" lon="-122.259737" />
      <trkpt lat="52.008527" lon="-122.25946" />
      <trkpt lat="52.009204" lon="-122.25925" />
      <trkpt lat="52.010103" lon="-122.259139" />
      <trkpt lat="52.010925" lon="-122.258937" />
      <trkpt lat="52.012323" lon="-122.258379" />
      <trkpt lat="52.016824" lon="-122.256288" />
      <trkpt lat="52.018465" lon="-122.255541" />
      <trkpt lat="52.018867" lon="-122.25526" />
      <trkpt lat="52.019246" lon="-122.254917" />
      <trkpt lat="52.019561" lon="-122.25448" />
      <trkpt lat="52.019833" lon="-122.253985" />
      <trkpt lat="52.020539" lon="-122.252208" />
      <trkpt lat="52.021115" lon="-122.251173" />
      <trkpt lat="52.0215" lon="-122.250722" />
      <trkpt lat="52.021895" lon="-122.250432" />
      <trkpt lat="52.022435" lon="-122.250206" />
      <trkpt lat="52.022967" lon="-122.250154" />
      <trkpt lat="52.023389" lon="-122.250242" />
      <trkpt lat="52.024108" lon="-122.25062" />
      <trkpt lat="52.024732" lon="-122.251336" />
      <trkpt lat="52.025702" lon="-122.252983" />
      <trkpt lat="52.026219" lon="-122.253628" />
      <trkpt lat="52.026714" lon="-122.25407" />
      <trkpt lat="52.027291" lon="-122.254401" />
      <trkpt lat="52.028052" lon="-122.254576" />
      <trkpt lat="52.033152" lon="-122.255006" />
      <trkpt lat="52.034299" lon="-122.254762" />
      <trkpt lat="52.0398" lon="-122.252609" />
      <trkpt lat="52.040781" lon="-122.252441" />
      <trkpt lat="52.041865" lon="-122.252578" />
      <trkpt lat="52.044061" lon="-122.252984" />
      <trkpt lat="52.044882" lon="-122.252938" />
      <trkpt lat="52.045563" lon="-122.2528" />
      <trkpt lat="52.046709" lon="-122.252322" />
      <trkpt lat="52.047508" lon="-122.251844" />
      <trkpt lat="52.048326" lon="-122.251605" />
      <trkpt lat="52.049219" lon="-122.251556" />
      <trkpt lat="52.050577" lon="-122.251652" />
      <trkpt lat="52.051439" lon="-122.25162" />
      <trkpt lat="52.052212" lon="-122.251308" />
      <trkpt lat="52.054411" lon="-122.249805" />
      <trkpt lat="52.05534" lon="-122.24934" />
      <trkpt lat="52.056061" lon="-122.249174" />
      <trkpt lat="52.062558" lon="-122.249248" />
      <trkpt lat="52.06314" lon="-122.249202" />
      <trkpt lat="52.064385" lon="-122.248721" />
      <trkpt lat="52.064942" lon="-122.248352" />
      <trkpt lat="52.066686" lon="-122.24727" />
      <trkpt lat="52.067427" lon="-122.246771" />
      <trkpt lat="52.068993" lon="-122.245716" />
      <trkpt lat="52.069565" lon="-122.245293" />
      <trkpt lat="52.070762" lon="-122.243923" />
      <trkpt lat="52.071335" lon="-122.243021" />
      <trkpt lat="52.07403" lon="-122.238174" />
      <trkpt lat="52.074987" lon="-122.235604" />
      <trkpt lat="52.075506" lon="-122.232658" />
      <trkpt lat="52.077389" lon="-122.220484" />
      <trkpt lat="52.077452" lon="-122.219463" />
      <trkpt lat="52.077339" lon="-122.216478" />
      <trkpt lat="52.077344" lon="-122.215112" />
      <trkpt lat="52.077456" lon="-122.213832" />
      <trkpt lat="52.078155" lon="-122.208466" />
      <trkpt lat="52.078295" lon="-122.207353" />
      <trkpt lat="52.078282" lon="-122.206341" />
      <trkpt lat="52.078158" lon="-122.205485" />
      <trkpt lat="52.077954" lon="-122.204679" />
      <trkpt lat="52.07708" lon="-122.202622" />
      <trkpt lat="52.076771" lon="-122.201459" />
      <trkpt lat="52.076658" lon="-122.200267" />
      <trkpt lat="52.076641" lon="-122.196292" />
      <trkpt lat="52.0769" lon="-122.194433" />
      <trkpt lat="52.077587" lon="-122.19206" />
      <trkpt lat="52.077701" lon="-122.191342" />
      <trkpt lat="52.077717" lon="-122.190696" />
      <trkpt lat="52.077619" lon="-122.186225" />
      <trkpt lat="52.077736" lon="-122.184836" />
      <trkpt lat="52.078034" lon="-122.183704" />
      <trkpt lat="52.078533" lon="-122.182354" />
      <trkpt lat="52.078869" lon="-122.181444" />
      <trkpt lat="52.080142" lon="-122.177997" />
      <trkpt lat="52.081286" lon="-122.176" />
      <trkpt lat="52.08195" lon="-122.174967" />
      <trkpt lat="52.082026" lon="-122.174848" />
      <trkpt lat="52.092546" lon="-122.157983" />
      <trkpt lat="52.096085" lon="-122.15235" />
      <trkpt lat="52.096441" lon="-122.151886" />
      <trkpt lat="52.09648" lon="-122.151835" />
      <trkpt lat="52.096789" lon="-122.151557" />
      <trkpt lat="52.097186" lon="-122.151199" />
      <trkpt lat="52.097731" lon="-122.150879" />
      <trkpt lat="52.098618" lon="-122.150689" />
      <trkpt lat="52.100628" lon="-122.150962" />
      <trkpt lat="52.101179" lon="-122.151215" />
      <trkpt lat="52.101771" lon="-122.151668" />
      <trkpt lat="52.102982" lon="-122.152905" />
      <trkpt lat="52.103838" lon="-122.15389" />
      <trkpt lat="52.104363" lon="-122.154946" />
      <trkpt lat="52.105729" lon="-122.160259" />
      <trkpt lat="52.106514" lon="-122.16211" />
      <trkpt lat="52.108973" lon="-122.166114" />
      <trkpt lat="52.110961" lon="-122.169275" />
      <trkpt lat="52.111403" lon="-122.169908" />
      <trkpt lat="52.111724" lon="-122.17029" />
      <trkpt lat="52.112176" lon="-122.170578" />
      <trkpt lat="52.112631" lon="-122.170753" />
      <trkpt lat="52.113078" lon="-122.170763" />
      <trkpt lat="52.113507" lon="-122.170673" />
      <trkpt lat="52.114043" lon="-122.170379" />
      <trkpt lat="52.114628" lon="-122.169702" />
      <trkpt lat="52.115045" lon="-122.168847" />
      <trkpt lat="52.11528" lon="-122.167942" />
      <trkpt lat="52.115358" lon="-122.167034" />
      <trkpt lat="52.115317" lon="-122.166068" />
      <trkpt lat="52.114707" lon="-122.162958" />
      <trkpt lat="52.114331" lon="-122.16106" />
      <trkpt lat="52.114039" lon="-122.159599" />
      <trkpt lat="52.11313" lon="-122.155052" />
      <trkpt lat="52.112386" lon="-122.151335" />
      <trkpt lat="52.112214" lon="-122.150461" />
      <trkpt lat="52.112131" lon="-122.149867" />
      <trkpt lat="52.112054" lon="-122.149327" />
      <trkpt lat="52.112005" lon="-122.147162" />
      <trkpt lat="52.112098" lon="-122.145727" />
      <trkpt lat="52.112335" lon="-122.144156" />
      <trkpt lat="52.112618" lon="-122.142958" />
      <trkpt lat="52.113043" lon="-122.141663" />
      <trkpt lat="52.115064" lon="-122.136192" />
      <trkpt lat="52.115254" lon="-122.135682" />
      <trkpt lat="52.115432" lon="-122.135318" />
      <trkpt lat="52.115906" lon="-122.134541" />
      <trkpt lat="52.11671" lon="-122.133677" />
      <trkpt lat="52.117227" lon="-122.133289" />
      <trkpt lat="52.117568" lon="-122.133092" />
      <trkpt lat="52.11808" lon="-122.132785" />
      <trkpt lat="52.119121" lon="-122.132108" />
      <trkpt lat="52.119388" lon="-122.131933" />
      <trkpt lat="52.11985" lon="-122.13163" />
      <trkpt lat="52.121372" lon="-122.130631" />
      <trkpt lat="52.121529" lon="-122.130532" />
      <trkpt lat="52.12193" lon="-122.13028" />
      <trkpt lat="52.12203" lon="-122.130132" />
      <trkpt lat="52.122112" lon="-122.130085" />
      <trkpt lat="52.122282" lon="-122.129975" />
      <trkpt lat="52.122858" lon="-122.129603" />
      <trkpt lat="52.123434" lon="-122.129248" />
      <trkpt lat="52.123537" lon="-122.129184" />
      <trkpt lat="52.123774" lon="-122.129031" />
      <trkpt lat="52.124691" lon="-122.128493" />
      <trkpt lat="52.125273" lon="-122.128268" />
      <trkpt lat="52.126622" lon="-122.127947" />
      <trkpt lat="52.127283" lon="-122.127789" />
      <trkpt lat="52.127457" lon="-122.127772" />
      <trkpt lat="52.127499" lon="-122.127963" />
      <trkpt lat="52.127768" lon="-122.128995" />
      <trkpt lat="52.127923" lon="-122.129464" />
      <trkpt lat="52.128113" lon="-122.130114" />
      <trkpt lat="52.128328" lon="-122.131235" />
      <trkpt lat="52.128459" lon="-122.132351" />
      <trkpt lat="52.128423" lon="-122.132514" />
      <trkpt lat="52.128441" lon="-122.133179" />
      <trkpt lat="52.128441" lon="-122.133282" />
      <trkpt lat="52.128443" lon="-122.133733" />
      <trkpt lat="52.128434" lon="-122.134518" />
      <trkpt lat="52.128419" lon="-122.134793" />
      <trkpt lat="52.128375" lon="-122.1356" />
      <trkpt lat="52.128361" lon="-122.135849" />
      <trkpt lat="52.128522" lon="-122.135988" />
      <trkpt lat="52.128652" lon="-122.1361" />
      <trkpt lat="52.128771" lon="-122.136183" />
      <trkpt lat="52.129001" lon="-122.136233" />
      <trkpt lat="52.129342" lon="-122.136251" />
      <trkpt lat="52.129875" lon="-122.136258" />
      <trkpt lat="52.12995" lon="-122.136259" />
      <trkpt lat="52.129947" lon="-122.136447" />
      <trkpt lat="52.129917" lon="-122.138468" />
      <trkpt lat="52.129893" lon="-122.139996" />
    </trkseg>
  </trk>
</gpx>
