<?xml version="1.0" encoding="UTF-8"?>
<gpx version="1.1"
  creator="BC Backroads research map"
  xmlns="http://www.topografix.com/GPX/1/1"
  xmlns:xsi="http://www.w3.org/2001/XMLSchema-instance"
  xmlns:bcbr="https://konradstaniszewski.com/ns/bc-backroads/1"
  xsi:schemaLocation="http://www.topografix.com/GPX/1/1 http://www.topografix.com/GPX/1/1/gpx.xsd">
  <metadata>
    <name>VI-22 · Youbou–Port Alberni–Bamfield</name>
    <desc>Strong corridor concept, but modern gates, private land, bridges and road upgrades invalidate the old ready-to-ride GPX. Road geometry derived from OpenStreetMap contributors under ODbL; route selection is an independently authored research overview. Verify land access, closures, gates, weather and field signage.</desc>
    <copyright author="OpenStreetMap contributors">
      <year>2026</year>
      <license>https://opendatacommons.org/licenses/odbl/1-0/</license>
    </copyright>
    <time>2026-09-09T00:00:00Z</time>
  </metadata>
  <trk>
    <name>Youbou–Port Alberni–Bamfield</name>
    <type>candidate</type>
    <extensions>
      <bcbr:routeId>VI-22</bcbr:routeId>
      <bcbr:geometryPolicy>link-only</bcbr:geometryPolicy>
      <bcbr:geometrySource>OpenStreetMap optimized loop routing</bcbr:geometrySource>
      <bcbr:geometryUpdatedAt>2026-09-09</bcbr:geometryUpdatedAt>
      <bcbr:pointCount>5280</bcbr:pointCount>
    </extensions>
    <trkseg>
      <trkpt lat="48.867944" lon="-124.181342" />
      <trkpt lat="48.8681" lon="-124.181897" />
      <trkpt lat="48.868524" lon="-124.183233" />
      <trkpt lat="48.869128" lon="-124.184924" />
      <trkpt lat="48.869184" lon="-124.185069" />
      <trkpt lat="48.869299" lon="-124.18546" />
      <trkpt lat="48.869466" lon="-124.186543" />
      <trkpt lat="48.869533" lon="-124.18684" />
      <trkpt lat="48.869644" lon="-124.187338" />
      <trkpt lat="48.870036" lon="-124.189095" />
      <trkpt lat="48.87008" lon="-124.189294" />
      <trkpt lat="48.870507" lon="-124.190657" />
      <trkpt lat="48.870609" lon="-124.190915" />
      <trkpt lat="48.870965" lon="-124.191704" />
      <trkpt lat="48.871134" lon="-124.192049" />
      <trkpt lat="48.871266" lon="-124.192332" />
      <trkpt lat="48.871295" lon="-124.192394" />
      <trkpt lat="48.871415" lon="-124.192748" />
      <trkpt lat="48.871427" lon="-124.192781" />
      <trkpt lat="48.871649" lon="-124.193612" />
      <trkpt lat="48.871971" lon="-124.195017" />
      <trkpt lat="48.87203" lon="-124.19533" />
      <trkpt lat="48.872102" lon="-124.19574" />
      <trkpt lat="48.872193" lon="-124.19632" />
      <trkpt lat="48.87278" lon="-124.200005" />
      <trkpt lat="48.873197" lon="-124.202652" />
      <trkpt lat="48.873278" lon="-124.203146" />
      <trkpt lat="48.873583" lon="-124.205027" />
      <trkpt lat="48.873671" lon="-124.205384" />
      <trkpt lat="48.873859" lon="-124.205861" />
      <trkpt lat="48.873988" lon="-124.206194" />
      <trkpt lat="48.874098" lon="-124.206479" />
      <trkpt lat="48.874121" lon="-124.20654" />
      <trkpt lat="48.874165" lon="-124.206686" />
      <trkpt lat="48.874193" lon="-124.206781" />
      <trkpt lat="48.87483" lon="-124.208921" />
      <trkpt lat="48.875001" lon="-124.209495" />
      <trkpt lat="48.875056" lon="-124.209766" />
      <trkpt lat="48.875084" lon="-124.210088" />
      <trkpt lat="48.875101" lon="-124.210731" />
      <trkpt lat="48.875102" lon="-124.210923" />
      <trkpt lat="48.87513" lon="-124.213808" />
      <trkpt lat="48.875141" lon="-124.214098" />
      <trkpt lat="48.875165" lon="-124.214274" />
      <trkpt lat="48.875191" lon="-124.214415" />
      <trkpt lat="48.875206" lon="-124.214495" />
      <trkpt lat="48.875399" lon="-124.215288" />
      <trkpt lat="48.875587" lon="-124.216045" />
      <trkpt lat="48.875698" lon="-124.216459" />
      <trkpt lat="48.87601" lon="-124.217064" />
      <trkpt lat="48.876555" lon="-124.217915" />
      <trkpt lat="48.876794" lon="-124.218209" />
      <trkpt lat="48.876845" lon="-124.218272" />
      <trkpt lat="48.876915" lon="-124.218344" />
      <trkpt lat="48.877568" lon="-124.218889" />
      <trkpt lat="48.877715" lon="-124.219017" />
      <trkpt lat="48.877792" lon="-124.219102" />
      <trkpt lat="48.877879" lon="-124.219212" />
      <trkpt lat="48.878051" lon="-124.219431" />
      <trkpt lat="48.878175" lon="-124.219589" />
      <trkpt lat="48.878281" lon="-124.219732" />
      <trkpt lat="48.87845" lon="-124.219958" />
      <trkpt lat="48.878618" lon="-124.220186" />
      <trkpt lat="48.878734" lon="-124.220351" />
      <trkpt lat="48.878831" lon="-124.220494" />
      <trkpt lat="48.878942" lon="-124.220669" />
      <trkpt lat="48.878987" lon="-124.220749" />
      <trkpt lat="48.879042" lon="-124.220846" />
      <trkpt lat="48.879207" lon="-124.221125" />
      <trkpt lat="48.879398" lon="-124.221432" />
      <trkpt lat="48.879711" lon="-124.221921" />
      <trkpt lat="48.879792" lon="-124.222047" />
      <trkpt lat="48.879883" lon="-124.222202" />
      <trkpt lat="48.87995" lon="-124.222335" />
      <trkpt lat="48.880009" lon="-124.222457" />
      <trkpt lat="48.88018" lon="-124.222861" />
      <trkpt lat="48.880282" lon="-124.22312" />
      <trkpt lat="48.880354" lon="-124.223311" />
      <trkpt lat="48.88041" lon="-124.223512" />
      <trkpt lat="48.880457" lon="-124.223698" />
      <trkpt lat="48.880505" lon="-124.223935" />
      <trkpt lat="48.880536" lon="-124.224124" />
      <trkpt lat="48.880563" lon="-124.224353" />
      <trkpt lat="48.880587" lon="-124.224617" />
      <trkpt lat="48.880611" lon="-124.225138" />
      <trkpt lat="48.880619" lon="-124.225357" />
      <trkpt lat="48.880615" lon="-124.225583" />
      <trkpt lat="48.880605" lon="-124.225818" />
      <trkpt lat="48.880579" lon="-124.226118" />
      <trkpt lat="48.880537" lon="-124.226514" />
      <trkpt lat="48.880476" lon="-124.227064" />
      <trkpt lat="48.880431" lon="-124.227426" />
      <trkpt lat="48.880373" lon="-124.227865" />
      <trkpt lat="48.880361" lon="-124.227978" />
      <trkpt lat="48.880358" lon="-124.228074" />
      <trkpt lat="48.880357" lon="-124.2282" />
      <trkpt lat="48.88036" lon="-124.228357" />
      <trkpt lat="48.88037" lon="-124.228589" />
      <trkpt lat="48.880372" lon="-124.22876" />
      <trkpt lat="48.880366" lon="-124.228942" />
      <trkpt lat="48.880356" lon="-124.229149" />
      <trkpt lat="48.880329" lon="-124.229408" />
      <trkpt lat="48.880272" lon="-124.229878" />
      <trkpt lat="48.880208" lon="-124.230377" />
      <trkpt lat="48.880143" lon="-124.230909" />
      <trkpt lat="48.880121" lon="-124.231125" />
      <trkpt lat="48.880114" lon="-124.231283" />
      <trkpt lat="48.880115" lon="-124.231422" />
      <trkpt lat="48.880124" lon="-124.231538" />
      <trkpt lat="48.880139" lon="-124.231657" />
      <trkpt lat="48.880166" lon="-124.231778" />
      <trkpt lat="48.880198" lon="-124.231884" />
      <trkpt lat="48.880233" lon="-124.231976" />
      <trkpt lat="48.880274" lon="-124.232063" />
      <trkpt lat="48.880333" lon="-124.232166" />
      <trkpt lat="48.880419" lon="-124.232301" />
      <trkpt lat="48.880568" lon="-124.232513" />
      <trkpt lat="48.88081" lon="-124.232851" />
      <trkpt lat="48.881048" lon="-124.233177" />
      <trkpt lat="48.881287" lon="-124.233506" />
      <trkpt lat="48.881566" lon="-124.233886" />
      <trkpt lat="48.881792" lon="-124.23419" />
      <trkpt lat="48.882022" lon="-124.234504" />
      <trkpt lat="48.882219" lon="-124.234782" />
      <trkpt lat="48.88238" lon="-124.23501" />
      <trkpt lat="48.882499" lon="-124.23519" />
      <trkpt lat="48.882726" lon="-124.235574" />
      <trkpt lat="48.882963" lon="-124.235955" />
      <trkpt lat="48.883119" lon="-124.236181" />
      <trkpt lat="48.883254" lon="-124.236352" />
      <trkpt lat="48.883513" lon="-124.236639" />
      <trkpt lat="48.883722" lon="-124.23688" />
      <trkpt lat="48.883868" lon="-124.237045" />
      <trkpt lat="48.88399" lon="-124.237164" />
      <trkpt lat="48.884128" lon="-124.237273" />
      <trkpt lat="48.884305" lon="-124.237398" />
      <trkpt lat="48.88458" lon="-124.237553" />
      <trkpt lat="48.884839" lon="-124.237699" />
      <trkpt lat="48.885084" lon="-124.237828" />
      <trkpt lat="48.885314" lon="-124.237948" />
      <trkpt lat="48.885943" lon="-124.238245" />
      <trkpt lat="48.88655" lon="-124.238537" />
      <trkpt lat="48.8868" lon="-124.238677" />
      <trkpt lat="48.886966" lon="-124.238772" />
      <trkpt lat="48.887047" lon="-124.238825" />
      <trkpt lat="48.887129" lon="-124.238892" />
      <trkpt lat="48.887226" lon="-124.238981" />
      <trkpt lat="48.887326" lon="-124.239084" />
      <trkpt lat="48.887395" lon="-124.239174" />
      <trkpt lat="48.887449" lon="-124.239261" />
      <trkpt lat="48.887491" lon="-124.23936" />
      <trkpt lat="48.887516" lon="-124.239442" />
      <trkpt lat="48.887529" lon="-124.239524" />
      <trkpt lat="48.887532" lon="-124.239612" />
      <trkpt lat="48.887526" lon="-124.239723" />
      <trkpt lat="48.887511" lon="-124.239822" />
      <trkpt lat="48.887474" lon="-124.23994" />
      <trkpt lat="48.887433" lon="-124.24006" />
      <trkpt lat="48.887357" lon="-124.24022" />
      <trkpt lat="48.887216" lon="-124.240489" />
      <trkpt lat="48.887106" lon="-124.240683" />
      <trkpt lat="48.886995" lon="-124.240867" />
      <trkpt lat="48.886841" lon="-124.241088" />
      <trkpt lat="48.886718" lon="-124.241276" />
      <trkpt lat="48.886611" lon="-124.241469" />
      <trkpt lat="48.886563" lon="-124.241577" />
      <trkpt lat="48.886528" lon="-124.241687" />
      <trkpt lat="48.886497" lon="-124.241803" />
      <trkpt lat="48.886465" lon="-124.241956" />
      <trkpt lat="48.886434" lon="-124.242166" />
      <trkpt lat="48.886392" lon="-124.24251" />
      <trkpt lat="48.886362" lon="-124.242815" />
      <trkpt lat="48.886343" lon="-124.243057" />
      <trkpt lat="48.886335" lon="-124.243264" />
      <trkpt lat="48.886334" lon="-124.243477" />
      <trkpt lat="48.886336" lon="-124.243679" />
      <trkpt lat="48.886346" lon="-124.243918" />
      <trkpt lat="48.88636" lon="-124.244166" />
      <trkpt lat="48.886386" lon="-124.244508" />
      <trkpt lat="48.886421" lon="-124.244853" />
      <trkpt lat="48.886483" lon="-124.245412" />
      <trkpt lat="48.886509" lon="-124.245683" />
      <trkpt lat="48.886524" lon="-124.245928" />
      <trkpt lat="48.886537" lon="-124.246261" />
      <trkpt lat="48.886558" lon="-124.246838" />
      <trkpt lat="48.886571" lon="-124.247369" />
      <trkpt lat="48.886574" lon="-124.247817" />
      <trkpt lat="48.886566" lon="-124.248596" />
      <trkpt lat="48.886566" lon="-124.248865" />
      <trkpt lat="48.886574" lon="-124.249056" />
      <trkpt lat="48.886588" lon="-124.24924" />
      <trkpt lat="48.886612" lon="-124.24948" />
      <trkpt lat="48.88664" lon="-124.249681" />
      <trkpt lat="48.886673" lon="-124.249903" />
      <trkpt lat="48.886711" lon="-124.250122" />
      <trkpt lat="48.886777" lon="-124.250452" />
      <trkpt lat="48.886887" lon="-124.251027" />
      <trkpt lat="48.886924" lon="-124.251232" />
      <trkpt lat="48.88699" lon="-124.251652" />
      <trkpt lat="48.887117" lon="-124.25243" />
      <trkpt lat="48.887277" lon="-124.253441" />
      <trkpt lat="48.887335" lon="-124.253817" />
      <trkpt lat="48.887384" lon="-124.254164" />
      <trkpt lat="48.887418" lon="-124.254446" />
      <trkpt lat="48.887458" lon="-124.254812" />
      <trkpt lat="48.887491" lon="-124.255326" />
      <trkpt lat="48.887505" lon="-124.255608" />
      <trkpt lat="48.887508" lon="-124.255905" />
      <trkpt lat="48.887505" lon="-124.256217" />
      <trkpt lat="48.887489" lon="-124.256577" />
      <trkpt lat="48.887424" lon="-124.257538" />
      <trkpt lat="48.887417" lon="-124.257772" />
      <trkpt lat="48.887425" lon="-124.257945" />
      <trkpt lat="48.887443" lon="-124.258116" />
      <trkpt lat="48.887465" lon="-124.258246" />
      <trkpt lat="48.887492" lon="-124.258362" />
      <trkpt lat="48.887534" lon="-124.258512" />
      <trkpt lat="48.887577" lon="-124.258638" />
      <trkpt lat="48.887629" lon="-124.258757" />
      <trkpt lat="48.887705" lon="-124.258893" />
      <trkpt lat="48.887877" lon="-124.259164" />
      <trkpt lat="48.888033" lon="-124.259392" />
      <trkpt lat="48.888187" lon="-124.259628" />
      <trkpt lat="48.888312" lon="-124.259832" />
      <trkpt lat="48.888417" lon="-124.260024" />
      <trkpt lat="48.888559" lon="-124.260296" />
      <trkpt lat="48.888642" lon="-124.260483" />
      <trkpt lat="48.888729" lon="-124.2607" />
      <trkpt lat="48.888853" lon="-124.261043" />
      <trkpt lat="48.888973" lon="-124.261369" />
      <trkpt lat="48.889109" lon="-124.261744" />
      <trkpt lat="48.889179" lon="-124.261954" />
      <trkpt lat="48.88938" lon="-124.262611" />
      <trkpt lat="48.8895" lon="-124.262988" />
      <trkpt lat="48.889622" lon="-124.263321" />
      <trkpt lat="48.889783" lon="-124.263797" />
      <trkpt lat="48.889957" lon="-124.264393" />
      <trkpt lat="48.890148" lon="-124.265" />
      <trkpt lat="48.890398" lon="-124.265781" />
      <trkpt lat="48.890651" lon="-124.266573" />
      <trkpt lat="48.890781" lon="-124.26696" />
      <trkpt lat="48.890923" lon="-124.267339" />
      <trkpt lat="48.891088" lon="-124.267774" />
      <trkpt lat="48.891201" lon="-124.268047" />
      <trkpt lat="48.891318" lon="-124.268306" />
      <trkpt lat="48.891454" lon="-124.268584" />
      <trkpt lat="48.89181" lon="-124.269281" />
      <trkpt lat="48.892237" lon="-124.27011" />
      <trkpt lat="48.892483" lon="-124.270625" />
      <trkpt lat="48.89271" lon="-124.271053" />
      <trkpt lat="48.893039" lon="-124.271694" />
      <trkpt lat="48.893269" lon="-124.272121" />
      <trkpt lat="48.89339" lon="-124.272379" />
      <trkpt lat="48.893488" lon="-124.272608" />
      <trkpt lat="48.893605" lon="-124.272881" />
      <trkpt lat="48.893704" lon="-124.273149" />
      <trkpt lat="48.893786" lon="-124.273401" />
      <trkpt lat="48.893854" lon="-124.273636" />
      <trkpt lat="48.89392" lon="-124.273919" />
      <trkpt lat="48.893974" lon="-124.274201" />
      <trkpt lat="48.894016" lon="-124.274487" />
      <trkpt lat="48.894055" lon="-124.274823" />
      <trkpt lat="48.894084" lon="-124.275111" />
      <trkpt lat="48.894097" lon="-124.27538" />
      <trkpt lat="48.894108" lon="-124.275737" />
      <trkpt lat="48.894121" lon="-124.276414" />
      <trkpt lat="48.894135" lon="-124.277509" />
      <trkpt lat="48.894134" lon="-124.279526" />
      <trkpt lat="48.894138" lon="-124.279732" />
      <trkpt lat="48.894157" lon="-124.280018" />
      <trkpt lat="48.894201" lon="-124.28041" />
      <trkpt lat="48.89426" lon="-124.280896" />
      <trkpt lat="48.89433" lon="-124.281288" />
      <trkpt lat="48.894397" lon="-124.28163" />
      <trkpt lat="48.894472" lon="-124.281882" />
      <trkpt lat="48.894593" lon="-124.282207" />
      <trkpt lat="48.894717" lon="-124.282519" />
      <trkpt lat="48.894848" lon="-124.282806" />
      <trkpt lat="48.894949" lon="-124.282962" />
      <trkpt lat="48.895135" lon="-124.283241" />
      <trkpt lat="48.895456" lon="-124.283695" />
      <trkpt lat="48.896011" lon="-124.284513" />
      <trkpt lat="48.896564" lon="-124.285303" />
      <trkpt lat="48.897213" lon="-124.286219" />
      <trkpt lat="48.897607" lon="-124.286803" />
      <trkpt lat="48.897982" lon="-124.287329" />
      <trkpt lat="48.898543" lon="-124.288169" />
      <trkpt lat="48.898861" lon="-124.288603" />
      <trkpt lat="48.899113" lon="-124.288942" />
      <trkpt lat="48.899289" lon="-124.289147" />
      <trkpt lat="48.899468" lon="-124.289328" />
      <trkpt lat="48.899629" lon="-124.289486" />
      <trkpt lat="48.899795" lon="-124.289635" />
      <trkpt lat="48.899971" lon="-124.28978" />
      <trkpt lat="48.900283" lon="-124.290029" />
      <trkpt lat="48.900488" lon="-124.290217" />
      <trkpt lat="48.900636" lon="-124.290362" />
      <trkpt lat="48.900784" lon="-124.29052" />
      <trkpt lat="48.900954" lon="-124.290756" />
      <trkpt lat="48.901085" lon="-124.290942" />
      <trkpt lat="48.90121" lon="-124.291137" />
      <trkpt lat="48.901387" lon="-124.291459" />
      <trkpt lat="48.901654" lon="-124.291959" />
      <trkpt lat="48.901917" lon="-124.292479" />
      <trkpt lat="48.902181" lon="-124.293049" />
      <trkpt lat="48.902391" lon="-124.293497" />
      <trkpt lat="48.902582" lon="-124.293937" />
      <trkpt lat="48.902698" lon="-124.294231" />
      <trkpt lat="48.902799" lon="-124.294521" />
      <trkpt lat="48.902876" lon="-124.294778" />
      <trkpt lat="48.90293" lon="-124.295008" />
      <trkpt lat="48.90321" lon="-124.296442" />
      <trkpt lat="48.903392" lon="-124.297298" />
      <trkpt lat="48.903522" lon="-124.297971" />
      <trkpt lat="48.903627" lon="-124.298627" />
      <trkpt lat="48.903717" lon="-124.299228" />
      <trkpt lat="48.903794" lon="-124.29982" />
      <trkpt lat="48.903839" lon="-124.300333" />
      <trkpt lat="48.903867" lon="-124.300806" />
      <trkpt lat="48.903877" lon="-124.301232" />
      <trkpt lat="48.90385" lon="-124.301633" />
      <trkpt lat="48.90373" lon="-124.302861" />
      <trkpt lat="48.903667" lon="-124.303514" />
      <trkpt lat="48.903649" lon="-124.303893" />
      <trkpt lat="48.903645" lon="-124.304132" />
      <trkpt lat="48.90365" lon="-124.304387" />
      <trkpt lat="48.903664" lon="-124.304583" />
      <trkpt lat="48.903685" lon="-124.304764" />
      <trkpt lat="48.90372" lon="-124.304975" />
      <trkpt lat="48.903762" lon="-124.305195" />
      <trkpt lat="48.903817" lon="-124.30541" />
      <trkpt lat="48.903876" lon="-124.305598" />
      <trkpt lat="48.903961" lon="-124.305841" />
      <trkpt lat="48.904049" lon="-124.306062" />
      <trkpt lat="48.904131" lon="-124.306234" />
      <trkpt lat="48.904236" lon="-124.306435" />
      <trkpt lat="48.904328" lon="-124.306593" />
      <trkpt lat="48.904471" lon="-124.306808" />
      <trkpt lat="48.904633" lon="-124.307027" />
      <trkpt lat="48.904951" lon="-124.307452" />
      <trkpt lat="48.90547" lon="-124.308137" />
      <trkpt lat="48.90579" lon="-124.308576" />
      <trkpt lat="48.905804" lon="-124.308594" />
      <trkpt lat="48.905905" lon="-124.308734" />
      <trkpt lat="48.906654" lon="-124.309745" />
      <trkpt lat="48.906861" lon="-124.310034" />
      <trkpt lat="48.907101" lon="-124.310358" />
      <trkpt lat="48.907575" lon="-124.310991" />
      <trkpt lat="48.907972" lon="-124.311507" />
      <trkpt lat="48.908108" lon="-124.311711" />
      <trkpt lat="48.908239" lon="-124.311927" />
      <trkpt lat="48.908353" lon="-124.312133" />
      <trkpt lat="48.908447" lon="-124.312333" />
      <trkpt lat="48.908536" lon="-124.312553" />
      <trkpt lat="48.908621" lon="-124.312804" />
      <trkpt lat="48.908699" lon="-124.313059" />
      <trkpt lat="48.908757" lon="-124.313276" />
      <trkpt lat="48.908799" lon="-124.313489" />
      <trkpt lat="48.908843" lon="-124.313764" />
      <trkpt lat="48.908876" lon="-124.314024" />
      <trkpt lat="48.908899" lon="-124.314295" />
      <trkpt lat="48.908903" lon="-124.314557" />
      <trkpt lat="48.908899" lon="-124.314761" />
      <trkpt lat="48.908882" lon="-124.314971" />
      <trkpt lat="48.908846" lon="-124.315229" />
      <trkpt lat="48.908788" lon="-124.315597" />
      <trkpt lat="48.908741" lon="-124.315869" />
      <trkpt lat="48.908714" lon="-124.316029" />
      <trkpt lat="48.908595" lon="-124.316587" />
      <trkpt lat="48.908517" lon="-124.316928" />
      <trkpt lat="48.908452" lon="-124.317199" />
      <trkpt lat="48.908372" lon="-124.317502" />
      <trkpt lat="48.908168" lon="-124.318205" />
      <trkpt lat="48.908114" lon="-124.318433" />
      <trkpt lat="48.908081" lon="-124.318627" />
      <trkpt lat="48.908054" lon="-124.318839" />
      <trkpt lat="48.90804" lon="-124.319071" />
      <trkpt lat="48.908035" lon="-124.319416" />
      <trkpt lat="48.908042" lon="-124.319738" />
      <trkpt lat="48.908059" lon="-124.32001" />
      <trkpt lat="48.908106" lon="-124.320357" />
      <trkpt lat="48.908159" lon="-124.320679" />
      <trkpt lat="48.908214" lon="-124.320968" />
      <trkpt lat="48.908275" lon="-124.32121" />
      <trkpt lat="48.908344" lon="-124.321449" />
      <trkpt lat="48.9084" lon="-124.321623" />
      <trkpt lat="48.908474" lon="-124.321836" />
      <trkpt lat="48.90857" lon="-124.32208" />
      <trkpt lat="48.908738" lon="-124.322489" />
      <trkpt lat="48.908955" lon="-124.323018" />
      <trkpt lat="48.90905" lon="-124.323279" />
      <trkpt lat="48.909209" lon="-124.323717" />
      <trkpt lat="48.90939" lon="-124.324207" />
      <trkpt lat="48.909607" lon="-124.324821" />
      <trkpt lat="48.909897" lon="-124.325645" />
      <trkpt lat="48.91001" lon="-124.325962" />
      <trkpt lat="48.910106" lon="-124.326295" />
      <trkpt lat="48.910229" lon="-124.326773" />
      <trkpt lat="48.910297" lon="-124.327067" />
      <trkpt lat="48.910341" lon="-124.327311" />
      <trkpt lat="48.910377" lon="-124.327592" />
      <trkpt lat="48.910402" lon="-124.327873" />
      <trkpt lat="48.910424" lon="-124.328221" />
      <trkpt lat="48.910444" lon="-124.328618" />
      <trkpt lat="48.910476" lon="-124.329388" />
      <trkpt lat="48.910499" lon="-124.329845" />
      <trkpt lat="48.910524" lon="-124.330178" />
      <trkpt lat="48.910552" lon="-124.330447" />
      <trkpt lat="48.910584" lon="-124.33071" />
      <trkpt lat="48.910619" lon="-124.330934" />
      <trkpt lat="48.910658" lon="-124.331168" />
      <trkpt lat="48.910691" lon="-124.331319" />
      <trkpt lat="48.910748" lon="-124.331499" />
      <trkpt lat="48.910847" lon="-124.33177" />
      <trkpt lat="48.911002" lon="-124.332161" />
      <trkpt lat="48.911118" lon="-124.332418" />
      <trkpt lat="48.911208" lon="-124.332654" />
      <trkpt lat="48.911309" lon="-124.332934" />
      <trkpt lat="48.91145" lon="-124.333365" />
      <trkpt lat="48.911516" lon="-124.333591" />
      <trkpt lat="48.911591" lon="-124.333909" />
      <trkpt lat="48.911635" lon="-124.334145" />
      <trkpt lat="48.911681" lon="-124.334457" />
      <trkpt lat="48.911717" lon="-124.334815" />
      <trkpt lat="48.911743" lon="-124.335139" />
      <trkpt lat="48.911766" lon="-124.335745" />
      <trkpt lat="48.911796" lon="-124.336205" />
      <trkpt lat="48.911821" lon="-124.33658" />
      <trkpt lat="48.911856" lon="-124.336881" />
      <trkpt lat="48.911881" lon="-124.337056" />
      <trkpt lat="48.911962" lon="-124.337534" />
      <trkpt lat="48.912078" lon="-124.338108" />
      <trkpt lat="48.912204" lon="-124.33858" />
      <trkpt lat="48.912304" lon="-124.338955" />
      <trkpt lat="48.912371" lon="-124.339194" />
      <trkpt lat="48.912439" lon="-124.339391" />
      <trkpt lat="48.912754" lon="-124.340188" />
      <trkpt lat="48.912965" lon="-124.340735" />
      <trkpt lat="48.913169" lon="-124.34127" />
      <trkpt lat="48.913291" lon="-124.341579" />
      <trkpt lat="48.913471" lon="-124.342003" />
      <trkpt lat="48.913545" lon="-124.342185" />
      <trkpt lat="48.913621" lon="-124.342399" />
      <trkpt lat="48.913689" lon="-124.342637" />
      <trkpt lat="48.913887" lon="-124.343437" />
      <trkpt lat="48.914039" lon="-124.344065" />
      <trkpt lat="48.914115" lon="-124.344392" />
      <trkpt lat="48.914169" lon="-124.34465" />
      <trkpt lat="48.914228" lon="-124.345004" />
      <trkpt lat="48.914434" lon="-124.346344" />
      <trkpt lat="48.914667" lon="-124.347823" />
      <trkpt lat="48.914725" lon="-124.348117" />
      <trkpt lat="48.91481" lon="-124.348475" />
      <trkpt lat="48.914913" lon="-124.348896" />
      <trkpt lat="48.915028" lon="-124.349293" />
      <trkpt lat="48.915178" lon="-124.349786" />
      <trkpt lat="48.915311" lon="-124.350203" />
      <trkpt lat="48.915525" lon="-124.350861" />
      <trkpt lat="48.915828" lon="-124.351793" />
      <trkpt lat="48.915915" lon="-124.352104" />
      <trkpt lat="48.91597" lon="-124.352337" />
      <trkpt lat="48.91601" lon="-124.352573" />
      <trkpt lat="48.916053" lon="-124.352936" />
      <trkpt lat="48.916072" lon="-124.353184" />
      <trkpt lat="48.916075" lon="-124.353388" />
      <trkpt lat="48.916066" lon="-124.353674" />
      <trkpt lat="48.916052" lon="-124.354025" />
      <trkpt lat="48.916049" lon="-124.354284" />
      <trkpt lat="48.916059" lon="-124.354536" />
      <trkpt lat="48.916081" lon="-124.354839" />
      <trkpt lat="48.916135" lon="-124.355328" />
      <trkpt lat="48.916191" lon="-124.355738" />
      <trkpt lat="48.916249" lon="-124.356097" />
      <trkpt lat="48.916323" lon="-124.356468" />
      <trkpt lat="48.916397" lon="-124.356787" />
      <trkpt lat="48.916468" lon="-124.357048" />
      <trkpt lat="48.916557" lon="-124.357307" />
      <trkpt lat="48.91671" lon="-124.357731" />
      <trkpt lat="48.916886" lon="-124.358184" />
      <trkpt lat="48.917014" lon="-124.358489" />
      <trkpt lat="48.91708" lon="-124.35865" />
      <trkpt lat="48.917169" lon="-124.358839" />
      <trkpt lat="48.917294" lon="-124.35908" />
      <trkpt lat="48.917442" lon="-124.359327" />
      <trkpt lat="48.917587" lon="-124.359544" />
      <trkpt lat="48.917783" lon="-124.359808" />
      <trkpt lat="48.917992" lon="-124.360091" />
      <trkpt lat="48.918344" lon="-124.36057" />
      <trkpt lat="48.918596" lon="-124.360916" />
      <trkpt lat="48.918735" lon="-124.361139" />
      <trkpt lat="48.918837" lon="-124.361322" />
      <trkpt lat="48.918944" lon="-124.361562" />
      <trkpt lat="48.919038" lon="-124.361783" />
      <trkpt lat="48.919107" lon="-124.362006" />
      <trkpt lat="48.919172" lon="-124.362224" />
      <trkpt lat="48.919216" lon="-124.36241" />
      <trkpt lat="48.919259" lon="-124.362657" />
      <trkpt lat="48.919316" lon="-124.363038" />
      <trkpt lat="48.919373" lon="-124.363451" />
      <trkpt lat="48.919428" lon="-124.363897" />
      <trkpt lat="48.919465" lon="-124.364243" />
      <trkpt lat="48.919493" lon="-124.364647" />
      <trkpt lat="48.919522" lon="-124.365224" />
      <trkpt lat="48.919548" lon="-124.365717" />
      <trkpt lat="48.919582" lon="-124.366067" />
      <trkpt lat="48.919631" lon="-124.366405" />
      <trkpt lat="48.919708" lon="-124.366875" />
      <trkpt lat="48.919806" lon="-124.367448" />
      <trkpt lat="48.919917" lon="-124.368028" />
      <trkpt lat="48.919949" lon="-124.368193" />
      <trkpt lat="48.92001" lon="-124.368508" />
      <trkpt lat="48.920099" lon="-124.368957" />
      <trkpt lat="48.920137" lon="-124.369127" />
      <trkpt lat="48.920307" lon="-124.369878" />
      <trkpt lat="48.920401" lon="-124.370289" />
      <trkpt lat="48.920491" lon="-124.37065" />
      <trkpt lat="48.920573" lon="-124.370961" />
      <trkpt lat="48.920674" lon="-124.371277" />
      <trkpt lat="48.920793" lon="-124.371619" />
      <trkpt lat="48.920937" lon="-124.372004" />
      <trkpt lat="48.92114" lon="-124.372547" />
      <trkpt lat="48.92129" lon="-124.37297" />
      <trkpt lat="48.9214" lon="-124.373276" />
      <trkpt lat="48.92163" lon="-124.373901" />
      <trkpt lat="48.921729" lon="-124.374202" />
      <trkpt lat="48.921838" lon="-124.374583" />
      <trkpt lat="48.921928" lon="-124.374945" />
      <trkpt lat="48.922027" lon="-124.375413" />
      <trkpt lat="48.922078" lon="-124.37572" />
      <trkpt lat="48.922102" lon="-124.375928" />
      <trkpt lat="48.922172" lon="-124.376942" />
      <trkpt lat="48.922252" lon="-124.377986" />
      <trkpt lat="48.922367" lon="-124.379436" />
      <trkpt lat="48.922438" lon="-124.380398" />
      <trkpt lat="48.922493" lon="-124.381326" />
      <trkpt lat="48.922536" lon="-124.382166" />
      <trkpt lat="48.922596" lon="-124.382895" />
      <trkpt lat="48.922649" lon="-124.383504" />
      <trkpt lat="48.922714" lon="-124.384108" />
      <trkpt lat="48.922742" lon="-124.384491" />
      <trkpt lat="48.922773" lon="-124.385225" />
      <trkpt lat="48.922831" lon="-124.386206" />
      <trkpt lat="48.922898" lon="-124.387107" />
      <trkpt lat="48.92294" lon="-124.387678" />
      <trkpt lat="48.92304" lon="-124.389201" />
      <trkpt lat="48.923092" lon="-124.389992" />
      <trkpt lat="48.923119" lon="-124.39036" />
      <trkpt lat="48.923243" lon="-124.392061" />
      <trkpt lat="48.923299" lon="-124.392694" />
      <trkpt lat="48.923348" lon="-124.3932" />
      <trkpt lat="48.923376" lon="-124.393592" />
      <trkpt lat="48.92339" lon="-124.393796" />
      <trkpt lat="48.92367" lon="-124.397946" />
      <trkpt lat="48.923691" lon="-124.398451" />
      <trkpt lat="48.923707" lon="-124.398753" />
      <trkpt lat="48.923738" lon="-124.399242" />
      <trkpt lat="48.923758" lon="-124.399643" />
      <trkpt lat="48.923755" lon="-124.400019" />
      <trkpt lat="48.923733" lon="-124.400367" />
      <trkpt lat="48.923707" lon="-124.400736" />
      <trkpt lat="48.92366" lon="-124.401141" />
      <trkpt lat="48.923589" lon="-124.401602" />
      <trkpt lat="48.923513" lon="-124.402025" />
      <trkpt lat="48.923435" lon="-124.402404" />
      <trkpt lat="48.923377" lon="-124.402658" />
      <trkpt lat="48.923309" lon="-124.402909" />
      <trkpt lat="48.923131" lon="-124.403413" />
      <trkpt lat="48.922988" lon="-124.403768" />
      <trkpt lat="48.922851" lon="-124.404094" />
      <trkpt lat="48.922587" lon="-124.40467" />
      <trkpt lat="48.922092" lon="-124.405701" />
      <trkpt lat="48.921692" lon="-124.406523" />
      <trkpt lat="48.92144" lon="-124.407039" />
      <trkpt lat="48.921161" lon="-124.407717" />
      <trkpt lat="48.921059" lon="-124.408079" />
      <trkpt lat="48.920994" lon="-124.408386" />
      <trkpt lat="48.920946" lon="-124.40867" />
      <trkpt lat="48.920886" lon="-124.409176" />
      <trkpt lat="48.920801" lon="-124.409967" />
      <trkpt lat="48.920722" lon="-124.410681" />
      <trkpt lat="48.920514" lon="-124.413367" />
      <trkpt lat="48.920507" lon="-124.41362" />
      <trkpt lat="48.92051" lon="-124.413888" />
      <trkpt lat="48.920524" lon="-124.414139" />
      <trkpt lat="48.920549" lon="-124.414404" />
      <trkpt lat="48.920586" lon="-124.414641" />
      <trkpt lat="48.920634" lon="-124.414845" />
      <trkpt lat="48.920713" lon="-124.415088" />
      <trkpt lat="48.920807" lon="-124.415318" />
      <trkpt lat="48.920915" lon="-124.415527" />
      <trkpt lat="48.921137" lon="-124.416027" />
      <trkpt lat="48.921293" lon="-124.416402" />
      <trkpt lat="48.921363" lon="-124.416614" />
      <trkpt lat="48.921417" lon="-124.41687" />
      <trkpt lat="48.921451" lon="-124.417147" />
      <trkpt lat="48.921466" lon="-124.417503" />
      <trkpt lat="48.92147" lon="-124.417711" />
      <trkpt lat="48.921453" lon="-124.417885" />
      <trkpt lat="48.921417" lon="-124.4181" />
      <trkpt lat="48.92129" lon="-124.418669" />
      <trkpt lat="48.921187" lon="-124.419219" />
      <trkpt lat="48.921121" lon="-124.419623" />
      <trkpt lat="48.92107" lon="-124.419968" />
      <trkpt lat="48.921051" lon="-124.420387" />
      <trkpt lat="48.921044" lon="-124.42063" />
      <trkpt lat="48.921042" lon="-124.420741" />
      <trkpt lat="48.921044" lon="-124.420992" />
      <trkpt lat="48.921057" lon="-124.421286" />
      <trkpt lat="48.921081" lon="-124.421542" />
      <trkpt lat="48.921122" lon="-124.421789" />
      <trkpt lat="48.921197" lon="-124.42213" />
      <trkpt lat="48.92126" lon="-124.422379" />
      <trkpt lat="48.921325" lon="-124.422604" />
      <trkpt lat="48.921589" lon="-124.42341" />
      <trkpt lat="48.92166" lon="-124.42363" />
      <trkpt lat="48.921694" lon="-124.423794" />
      <trkpt lat="48.92171" lon="-124.423935" />
      <trkpt lat="48.921725" lon="-124.424121" />
      <trkpt lat="48.921733" lon="-124.424353" />
      <trkpt lat="48.921732" lon="-124.424618" />
      <trkpt lat="48.921723" lon="-124.425103" />
      <trkpt lat="48.921697" lon="-124.425654" />
      <trkpt lat="48.921667" lon="-124.426441" />
      <trkpt lat="48.921659" lon="-124.426935" />
      <trkpt lat="48.921656" lon="-124.427271" />
      <trkpt lat="48.921665" lon="-124.427584" />
      <trkpt lat="48.921667" lon="-124.427852" />
      <trkpt lat="48.921659" lon="-124.428325" />
      <trkpt lat="48.92165" lon="-124.42875" />
      <trkpt lat="48.921637" lon="-124.429054" />
      <trkpt lat="48.921622" lon="-124.429295" />
      <trkpt lat="48.921585" lon="-124.429535" />
      <trkpt lat="48.921527" lon="-124.429853" />
      <trkpt lat="48.921446" lon="-124.430265" />
      <trkpt lat="48.921355" lon="-124.43069" />
      <trkpt lat="48.921301" lon="-124.431026" />
      <trkpt lat="48.921277" lon="-124.431311" />
      <trkpt lat="48.921263" lon="-124.431605" />
      <trkpt lat="48.921262" lon="-124.432103" />
      <trkpt lat="48.921272" lon="-124.432536" />
      <trkpt lat="48.921291" lon="-124.432818" />
      <trkpt lat="48.921323" lon="-124.433119" />
      <trkpt lat="48.92137" lon="-124.433468" />
      <trkpt lat="48.921405" lon="-124.433645" />
      <trkpt lat="48.921476" lon="-124.433907" />
      <trkpt lat="48.92151" lon="-124.434057" />
      <trkpt lat="48.92153" lon="-124.434207" />
      <trkpt lat="48.921538" lon="-124.434382" />
      <trkpt lat="48.921549" lon="-124.43474" />
      <trkpt lat="48.92157" lon="-124.434996" />
      <trkpt lat="48.921588" lon="-124.435218" />
      <trkpt lat="48.921628" lon="-124.435518" />
      <trkpt lat="48.921673" lon="-124.435775" />
      <trkpt lat="48.921741" lon="-124.436066" />
      <trkpt lat="48.921788" lon="-124.436296" />
      <trkpt lat="48.921825" lon="-124.436533" />
      <trkpt lat="48.921867" lon="-124.436863" />
      <trkpt lat="48.921905" lon="-124.43722" />
      <trkpt lat="48.921972" lon="-124.437766" />
      <trkpt lat="48.922026" lon="-124.438138" />
      <trkpt lat="48.92208" lon="-124.438453" />
      <trkpt lat="48.922164" lon="-124.438809" />
      <trkpt lat="48.922256" lon="-124.43921" />
      <trkpt lat="48.922317" lon="-124.439503" />
      <trkpt lat="48.922367" lon="-124.439825" />
      <trkpt lat="48.922465" lon="-124.440567" />
      <trkpt lat="48.922519" lon="-124.440953" />
      <trkpt lat="48.922638" lon="-124.441714" />
      <trkpt lat="48.922695" lon="-124.442101" />
      <trkpt lat="48.922716" lon="-124.442389" />
      <trkpt lat="48.922724" lon="-124.442766" />
      <trkpt lat="48.922725" lon="-124.443411" />
      <trkpt lat="48.922731" lon="-124.443972" />
      <trkpt lat="48.922746" lon="-124.444193" />
      <trkpt lat="48.922775" lon="-124.444418" />
      <trkpt lat="48.922865" lon="-124.444922" />
      <trkpt lat="48.922927" lon="-124.445354" />
      <trkpt lat="48.922951" lon="-124.445596" />
      <trkpt lat="48.922972" lon="-124.44596" />
      <trkpt lat="48.92299" lon="-124.446311" />
      <trkpt lat="48.923051" lon="-124.447075" />
      <trkpt lat="48.923091" lon="-124.447817" />
      <trkpt lat="48.923103" lon="-124.448123" />
      <trkpt lat="48.923103" lon="-124.44838" />
      <trkpt lat="48.923091" lon="-124.448761" />
      <trkpt lat="48.923096" lon="-124.448955" />
      <trkpt lat="48.923116" lon="-124.449115" />
      <trkpt lat="48.923142" lon="-124.449255" />
      <trkpt lat="48.923212" lon="-124.449581" />
      <trkpt lat="48.92328" lon="-124.449901" />
      <trkpt lat="48.923312" lon="-124.45018" />
      <trkpt lat="48.92332" lon="-124.450529" />
      <trkpt lat="48.923314" lon="-124.4508" />
      <trkpt lat="48.923319" lon="-124.450967" />
      <trkpt lat="48.923336" lon="-124.451119" />
      <trkpt lat="48.923372" lon="-124.451329" />
      <trkpt lat="48.923435" lon="-124.451639" />
      <trkpt lat="48.923495" lon="-124.452005" />
      <trkpt lat="48.923549" lon="-124.452378" />
      <trkpt lat="48.923577" lon="-124.452668" />
      <trkpt lat="48.923615" lon="-124.453712" />
      <trkpt lat="48.923636" lon="-124.454158" />
      <trkpt lat="48.923661" lon="-124.455214" />
      <trkpt lat="48.923664" lon="-124.455398" />
      <trkpt lat="48.923676" lon="-124.456122" />
      <trkpt lat="48.92371" lon="-124.457022" />
      <trkpt lat="48.923744" lon="-124.457973" />
      <trkpt lat="48.923768" lon="-124.458841" />
      <trkpt lat="48.923779" lon="-124.459438" />
      <trkpt lat="48.923776" lon="-124.460346" />
      <trkpt lat="48.923784" lon="-124.460516" />
      <trkpt lat="48.9238" lon="-124.460657" />
      <trkpt lat="48.923832" lon="-124.460822" />
      <trkpt lat="48.92387" lon="-124.460966" />
      <trkpt lat="48.923974" lon="-124.461288" />
      <trkpt lat="48.924094" lon="-124.461662" />
      <trkpt lat="48.92421" lon="-124.461972" />
      <trkpt lat="48.924317" lon="-124.462212" />
      <trkpt lat="48.924423" lon="-124.462444" />
      <trkpt lat="48.924659" lon="-124.462958" />
      <trkpt lat="48.924799" lon="-124.463261" />
      <trkpt lat="48.924973" lon="-124.463669" />
      <trkpt lat="48.925189" lon="-124.464146" />
      <trkpt lat="48.925327" lon="-124.464479" />
      <trkpt lat="48.925435" lon="-124.464743" />
      <trkpt lat="48.9255" lon="-124.464972" />
      <trkpt lat="48.925551" lon="-124.465211" />
      <trkpt lat="48.925589" lon="-124.465451" />
      <trkpt lat="48.925622" lon="-124.465698" />
      <trkpt lat="48.92565" lon="-124.465921" />
      <trkpt lat="48.925663" lon="-124.466111" />
      <trkpt lat="48.925672" lon="-124.466295" />
      <trkpt lat="48.925673" lon="-124.466484" />
      <trkpt lat="48.925662" lon="-124.466709" />
      <trkpt lat="48.925644" lon="-124.466925" />
      <trkpt lat="48.92562" lon="-124.467107" />
      <trkpt lat="48.925587" lon="-124.467315" />
      <trkpt lat="48.925543" lon="-124.467542" />
      <trkpt lat="48.925485" lon="-124.467758" />
      <trkpt lat="48.925419" lon="-124.46794" />
      <trkpt lat="48.925343" lon="-124.468119" />
      <trkpt lat="48.925272" lon="-124.468257" />
      <trkpt lat="48.925187" lon="-124.468379" />
      <trkpt lat="48.925078" lon="-124.4685" />
      <trkpt lat="48.924942" lon="-124.468635" />
      <trkpt lat="48.924779" lon="-124.46879" />
      <trkpt lat="48.924635" lon="-124.468922" />
      <trkpt lat="48.92453" lon="-124.469033" />
      <trkpt lat="48.924436" lon="-124.46914" />
      <trkpt lat="48.924308" lon="-124.469274" />
      <trkpt lat="48.924168" lon="-124.469392" />
      <trkpt lat="48.924017" lon="-124.469504" />
      <trkpt lat="48.923865" lon="-124.469621" />
      <trkpt lat="48.923759" lon="-124.469685" />
      <trkpt lat="48.923641" lon="-124.469731" />
      <trkpt lat="48.923503" lon="-124.469781" />
      <trkpt lat="48.923378" lon="-124.469814" />
      <trkpt lat="48.923262" lon="-124.469857" />
      <trkpt lat="48.923161" lon="-124.469908" />
      <trkpt lat="48.923062" lon="-124.469976" />
      <trkpt lat="48.922959" lon="-124.470057" />
      <trkpt lat="48.922869" lon="-124.470138" />
      <trkpt lat="48.922758" lon="-124.470264" />
      <trkpt lat="48.922672" lon="-124.470388" />
      <trkpt lat="48.922598" lon="-124.470504" />
      <trkpt lat="48.922524" lon="-124.470661" />
      <trkpt lat="48.922472" lon="-124.470803" />
      <trkpt lat="48.922371" lon="-124.471147" />
      <trkpt lat="48.922271" lon="-124.471591" />
      <trkpt lat="48.922627" lon="-124.47707" />
      <trkpt lat="48.922676" lon="-124.47821" />
      <trkpt lat="48.922675" lon="-124.479365" />
      <trkpt lat="48.922668" lon="-124.479655" />
      <trkpt lat="48.922628" lon="-124.481307" />
      <trkpt lat="48.922622" lon="-124.482356" />
      <trkpt lat="48.922627" lon="-124.483131" />
      <trkpt lat="48.922626" lon="-124.483834" />
      <trkpt lat="48.922616" lon="-124.484563" />
      <trkpt lat="48.922598" lon="-124.485102" />
      <trkpt lat="48.922582" lon="-124.485365" />
      <trkpt lat="48.922535" lon="-124.485651" />
      <trkpt lat="48.922443" lon="-124.485927" />
      <trkpt lat="48.922368" lon="-124.486075" />
      <trkpt lat="48.922247" lon="-124.486231" />
      <trkpt lat="48.92188" lon="-124.486575" />
      <trkpt lat="48.920987" lon="-124.486971" />
      <trkpt lat="48.920449" lon="-124.487304" />
      <trkpt lat="48.920163" lon="-124.487435" />
      <trkpt lat="48.919915" lon="-124.48742" />
      <trkpt lat="48.919361" lon="-124.487263" />
      <trkpt lat="48.919103" lon="-124.487272" />
      <trkpt lat="48.918849" lon="-124.487449" />
      <trkpt lat="48.91859" lon="-124.487823" />
      <trkpt lat="48.91808" lon="-124.489275" />
      <trkpt lat="48.917674" lon="-124.489971" />
      <trkpt lat="48.916975" lon="-124.491088" />
      <trkpt lat="48.916184" lon="-124.492261" />
      <trkpt lat="48.91588" lon="-124.492493" />
      <trkpt lat="48.915622" lon="-124.492591" />
      <trkpt lat="48.915051" lon="-124.492632" />
      <trkpt lat="48.914843" lon="-124.492549" />
      <trkpt lat="48.914683" lon="-124.492425" />
      <trkpt lat="48.914495" lon="-124.492092" />
      <trkpt lat="48.914301" lon="-124.491399" />
      <trkpt lat="48.914166" lon="-124.490542" />
      <trkpt lat="48.914101" lon="-124.489617" />
      <trkpt lat="48.914067" lon="-124.488831" />
      <trkpt lat="48.913908" lon="-124.486653" />
      <trkpt lat="48.913894" lon="-124.485661" />
      <trkpt lat="48.913835" lon="-124.484522" />
      <trkpt lat="48.913639" lon="-124.484553" />
      <trkpt lat="48.913372" lon="-124.484741" />
      <trkpt lat="48.913147" lon="-124.484866" />
      <trkpt lat="48.912868" lon="-124.485232" />
      <trkpt lat="48.912822" lon="-124.485493" />
      <trkpt lat="48.912839" lon="-124.486252" />
      <trkpt lat="48.912716" lon="-124.487336" />
      <trkpt lat="48.912505" lon="-124.488584" />
      <trkpt lat="48.912371" lon="-124.489881" />
      <trkpt lat="48.912387" lon="-124.490212" />
      <trkpt lat="48.912435" lon="-124.490493" />
      <trkpt lat="48.912561" lon="-124.490956" />
      <trkpt lat="48.912607" lon="-124.491303" />
      <trkpt lat="48.912694" lon="-124.491875" />
      <trkpt lat="48.912815" lon="-124.493056" />
      <trkpt lat="48.913016" lon="-124.494174" />
      <trkpt lat="48.913395" lon="-124.496008" />
      <trkpt lat="48.913641" lon="-124.497624" />
      <trkpt lat="48.913769" lon="-124.498203" />
      <trkpt lat="48.913988" lon="-124.498564" />
      <trkpt lat="48.914143" lon="-124.498796" />
      <trkpt lat="48.914325" lon="-124.49892" />
      <trkpt lat="48.914562" lon="-124.498958" />
      <trkpt lat="48.914861" lon="-124.498844" />
      <trkpt lat="48.915365" lon="-124.498425" />
      <trkpt lat="48.915609" lon="-124.498376" />
      <trkpt lat="48.915802" lon="-124.498479" />
      <trkpt lat="48.915925" lon="-124.498619" />
      <trkpt lat="48.916211" lon="-124.499527" />
      <trkpt lat="48.916619" lon="-124.500989" />
      <trkpt lat="48.916694" lon="-124.501323" />
      <trkpt lat="48.916731" lon="-124.501685" />
      <trkpt lat="48.916657" lon="-124.502119" />
      <trkpt lat="48.915802" lon="-124.505041" />
      <trkpt lat="48.915552" lon="-124.506346" />
      <trkpt lat="48.915222" lon="-124.508062" />
      <trkpt lat="48.914737" lon="-124.510078" />
      <trkpt lat="48.914563" lon="-124.510716" />
      <trkpt lat="48.914253" lon="-124.511281" />
      <trkpt lat="48.913927" lon="-124.511865" />
      <trkpt lat="48.913583" lon="-124.512405" />
      <trkpt lat="48.913345" lon="-124.512632" />
      <trkpt lat="48.913147" lon="-124.512635" />
      <trkpt lat="48.912948" lon="-124.512517" />
      <trkpt lat="48.912749" lon="-124.512331" />
      <trkpt lat="48.912518" lon="-124.51213" />
      <trkpt lat="48.912334" lon="-124.512055" />
      <trkpt lat="48.912182" lon="-124.512324" />
      <trkpt lat="48.912002" lon="-124.512786" />
      <trkpt lat="48.91192" lon="-124.513191" />
      <trkpt lat="48.912081" lon="-124.514057" />
      <trkpt lat="48.912179" lon="-124.514694" />
      <trkpt lat="48.912012" lon="-124.515945" />
      <trkpt lat="48.912009" lon="-124.517355" />
      <trkpt lat="48.912102" lon="-124.518113" />
      <trkpt lat="48.912347" lon="-124.5189" />
      <trkpt lat="48.913561" lon="-124.52125" />
      <trkpt lat="48.913724" lon="-124.521666" />
      <trkpt lat="48.913888" lon="-124.522189" />
      <trkpt lat="48.913987" lon="-124.522902" />
      <trkpt lat="48.913988" lon="-124.523457" />
      <trkpt lat="48.913865" lon="-124.524054" />
      <trkpt lat="48.91363" lon="-124.524951" />
      <trkpt lat="48.913532" lon="-124.525755" />
      <trkpt lat="48.913614" lon="-124.526487" />
      <trkpt lat="48.914294" lon="-124.528589" />
      <trkpt lat="48.914415" lon="-124.529237" />
      <trkpt lat="48.914358" lon="-124.529769" />
      <trkpt lat="48.914226" lon="-124.530282" />
      <trkpt lat="48.913732" lon="-124.531273" />
      <trkpt lat="48.913547" lon="-124.531808" />
      <trkpt lat="48.913427" lon="-124.532333" />
      <trkpt lat="48.913406" lon="-124.532773" />
      <trkpt lat="48.913441" lon="-124.533277" />
      <trkpt lat="48.913836" lon="-124.535256" />
      <trkpt lat="48.91395" lon="-124.536037" />
      <trkpt lat="48.914007" lon="-124.53663" />
      <trkpt lat="48.913952" lon="-124.537296" />
      <trkpt lat="48.913766" lon="-124.537899" />
      <trkpt lat="48.913586" lon="-124.538263" />
      <trkpt lat="48.913398" lon="-124.53845" />
      <trkpt lat="48.913118" lon="-124.538609" />
      <trkpt lat="48.912768" lon="-124.538744" />
      <trkpt lat="48.912431" lon="-124.538706" />
      <trkpt lat="48.912168" lon="-124.53861" />
      <trkpt lat="48.912011" lon="-124.538461" />
      <trkpt lat="48.911477" lon="-124.537722" />
      <trkpt lat="48.911224" lon="-124.5375" />
      <trkpt lat="48.911038" lon="-124.537424" />
      <trkpt lat="48.910832" lon="-124.537477" />
      <trkpt lat="48.910613" lon="-124.537698" />
      <trkpt lat="48.910474" lon="-124.538066" />
      <trkpt lat="48.910396" lon="-124.538404" />
      <trkpt lat="48.910196" lon="-124.539152" />
      <trkpt lat="48.910029" lon="-124.539464" />
      <trkpt lat="48.909895" lon="-124.539649" />
      <trkpt lat="48.909347" lon="-124.540581" />
      <trkpt lat="48.908611" lon="-124.542161" />
      <trkpt lat="48.908279" lon="-124.542632" />
      <trkpt lat="48.907847" lon="-124.542899" />
      <trkpt lat="48.907286" lon="-124.543078" />
      <trkpt lat="48.906617" lon="-124.543376" />
      <trkpt lat="48.906196" lon="-124.543519" />
      <trkpt lat="48.905893" lon="-124.543629" />
      <trkpt lat="48.905313" lon="-124.543763" />
      <trkpt lat="48.904658" lon="-124.543696" />
      <trkpt lat="48.903736" lon="-124.543501" />
      <trkpt lat="48.903302" lon="-124.543649" />
      <trkpt lat="48.902915" lon="-124.544005" />
      <trkpt lat="48.902289" lon="-124.544827" />
      <trkpt lat="48.901972" lon="-124.545162" />
      <trkpt lat="48.901198" lon="-124.54569" />
      <trkpt lat="48.899852" lon="-124.546502" />
      <trkpt lat="48.899357" lon="-124.546792" />
      <trkpt lat="48.898816" lon="-124.547246" />
      <trkpt lat="48.898642" lon="-124.547336" />
      <trkpt lat="48.898512" lon="-124.547582" />
      <trkpt lat="48.898466" lon="-124.547925" />
      <trkpt lat="48.898448" lon="-124.548961" />
      <trkpt lat="48.898385" lon="-124.549548" />
      <trkpt lat="48.89829" lon="-124.550065" />
      <trkpt lat="48.897623" lon="-124.552149" />
      <trkpt lat="48.8974" lon="-124.552771" />
      <trkpt lat="48.896889" lon="-124.553364" />
      <trkpt lat="48.895748" lon="-124.554316" />
      <trkpt lat="48.89471" lon="-124.555079" />
      <trkpt lat="48.894139" lon="-124.555396" />
      <trkpt lat="48.892355" lon="-124.555867" />
      <trkpt lat="48.892066" lon="-124.556049" />
      <trkpt lat="48.891516" lon="-124.556563" />
      <trkpt lat="48.891062" lon="-124.557666" />
      <trkpt lat="48.890551" lon="-124.558295" />
      <trkpt lat="48.890281" lon="-124.558515" />
      <trkpt lat="48.890098" lon="-124.558658" />
      <trkpt lat="48.889952" lon="-124.558675" />
      <trkpt lat="48.889715" lon="-124.55862" />
      <trkpt lat="48.889124" lon="-124.55855" />
      <trkpt lat="48.888847" lon="-124.558608" />
      <trkpt lat="48.888667" lon="-124.558776" />
      <trkpt lat="48.888587" lon="-124.558898" />
      <trkpt lat="48.888533" lon="-124.559149" />
      <trkpt lat="48.888537" lon="-124.559399" />
      <trkpt lat="48.888805" lon="-124.560249" />
      <trkpt lat="48.889093" lon="-124.561364" />
      <trkpt lat="48.889075" lon="-124.561946" />
      <trkpt lat="48.888893" lon="-124.562372" />
      <trkpt lat="48.888827" lon="-124.562527" />
      <trkpt lat="48.887177" lon="-124.566168" />
      <trkpt lat="48.886497" lon="-124.567252" />
      <trkpt lat="48.88609" lon="-124.567561" />
      <trkpt lat="48.885159" lon="-124.567824" />
      <trkpt lat="48.884799" lon="-124.568092" />
      <trkpt lat="48.883592" lon="-124.569873" />
      <trkpt lat="48.883215" lon="-124.57013" />
      <trkpt lat="48.882917" lon="-124.570236" />
      <trkpt lat="48.882651" lon="-124.570222" />
      <trkpt lat="48.881462" lon="-124.569534" />
      <trkpt lat="48.881095" lon="-124.569531" />
      <trkpt lat="48.880864" lon="-124.569627" />
      <trkpt lat="48.880359" lon="-124.570194" />
      <trkpt lat="48.880161" lon="-124.570367" />
      <trkpt lat="48.879988" lon="-124.57043" />
      <trkpt lat="48.879756" lon="-124.570451" />
      <trkpt lat="48.878992" lon="-124.570185" />
      <trkpt lat="48.878106" lon="-124.570191" />
      <trkpt lat="48.877199" lon="-124.570066" />
      <trkpt lat="48.87693" lon="-124.570115" />
      <trkpt lat="48.87672" lon="-124.570278" />
      <trkpt lat="48.876544" lon="-124.570565" />
      <trkpt lat="48.876364" lon="-124.570969" />
      <trkpt lat="48.87641" lon="-124.571805" />
      <trkpt lat="48.876516" lon="-124.572127" />
      <trkpt lat="48.876808" lon="-124.572508" />
      <trkpt lat="48.877387" lon="-124.57296" />
      <trkpt lat="48.877503" lon="-124.573222" />
      <trkpt lat="48.877688" lon="-124.574197" />
      <trkpt lat="48.878026" lon="-124.576504" />
      <trkpt lat="48.877952" lon="-124.578199" />
      <trkpt lat="48.877433" lon="-124.579765" />
      <trkpt lat="48.877358" lon="-124.580232" />
      <trkpt lat="48.877327" lon="-124.582012" />
      <trkpt lat="48.877238" lon="-124.582424" />
      <trkpt lat="48.876627" lon="-124.584182" />
      <trkpt lat="48.876458" lon="-124.584796" />
      <trkpt lat="48.876354" lon="-124.585368" />
      <trkpt lat="48.876215" lon="-124.587196" />
      <trkpt lat="48.87605" lon="-124.588231" />
      <trkpt lat="48.876055" lon="-124.588354" />
      <trkpt lat="48.876062" lon="-124.588501" />
      <trkpt lat="48.876113" lon="-124.589679" />
      <trkpt lat="48.876673" lon="-124.59364" />
      <trkpt lat="48.876717" lon="-124.594759" />
      <trkpt lat="48.876657" lon="-124.596513" />
      <trkpt lat="48.876403" lon="-124.598326" />
      <trkpt lat="48.87623" lon="-124.599203" />
      <trkpt lat="48.875114" lon="-124.602724" />
      <trkpt lat="48.875079" lon="-124.602836" />
      <trkpt lat="48.875035" lon="-124.602974" />
      <trkpt lat="48.874889" lon="-124.603908" />
      <trkpt lat="48.874895" lon="-124.604262" />
      <trkpt lat="48.875091" lon="-124.605475" />
      <trkpt lat="48.875131" lon="-124.606577" />
      <trkpt lat="48.874868" lon="-124.608406" />
      <trkpt lat="48.87485" lon="-124.609124" />
      <trkpt lat="48.874872" lon="-124.609427" />
      <trkpt lat="48.875309" lon="-124.611641" />
      <trkpt lat="48.875422" lon="-124.613057" />
      <trkpt lat="48.875402" lon="-124.613595" />
      <trkpt lat="48.875397" lon="-124.613728" />
      <trkpt lat="48.875295" lon="-124.616454" />
      <trkpt lat="48.875062" lon="-124.617552" />
      <trkpt lat="48.874815" lon="-124.618271" />
      <trkpt lat="48.874695" lon="-124.618776" />
      <trkpt lat="48.874657" lon="-124.619351" />
      <trkpt lat="48.874674" lon="-124.620396" />
      <trkpt lat="48.874575" lon="-124.620685" />
      <trkpt lat="48.874425" lon="-124.620846" />
      <trkpt lat="48.873549" lon="-124.621649" />
      <trkpt lat="48.87348" lon="-124.621713" />
      <trkpt lat="48.873161" lon="-124.622006" />
      <trkpt lat="48.871932" lon="-124.622775" />
      <trkpt lat="48.871645" lon="-124.623016" />
      <trkpt lat="48.871472" lon="-124.623162" />
      <trkpt lat="48.869443" lon="-124.625702" />
      <trkpt lat="48.869093" lon="-124.62616" />
      <trkpt lat="48.868924" lon="-124.626381" />
      <trkpt lat="48.867503" lon="-124.62824" />
      <trkpt lat="48.866155" lon="-124.630005" />
      <trkpt lat="48.86574" lon="-124.630717" />
      <trkpt lat="48.865211" lon="-124.63205" />
      <trkpt lat="48.864991" lon="-124.632461" />
      <trkpt lat="48.863926" lon="-124.63385" />
      <trkpt lat="48.863079" lon="-124.635341" />
      <trkpt lat="48.86179" lon="-124.636746" />
      <trkpt lat="48.861683" lon="-124.636862" />
      <trkpt lat="48.861495" lon="-124.637168" />
      <trkpt lat="48.861015" lon="-124.638272" />
      <trkpt lat="48.860826" lon="-124.639235" />
      <trkpt lat="48.860833" lon="-124.640201" />
      <trkpt lat="48.860882" lon="-124.640602" />
      <trkpt lat="48.860993" lon="-124.641007" />
      <trkpt lat="48.861322" lon="-124.641804" />
      <trkpt lat="48.862246" lon="-124.643046" />
      <trkpt lat="48.862689" lon="-124.643734" />
      <trkpt lat="48.863739" lon="-124.642903" />
      <trkpt lat="48.863803" lon="-124.642855" />
      <trkpt lat="48.865591" lon="-124.641499" />
      <trkpt lat="48.866142" lon="-124.641113" />
      <trkpt lat="48.868337" lon="-124.639332" />
      <trkpt lat="48.869247" lon="-124.639128" />
      <trkpt lat="48.870666" lon="-124.639278" />
      <trkpt lat="48.871006" lon="-124.639466" />
      <trkpt lat="48.871597" lon="-124.640254" />
      <trkpt lat="48.871869" lon="-124.641244" />
      <trkpt lat="48.871729" lon="-124.642006" />
      <trkpt lat="48.87163" lon="-124.642701" />
      <trkpt lat="48.871392" lon="-124.643581" />
      <trkpt lat="48.871343" lon="-124.644696" />
      <trkpt lat="48.871449" lon="-124.645952" />
      <trkpt lat="48.871301" lon="-124.647121" />
      <trkpt lat="48.870523" lon="-124.648544" />
      <trkpt lat="48.869896" lon="-124.650254" />
      <trkpt lat="48.867975" lon="-124.653897" />
      <trkpt lat="48.867589" lon="-124.65446" />
      <trkpt lat="48.866742" lon="-124.655404" />
      <trkpt lat="48.865591" lon="-124.656702" />
      <trkpt lat="48.863975" lon="-124.658708" />
      <trkpt lat="48.863742" lon="-124.659062" />
      <trkpt lat="48.863554" lon="-124.659648" />
      <trkpt lat="48.863488" lon="-124.660146" />
      <trkpt lat="48.863559" lon="-124.660822" />
      <trkpt lat="48.863799" lon="-124.66153" />
      <trkpt lat="48.864653" lon="-124.662345" />
      <trkpt lat="48.865408" lon="-124.663276" />
      <trkpt lat="48.865662" lon="-124.663751" />
      <trkpt lat="48.866474" lon="-124.666572" />
      <trkpt lat="48.866883" lon="-124.667366" />
      <trkpt lat="48.867377" lon="-124.667753" />
      <trkpt lat="48.869148" lon="-124.668761" />
      <trkpt lat="48.869791" lon="-124.669298" />
      <trkpt lat="48.870355" lon="-124.670478" />
      <trkpt lat="48.870475" lon="-124.671079" />
      <trkpt lat="48.870517" lon="-124.672506" />
      <trkpt lat="48.870489" lon="-124.673836" />
      <trkpt lat="48.870708" lon="-124.674866" />
      <trkpt lat="48.871669" lon="-124.677034" />
      <trkpt lat="48.871837" lon="-124.677891" />
      <trkpt lat="48.871629" lon="-124.679556" />
      <trkpt lat="48.870906" lon="-124.68126" />
      <trkpt lat="48.870701" lon="-124.681925" />
      <trkpt lat="48.870715" lon="-124.682955" />
      <trkpt lat="48.871265" lon="-124.685981" />
      <trkpt lat="48.871505" lon="-124.686711" />
      <trkpt lat="48.872183" lon="-124.687408" />
      <trkpt lat="48.873128" lon="-124.688041" />
      <trkpt lat="48.874095" lon="-124.689253" />
      <trkpt lat="48.874794" lon="-124.690369" />
      <trkpt lat="48.875662" lon="-124.691034" />
      <trkpt lat="48.876311" lon="-124.691099" />
      <trkpt lat="48.877299" lon="-124.690476" />
      <trkpt lat="48.877919" lon="-124.689192" />
      <trkpt lat="48.878512" lon="-124.688373" />
      <trkpt lat="48.879154" lon="-124.687826" />
      <trkpt lat="48.879797" lon="-124.687762" />
      <trkpt lat="48.880181" lon="-124.687913" />
      <trkpt lat="48.881292" lon="-124.688749" />
      <trkpt lat="48.882033" lon="-124.68891" />
      <trkpt lat="48.882845" lon="-124.688481" />
      <trkpt lat="48.884446" lon="-124.68714" />
      <trkpt lat="48.885159" lon="-124.686914" />
      <trkpt lat="48.886965" lon="-124.68715" />
      <trkpt lat="48.887829" lon="-124.687137" />
      <trkpt lat="48.888453" lon="-124.687408" />
      <trkpt lat="48.889109" lon="-124.687955" />
      <trkpt lat="48.890012" lon="-124.688835" />
      <trkpt lat="48.891416" lon="-124.690627" />
      <trkpt lat="48.891924" lon="-124.690927" />
      <trkpt lat="48.892389" lon="-124.691088" />
      <trkpt lat="48.893208" lon="-124.690712" />
      <trkpt lat="48.89416" lon="-124.690036" />
      <trkpt lat="48.894574" lon="-124.689846" />
      <trkpt lat="48.89525" lon="-124.689892" />
      <trkpt lat="48.895411" lon="-124.689941" />
      <trkpt lat="48.89593" lon="-124.690101" />
      <trkpt lat="48.896509" lon="-124.690058" />
      <trkpt lat="48.898209" lon="-124.689339" />
      <trkpt lat="48.89954" lon="-124.688416" />
      <trkpt lat="48.900846" lon="-124.687225" />
      <trkpt lat="48.902003" lon="-124.685627" />
      <trkpt lat="48.90261" lon="-124.68493" />
      <trkpt lat="48.904556" lon="-124.683717" />
      <trkpt lat="48.90505" lon="-124.68312" />
      <trkpt lat="48.905715" lon="-124.681492" />
      <trkpt lat="48.906023" lon="-124.680906" />
      <trkpt lat="48.906643" lon="-124.680091" />
      <trkpt lat="48.906929" lon="-124.67991" />
      <trkpt lat="48.907376" lon="-124.679804" />
      <trkpt lat="48.908388" lon="-124.679936" />
      <trkpt lat="48.909276" lon="-124.680204" />
      <trkpt lat="48.910938" lon="-124.681346" />
      <trkpt lat="48.911551" lon="-124.68155" />
      <trkpt lat="48.912151" lon="-124.681507" />
      <trkpt lat="48.912468" lon="-124.68126" />
      <trkpt lat="48.912736" lon="-124.680627" />
      <trkpt lat="48.914291" lon="-124.675868" />
      <trkpt lat="48.914696" lon="-124.67463" />
      <trkpt lat="48.915225" lon="-124.673932" />
      <trkpt lat="48.915789" lon="-124.673364" />
      <trkpt lat="48.916889" lon="-124.672967" />
      <trkpt lat="48.917488" lon="-124.672913" />
      <trkpt lat="48.918144" lon="-124.673192" />
      <trkpt lat="48.919751" lon="-124.674576" />
      <trkpt lat="48.920632" lon="-124.674769" />
      <trkpt lat="48.921242" lon="-124.674724" />
      <trkpt lat="48.922021" lon="-124.674351" />
      <trkpt lat="48.928029" lon="-124.667837" />
      <trkpt lat="48.928923" lon="-124.667323" />
      <trkpt lat="48.929303" lon="-124.667216" />
      <trkpt lat="48.929498" lon="-124.667153" />
      <trkpt lat="48.93002" lon="-124.666724" />
      <trkpt lat="48.931034" lon="-124.666056" />
      <trkpt lat="48.931366" lon="-124.665737" />
      <trkpt lat="48.932207" lon="-124.664116" />
      <trkpt lat="48.932504" lon="-124.663862" />
      <trkpt lat="48.932688" lon="-124.663784" />
      <trkpt lat="48.93337" lon="-124.663912" />
      <trkpt lat="48.934293" lon="-124.664319" />
      <trkpt lat="48.936772" lon="-124.664019" />
      <trkpt lat="48.938549" lon="-124.663615" />
      <trkpt lat="48.940446" lon="-124.663579" />
      <trkpt lat="48.941552" lon="-124.663461" />
      <trkpt lat="48.942187" lon="-124.663493" />
      <trkpt lat="48.944942" lon="-124.665467" />
      <trkpt lat="48.947401" lon="-124.666165" />
      <trkpt lat="48.948" lon="-124.666519" />
      <trkpt lat="48.948455" lon="-124.667088" />
      <trkpt lat="48.948635" lon="-124.667294" />
      <trkpt lat="48.949478" lon="-124.669096" />
      <trkpt lat="48.949619" lon="-124.670073" />
      <trkpt lat="48.949723" lon="-124.670743" />
      <trkpt lat="48.950059" lon="-124.671692" />
      <trkpt lat="48.950417" lon="-124.672291" />
      <trkpt lat="48.950642" lon="-124.673299" />
      <trkpt lat="48.950713" lon="-124.676003" />
      <trkpt lat="48.950811" lon="-124.67772" />
      <trkpt lat="48.951164" lon="-124.680767" />
      <trkpt lat="48.951544" lon="-124.682977" />
      <trkpt lat="48.951558" lon="-124.684865" />
      <trkpt lat="48.951445" lon="-124.68641" />
      <trkpt lat="48.9506" lon="-124.689865" />
      <trkpt lat="48.950417" lon="-124.691388" />
      <trkpt lat="48.950769" lon="-124.694478" />
      <trkpt lat="48.951591" lon="-124.697707" />
      <trkpt lat="48.952079" lon="-124.699092" />
      <trkpt lat="48.953305" lon="-124.701709" />
      <trkpt lat="48.954179" lon="-124.70304" />
      <trkpt lat="48.954652" lon="-124.703646" />
      <trkpt lat="48.955165" lon="-124.704306" />
      <trkpt lat="48.958212" lon="-124.707096" />
      <trkpt lat="48.959084" lon="-124.70834" />
      <trkpt lat="48.961117" lon="-124.712774" />
      <trkpt lat="48.961306" lon="-124.71317" />
      <trkpt lat="48.961886" lon="-124.714455" />
      <trkpt lat="48.963097" lon="-124.717931" />
      <trkpt lat="48.963774" lon="-124.719476" />
      <trkpt lat="48.964999" lon="-124.721172" />
      <trkpt lat="48.965901" lon="-124.722888" />
      <trkpt lat="48.966972" lon="-124.725522" />
      <trkpt lat="48.969845" lon="-124.733081" />
      <trkpt lat="48.971067" lon="-124.736069" />
      <trkpt lat="48.971384" lon="-124.737157" />
      <trkpt lat="48.971562" lon="-124.738395" />
      <trkpt lat="48.971677" lon="-124.739642" />
      <trkpt lat="48.97172" lon="-124.740109" />
      <trkpt lat="48.971915" lon="-124.742819" />
      <trkpt lat="48.971932" lon="-124.743055" />
      <trkpt lat="48.972015" lon="-124.74507" />
      <trkpt lat="48.972073" lon="-124.745498" />
      <trkpt lat="48.972235" lon="-124.746089" />
      <trkpt lat="48.972314" lon="-124.746447" />
      <trkpt lat="48.972342" lon="-124.74695" />
      <trkpt lat="48.972305" lon="-124.747541" />
      <trkpt lat="48.972282" lon="-124.74832" />
      <trkpt lat="48.972798" lon="-124.748082" />
      <trkpt lat="48.973002" lon="-124.747966" />
      <trkpt lat="48.973458" lon="-124.747822" />
      <trkpt lat="48.974594" lon="-124.747778" />
      <trkpt lat="48.974776" lon="-124.74783" />
      <trkpt lat="48.97499" lon="-124.747988" />
      <trkpt lat="48.975123" lon="-124.748222" />
      <trkpt lat="48.975239" lon="-124.748684" />
      <trkpt lat="48.975275" lon="-124.749638" />
      <trkpt lat="48.975384" lon="-124.750417" />
      <trkpt lat="48.975583" lon="-124.751135" />
      <trkpt lat="48.975767" lon="-124.751569" />
      <trkpt lat="48.97593" lon="-124.751767" />
      <trkpt lat="48.976468" lon="-124.752124" />
      <trkpt lat="48.976907" lon="-124.752601" />
      <trkpt lat="48.977258" lon="-124.753086" />
      <trkpt lat="48.977529" lon="-124.753587" />
      <trkpt lat="48.978071" lon="-124.754811" />
      <trkpt lat="48.978826" lon="-124.756247" />
      <trkpt lat="48.978977" lon="-124.75668" />
      <trkpt lat="48.97915" lon="-124.757692" />
      <trkpt lat="48.979211" lon="-124.759323" />
      <trkpt lat="48.979096" lon="-124.76145" />
      <trkpt lat="48.979198" lon="-124.762009" />
      <trkpt lat="48.979315" lon="-124.762397" />
      <trkpt lat="48.979811" lon="-124.763184" />
      <trkpt lat="48.979929" lon="-124.76348" />
      <trkpt lat="48.981093" lon="-124.767489" />
      <trkpt lat="48.981333" lon="-124.768056" />
      <trkpt lat="48.981443" lon="-124.768231" />
      <trkpt lat="48.981856" lon="-124.768556" />
      <trkpt lat="48.98226" lon="-124.76893" />
      <trkpt lat="48.982411" lon="-124.76907" />
      <trkpt lat="48.982519" lon="-124.769195" />
      <trkpt lat="48.983118" lon="-124.770191" />
      <trkpt lat="48.984096" lon="-124.771459" />
      <trkpt lat="48.984827" lon="-124.772668" />
      <trkpt lat="48.98513" lon="-124.773265" />
      <trkpt lat="48.985439" lon="-124.774051" />
      <trkpt lat="48.985832" lon="-124.775057" />
      <trkpt lat="48.985953" lon="-124.775439" />
      <trkpt lat="48.986562" lon="-124.778316" />
      <trkpt lat="48.987032" lon="-124.780003" />
      <trkpt lat="48.987232" lon="-124.781025" />
      <trkpt lat="48.987469" lon="-124.781895" />
      <trkpt lat="48.987449" lon="-124.783414" />
      <trkpt lat="48.987483" lon="-124.783848" />
      <trkpt lat="48.987587" lon="-124.784287" />
      <trkpt lat="48.987994" lon="-124.78499" />
      <trkpt lat="48.988087" lon="-124.785336" />
      <trkpt lat="48.988101" lon="-124.785741" />
      <trkpt lat="48.988012" lon="-124.786655" />
      <trkpt lat="48.988174" lon="-124.787779" />
      <trkpt lat="48.988192" lon="-124.788308" />
      <trkpt lat="48.988121" lon="-124.789705" />
      <trkpt lat="48.988145" lon="-124.790271" />
      <trkpt lat="48.988316" lon="-124.791256" />
      <trkpt lat="48.988432" lon="-124.792474" />
      <trkpt lat="48.988915" lon="-124.794863" />
      <trkpt lat="48.989296" lon="-124.796158" />
      <trkpt lat="48.989389" lon="-124.796793" />
      <trkpt lat="48.989469" lon="-124.798029" />
      <trkpt lat="48.989697" lon="-124.799481" />
      <trkpt lat="48.990586" lon="-124.802929" />
      <trkpt lat="48.990887" lon="-124.803784" />
      <trkpt lat="48.991152" lon="-124.804858" />
      <trkpt lat="48.991309" lon="-124.805237" />
      <trkpt lat="48.991503" lon="-124.806047" />
      <trkpt lat="48.991671" lon="-124.806527" />
      <trkpt lat="48.991714" lon="-124.806885" />
      <trkpt lat="48.991916" lon="-124.807582" />
      <trkpt lat="48.992034" lon="-124.808269" />
      <trkpt lat="48.992439" lon="-124.809337" />
      <trkpt lat="48.992713" lon="-124.810356" />
      <trkpt lat="48.992833" lon="-124.811029" />
      <trkpt lat="48.993009" lon="-124.812748" />
      <trkpt lat="48.99333" lon="-124.814848" />
      <trkpt lat="48.993608" lon="-124.815702" />
      <trkpt lat="48.994308" lon="-124.81711" />
      <trkpt lat="48.99444" lon="-124.817608" />
      <trkpt lat="48.994481" lon="-124.818142" />
      <trkpt lat="48.994485" lon="-124.818198" />
      <trkpt lat="48.994408" lon="-124.818858" />
      <trkpt lat="48.994249" lon="-124.819626" />
      <trkpt lat="48.994131" lon="-124.819963" />
      <trkpt lat="48.994043" lon="-124.8207" />
      <trkpt lat="48.994056" lon="-124.821296" />
      <trkpt lat="48.994065" lon="-124.821719" />
      <trkpt lat="48.994096" lon="-124.821977" />
      <trkpt lat="48.994192" lon="-124.822264" />
      <trkpt lat="48.994678" lon="-124.823257" />
      <trkpt lat="48.994756" lon="-124.823513" />
      <trkpt lat="48.994996" lon="-124.825074" />
      <trkpt lat="48.995236" lon="-124.826057" />
      <trkpt lat="48.995508" lon="-124.827754" />
      <trkpt lat="48.995722" lon="-124.828415" />
      <trkpt lat="48.995775" lon="-124.828578" />
      <trkpt lat="48.99631" lon="-124.829354" />
      <trkpt lat="48.996813" lon="-124.829583" />
      <trkpt lat="48.997585" lon="-124.829704" />
      <trkpt lat="48.998075" lon="-124.829692" />
      <trkpt lat="48.998433" lon="-124.829833" />
      <trkpt lat="48.999057" lon="-124.829831" />
      <trkpt lat="48.999746" lon="-124.830049" />
      <trkpt lat="49.000253" lon="-124.830029" />
      <trkpt lat="49.000555" lon="-124.82988" />
      <trkpt lat="49.000928" lon="-124.829566" />
      <trkpt lat="49.001572" lon="-124.828847" />
      <trkpt lat="49.002124" lon="-124.828474" />
      <trkpt lat="49.002969" lon="-124.828177" />
      <trkpt lat="49.00361" lon="-124.827795" />
      <trkpt lat="49.005646" lon="-124.826781" />
      <trkpt lat="49.006069" lon="-124.826781" />
      <trkpt lat="49.006479" lon="-124.82689" />
      <trkpt lat="49.007862" lon="-124.827505" />
      <trkpt lat="49.008187" lon="-124.827509" />
      <trkpt lat="49.008643" lon="-124.827372" />
      <trkpt lat="49.010714" lon="-124.826377" />
      <trkpt lat="49.010916" lon="-124.826281" />
      <trkpt lat="49.011178" lon="-124.826155" />
      <trkpt lat="49.011804" lon="-124.82578" />
      <trkpt lat="49.012891" lon="-124.824676" />
      <trkpt lat="49.013222" lon="-124.824296" />
      <trkpt lat="49.013731" lon="-124.823555" />
      <trkpt lat="49.014217" lon="-124.823058" />
      <trkpt lat="49.014963" lon="-124.822116" />
      <trkpt lat="49.015225" lon="-124.821899" />
      <trkpt lat="49.01556" lon="-124.821458" />
      <trkpt lat="49.015811" lon="-124.821108" />
      <trkpt lat="49.016009" lon="-124.820765" />
      <trkpt lat="49.016129" lon="-124.820497" />
      <trkpt lat="49.016199" lon="-124.820288" />
      <trkpt lat="49.016389" lon="-124.819494" />
      <trkpt lat="49.01665" lon="-124.818608" />
      <trkpt lat="49.016808" lon="-124.818152" />
      <trkpt lat="49.017033" lon="-124.817605" />
      <trkpt lat="49.0171" lon="-124.81732" />
      <trkpt lat="49.017204" lon="-124.817163" />
      <trkpt lat="49.017262" lon="-124.817063" />
      <trkpt lat="49.018181" lon="-124.81651" />
      <trkpt lat="49.018797" lon="-124.816049" />
      <trkpt lat="49.019237" lon="-124.815736" />
      <trkpt lat="49.019432" lon="-124.815555" />
      <trkpt lat="49.019585" lon="-124.815353" />
      <trkpt lat="49.019675" lon="-124.815045" />
      <trkpt lat="49.019731" lon="-124.814684" />
      <trkpt lat="49.019822" lon="-124.8141" />
      <trkpt lat="49.019905" lon="-124.813782" />
      <trkpt lat="49.02006" lon="-124.813406" />
      <trkpt lat="49.020323" lon="-124.81296" />
      <trkpt lat="49.020805" lon="-124.812418" />
      <trkpt lat="49.021091" lon="-124.812214" />
      <trkpt lat="49.02127" lon="-124.812053" />
      <trkpt lat="49.021643" lon="-124.811634" />
      <trkpt lat="49.021709" lon="-124.81156" />
      <trkpt lat="49.0219" lon="-124.811345" />
      <trkpt lat="49.022139" lon="-124.810964" />
      <trkpt lat="49.022224" lon="-124.810803" />
      <trkpt lat="49.022533" lon="-124.810369" />
      <trkpt lat="49.022861" lon="-124.809816" />
      <trkpt lat="49.023187" lon="-124.809299" />
      <trkpt lat="49.02333" lon="-124.808811" />
      <trkpt lat="49.023417" lon="-124.808588" />
      <trkpt lat="49.023477" lon="-124.808491" />
      <trkpt lat="49.023593" lon="-124.808373" />
      <trkpt lat="49.023836" lon="-124.808146" />
      <trkpt lat="49.023896" lon="-124.808094" />
      <trkpt lat="49.024024" lon="-124.807956" />
      <trkpt lat="49.024108" lon="-124.807783" />
      <trkpt lat="49.024335" lon="-124.807347" />
      <trkpt lat="49.024506" lon="-124.806872" />
      <trkpt lat="49.02467" lon="-124.80585" />
      <trkpt lat="49.024925" lon="-124.804655" />
      <trkpt lat="49.025073" lon="-124.804232" />
      <trkpt lat="49.02579" lon="-124.801004" />
      <trkpt lat="49.026423" lon="-124.799344" />
      <trkpt lat="49.027884" lon="-124.796115" />
      <trkpt lat="49.028536" lon="-124.795299" />
      <trkpt lat="49.029143" lon="-124.794204" />
      <trkpt lat="49.02962" lon="-124.793916" />
      <trkpt lat="49.035022" lon="-124.783961" />
      <trkpt lat="49.036634" lon="-124.78208" />
      <trkpt lat="49.036839" lon="-124.78173" />
      <trkpt lat="49.037298" lon="-124.780666" />
      <trkpt lat="49.037706" lon="-124.779575" />
      <trkpt lat="49.038058" lon="-124.778064" />
      <trkpt lat="49.038232" lon="-124.777359" />
      <trkpt lat="49.038303" lon="-124.776849" />
      <trkpt lat="49.038315" lon="-124.776309" />
      <trkpt lat="49.038105" lon="-124.774896" />
      <trkpt lat="49.038088" lon="-124.774459" />
      <trkpt lat="49.038412" lon="-124.772437" />
      <trkpt lat="49.038442" lon="-124.771854" />
      <trkpt lat="49.038521" lon="-124.771444" />
      <trkpt lat="49.03868" lon="-124.771076" />
      <trkpt lat="49.039238" lon="-124.77027" />
      <trkpt lat="49.039499" lon="-124.769696" />
      <trkpt lat="49.03972" lon="-124.769479" />
      <trkpt lat="49.039976" lon="-124.76939" />
      <trkpt lat="49.040158" lon="-124.769375" />
      <trkpt lat="49.040331" lon="-124.76936" />
      <trkpt lat="49.040992" lon="-124.769396" />
      <trkpt lat="49.042461" lon="-124.769364" />
      <trkpt lat="49.042659" lon="-124.769249" />
      <trkpt lat="49.042812" lon="-124.769054" />
      <trkpt lat="49.042925" lon="-124.768819" />
      <trkpt lat="49.043049" lon="-124.768116" />
      <trkpt lat="49.0432" lon="-124.766441" />
      <trkpt lat="49.043311" lon="-124.765768" />
      <trkpt lat="49.044202" lon="-124.76354" />
      <trkpt lat="49.044509" lon="-124.762912" />
      <trkpt lat="49.044904" lon="-124.762477" />
      <trkpt lat="49.04514" lon="-124.762331" />
      <trkpt lat="49.045875" lon="-124.762162" />
      <trkpt lat="49.046281" lon="-124.762109" />
      <trkpt lat="49.046605" lon="-124.761961" />
      <trkpt lat="49.046793" lon="-124.761833" />
      <trkpt lat="49.047056" lon="-124.761538" />
      <trkpt lat="49.047867" lon="-124.760511" />
      <trkpt lat="49.048343" lon="-124.759916" />
      <trkpt lat="49.04954" lon="-124.75859" />
      <trkpt lat="49.05015" lon="-124.758041" />
      <trkpt lat="49.051976" lon="-124.755984" />
      <trkpt lat="49.052175" lon="-124.755728" />
      <trkpt lat="49.052308" lon="-124.755367" />
      <trkpt lat="49.052752" lon="-124.754945" />
      <trkpt lat="49.054303" lon="-124.752965" />
      <trkpt lat="49.054557" lon="-124.752519" />
      <trkpt lat="49.054731" lon="-124.752008" />
      <trkpt lat="49.054909" lon="-124.750787" />
      <trkpt lat="49.055" lon="-124.750556" />
      <trkpt lat="49.055542" lon="-124.7499" />
      <trkpt lat="49.055894" lon="-124.749738" />
      <trkpt lat="49.056263" lon="-124.749395" />
      <trkpt lat="49.05669" lon="-124.748723" />
      <trkpt lat="49.056706" lon="-124.748672" />
      <trkpt lat="49.056813" lon="-124.748333" />
      <trkpt lat="49.056826" lon="-124.747863" />
      <trkpt lat="49.056687" lon="-124.746341" />
      <trkpt lat="49.0567" lon="-124.745609" />
      <trkpt lat="49.056774" lon="-124.744902" />
      <trkpt lat="49.056983" lon="-124.743314" />
      <trkpt lat="49.057057" lon="-124.742795" />
      <trkpt lat="49.057321" lon="-124.741439" />
      <trkpt lat="49.057504" lon="-124.74062" />
      <trkpt lat="49.057648" lon="-124.740363" />
      <trkpt lat="49.058439" lon="-124.738956" />
      <trkpt lat="49.058562" lon="-124.738459" />
      <trkpt lat="49.058671" lon="-124.737203" />
      <trkpt lat="49.058731" lon="-124.733959" />
      <trkpt lat="49.058832" lon="-124.733716" />
      <trkpt lat="49.059011" lon="-124.733544" />
      <trkpt lat="49.059273" lon="-124.733499" />
      <trkpt lat="49.059687" lon="-124.733557" />
      <trkpt lat="49.06048" lon="-124.734272" />
      <trkpt lat="49.06085" lon="-124.734565" />
      <trkpt lat="49.061206" lon="-124.734489" />
      <trkpt lat="49.061765" lon="-124.73416" />
      <trkpt lat="49.063263" lon="-124.73429" />
      <trkpt lat="49.06341" lon="-124.734247" />
      <trkpt lat="49.063543" lon="-124.734136" />
      <trkpt lat="49.063867" lon="-124.733953" />
      <trkpt lat="49.064483" lon="-124.733545" />
      <trkpt lat="49.065108" lon="-124.733067" />
      <trkpt lat="49.065952" lon="-124.732911" />
      <trkpt lat="49.066875" lon="-124.732941" />
      <trkpt lat="49.067568" lon="-124.733368" />
      <trkpt lat="49.068319" lon="-124.733589" />
      <trkpt lat="49.069003" lon="-124.733761" />
      <trkpt lat="49.070026" lon="-124.733849" />
      <trkpt lat="49.071215" lon="-124.734621" />
      <trkpt lat="49.07211" lon="-124.735093" />
      <trkpt lat="49.072989" lon="-124.735751" />
      <trkpt lat="49.073128" lon="-124.735926" />
      <trkpt lat="49.074015" lon="-124.737847" />
      <trkpt lat="49.075071" lon="-124.738857" />
      <trkpt lat="49.07571" lon="-124.739653" />
      <trkpt lat="49.07663" lon="-124.740663" />
      <trkpt lat="49.077179" lon="-124.741373" />
      <trkpt lat="49.07767" lon="-124.74201" />
      <trkpt lat="49.08122" lon="-124.7471" />
      <trkpt lat="49.082365" lon="-124.748563" />
      <trkpt lat="49.083456" lon="-124.7496" />
      <trkpt lat="49.084758" lon="-124.751491" />
      <trkpt lat="49.086092" lon="-124.754029" />
      <trkpt lat="49.086576" lon="-124.754783" />
      <trkpt lat="49.087581" lon="-124.756049" />
      <trkpt lat="49.088373" lon="-124.756601" />
      <trkpt lat="49.088995" lon="-124.756858" />
      <trkpt lat="49.089454" lon="-124.757205" />
      <trkpt lat="49.090008" lon="-124.757802" />
      <trkpt lat="49.091213" lon="-124.758891" />
      <trkpt lat="49.092459" lon="-124.760433" />
      <trkpt lat="49.093149" lon="-124.761145" />
      <trkpt lat="49.093461" lon="-124.761362" />
      <trkpt lat="49.093679" lon="-124.761419" />
      <trkpt lat="49.09422" lon="-124.761335" />
      <trkpt lat="49.094465" lon="-124.761381" />
      <trkpt lat="49.098367" lon="-124.76487" />
      <trkpt lat="49.098999" lon="-124.766235" />
      <trkpt lat="49.09965" lon="-124.767315" />
      <trkpt lat="49.10006" lon="-124.76807" />
      <trkpt lat="49.100257" lon="-124.768433" />
      <trkpt lat="49.100628" lon="-124.768793" />
      <trkpt lat="49.101007" lon="-124.768993" />
      <trkpt lat="49.102013" lon="-124.76903" />
      <trkpt lat="49.102775" lon="-124.7693" />
      <trkpt lat="49.10361" lon="-124.769725" />
      <trkpt lat="49.104498" lon="-124.770634" />
      <trkpt lat="49.104745" lon="-124.770887" />
      <trkpt lat="49.105058" lon="-124.771089" />
      <trkpt lat="49.105477" lon="-124.771235" />
      <trkpt lat="49.105812" lon="-124.771335" />
      <trkpt lat="49.106696" lon="-124.77094" />
      <trkpt lat="49.106936" lon="-124.770902" />
      <trkpt lat="49.107183" lon="-124.770859" />
      <trkpt lat="49.107363" lon="-124.770877" />
      <trkpt lat="49.107569" lon="-124.770913" />
      <trkpt lat="49.107657" lon="-124.770964" />
      <trkpt lat="49.107716" lon="-124.771059" />
      <trkpt lat="49.107838" lon="-124.771404" />
      <trkpt lat="49.107945" lon="-124.771766" />
      <trkpt lat="49.108123" lon="-124.772282" />
      <trkpt lat="49.108303" lon="-124.772734" />
      <trkpt lat="49.108419" lon="-124.773056" />
      <trkpt lat="49.108561" lon="-124.773422" />
      <trkpt lat="49.108684" lon="-124.77363" />
      <trkpt lat="49.10887" lon="-124.773816" />
      <trkpt lat="49.109321" lon="-124.774116" />
      <trkpt lat="49.109497" lon="-124.774279" />
      <trkpt lat="49.11049" lon="-124.774745" />
      <trkpt lat="49.110935" lon="-124.774925" />
      <trkpt lat="49.111201" lon="-124.775195" />
      <trkpt lat="49.111562" lon="-124.775742" />
      <trkpt lat="49.111992" lon="-124.777311" />
      <trkpt lat="49.112093" lon="-124.777514" />
      <trkpt lat="49.11227" lon="-124.777867" />
      <trkpt lat="49.112676" lon="-124.778462" />
      <trkpt lat="49.11313" lon="-124.778658" />
      <trkpt lat="49.113797" lon="-124.77843" />
      <trkpt lat="49.11578" lon="-124.776761" />
      <trkpt lat="49.116195" lon="-124.776531" />
      <trkpt lat="49.118105" lon="-124.775974" />
      <trkpt lat="49.118766" lon="-124.775922" />
      <trkpt lat="49.119861" lon="-124.776104" />
      <trkpt lat="49.119947" lon="-124.776105" />
      <trkpt lat="49.121546" lon="-124.776293" />
      <trkpt lat="49.125007" lon="-124.77629" />
      <trkpt lat="49.125522" lon="-124.776394" />
      <trkpt lat="49.125762" lon="-124.776379" />
      <trkpt lat="49.126157" lon="-124.7762" />
      <trkpt lat="49.127876" lon="-124.775418" />
      <trkpt lat="49.128238" lon="-124.775199" />
      <trkpt lat="49.129331" lon="-124.775166" />
      <trkpt lat="49.130178" lon="-124.775595" />
      <trkpt lat="49.130412" lon="-124.775757" />
      <trkpt lat="49.130946" lon="-124.775968" />
      <trkpt lat="49.131793" lon="-124.776021" />
      <trkpt lat="49.133219" lon="-124.776681" />
      <trkpt lat="49.13443" lon="-124.777067" />
      <trkpt lat="49.13491" lon="-124.777027" />
      <trkpt lat="49.135641" lon="-124.776972" />
      <trkpt lat="49.136598" lon="-124.776782" />
      <trkpt lat="49.13692" lon="-124.776853" />
      <trkpt lat="49.13724" lon="-124.777106" />
      <trkpt lat="49.137806" lon="-124.777725" />
      <trkpt lat="49.138308" lon="-124.778387" />
      <trkpt lat="49.138782" lon="-124.779457" />
      <trkpt lat="49.1391" lon="-124.780862" />
      <trkpt lat="49.139234" lon="-124.781455" />
      <trkpt lat="49.139543" lon="-124.782035" />
      <trkpt lat="49.14008" lon="-124.782782" />
      <trkpt lat="49.14036" lon="-124.783045" />
      <trkpt lat="49.140707" lon="-124.783207" />
      <trkpt lat="49.141436" lon="-124.783325" />
      <trkpt lat="49.141833" lon="-124.783544" />
      <trkpt lat="49.142522" lon="-124.784064" />
      <trkpt lat="49.143274" lon="-124.784423" />
      <trkpt lat="49.143496" lon="-124.784624" />
      <trkpt lat="49.144129" lon="-124.785535" />
      <trkpt lat="49.144461" lon="-124.785686" />
      <trkpt lat="49.14548" lon="-124.785647" />
      <trkpt lat="49.145835" lon="-124.785576" />
      <trkpt lat="49.146375" lon="-124.785362" />
      <trkpt lat="49.14692" lon="-124.78498" />
      <trkpt lat="49.147916" lon="-124.784642" />
      <trkpt lat="49.148303" lon="-124.784229" />
      <trkpt lat="49.1493" lon="-124.782647" />
      <trkpt lat="49.14972" lon="-124.780927" />
      <trkpt lat="49.149865" lon="-124.780621" />
      <trkpt lat="49.150438" lon="-124.779824" />
      <trkpt lat="49.150613" lon="-124.779507" />
      <trkpt lat="49.151147" lon="-124.779099" />
      <trkpt lat="49.151475" lon="-124.77875" />
      <trkpt lat="49.151824" lon="-124.778265" />
      <trkpt lat="49.152533" lon="-124.777242" />
      <trkpt lat="49.153725" lon="-124.775184" />
      <trkpt lat="49.154357" lon="-124.774429" />
      <trkpt lat="49.154857" lon="-124.774034" />
      <trkpt lat="49.155656" lon="-124.77343" />
      <trkpt lat="49.155888" lon="-124.773361" />
      <trkpt lat="49.156255" lon="-124.773375" />
      <trkpt lat="49.156445" lon="-124.773438" />
      <trkpt lat="49.156611" lon="-124.773579" />
      <trkpt lat="49.156854" lon="-124.773961" />
      <trkpt lat="49.157502" lon="-124.775395" />
      <trkpt lat="49.157841" lon="-124.775935" />
      <trkpt lat="49.158466" lon="-124.777009" />
      <trkpt lat="49.158579" lon="-124.777285" />
      <trkpt lat="49.159021" lon="-124.778099" />
      <trkpt lat="49.159401" lon="-124.778501" />
      <trkpt lat="49.159808" lon="-124.778652" />
      <trkpt lat="49.160511" lon="-124.778547" />
      <trkpt lat="49.161758" lon="-124.778308" />
      <trkpt lat="49.162541" lon="-124.778083" />
      <trkpt lat="49.162892" lon="-124.777798" />
      <trkpt lat="49.163385" lon="-124.777222" />
      <trkpt lat="49.163698" lon="-124.776951" />
      <trkpt lat="49.164118" lon="-124.776717" />
      <trkpt lat="49.164917" lon="-124.776459" />
      <trkpt lat="49.165427" lon="-124.77646" />
      <trkpt lat="49.165882" lon="-124.776634" />
      <trkpt lat="49.165996" lon="-124.776634" />
      <trkpt lat="49.166118" lon="-124.776601" />
      <trkpt lat="49.166299" lon="-124.776344" />
      <trkpt lat="49.166861" lon="-124.775209" />
      <trkpt lat="49.167272" lon="-124.774655" />
      <trkpt lat="49.167665" lon="-124.774439" />
      <trkpt lat="49.168676" lon="-124.774273" />
      <trkpt lat="49.169126" lon="-124.774171" />
      <trkpt lat="49.170309" lon="-124.773963" />
      <trkpt lat="49.170983" lon="-124.77408" />
      <trkpt lat="49.171322" lon="-124.774064" />
      <trkpt lat="49.171692" lon="-124.773963" />
      <trkpt lat="49.172367" lon="-124.773624" />
      <trkpt lat="49.173068" lon="-124.773284" />
      <trkpt lat="49.173648" lon="-124.773319" />
      <trkpt lat="49.17404" lon="-124.773377" />
      <trkpt lat="49.1741" lon="-124.773386" />
      <trkpt lat="49.17501" lon="-124.773093" />
      <trkpt lat="49.175493" lon="-124.772485" />
      <trkpt lat="49.17602" lon="-124.771559" />
      <trkpt lat="49.177645" lon="-124.767358" />
      <trkpt lat="49.179167" lon="-124.763624" />
      <trkpt lat="49.179517" lon="-124.762922" />
      <trkpt lat="49.179822" lon="-124.762591" />
      <trkpt lat="49.180214" lon="-124.762312" />
      <trkpt lat="49.180604" lon="-124.762191" />
      <trkpt lat="49.181133" lon="-124.762213" />
      <trkpt lat="49.182433" lon="-124.762639" />
      <trkpt lat="49.182793" lon="-124.76268" />
      <trkpt lat="49.183561" lon="-124.762429" />
      <trkpt lat="49.183891" lon="-124.762006" />
      <trkpt lat="49.183919" lon="-124.761929" />
      <trkpt lat="49.184019" lon="-124.761594" />
      <trkpt lat="49.184139" lon="-124.76122" />
      <trkpt lat="49.184408" lon="-124.760403" />
      <trkpt lat="49.184499" lon="-124.760126" />
      <trkpt lat="49.184575" lon="-124.759961" />
      <trkpt lat="49.184718" lon="-124.759647" />
      <trkpt lat="49.184952" lon="-124.759333" />
      <trkpt lat="49.18528" lon="-124.759043" />
      <trkpt lat="49.186074" lon="-124.75856" />
      <trkpt lat="49.187945" lon="-124.75718" />
      <trkpt lat="49.189013" lon="-124.756291" />
      <trkpt lat="49.189396" lon="-124.755735" />
      <trkpt lat="49.189563" lon="-124.755365" />
      <trkpt lat="49.189705" lon="-124.75448" />
      <trkpt lat="49.189911" lon="-124.752971" />
      <trkpt lat="49.190102" lon="-124.75157" />
      <trkpt lat="49.190385" lon="-124.749575" />
      <trkpt lat="49.190517" lon="-124.749189" />
      <trkpt lat="49.190675" lon="-124.748898" />
      <trkpt lat="49.19113" lon="-124.74846" />
      <trkpt lat="49.191543" lon="-124.748038" />
      <trkpt lat="49.191629" lon="-124.748027" />
      <trkpt lat="49.192195" lon="-124.74839" />
      <trkpt lat="49.192824" lon="-124.748558" />
      <trkpt lat="49.193956" lon="-124.748702" />
      <trkpt lat="49.194141" lon="-124.748834" />
      <trkpt lat="49.194406" lon="-124.749209" />
      <trkpt lat="49.194885" lon="-124.750245" />
      <trkpt lat="49.195364" lon="-124.750874" />
      <trkpt lat="49.196282" lon="-124.751288" />
      <trkpt lat="49.197685" lon="-124.751668" />
      <trkpt lat="49.199381" lon="-124.752314" />
      <trkpt lat="49.200106" lon="-124.752747" />
      <trkpt lat="49.20129" lon="-124.753587" />
      <trkpt lat="49.202205" lon="-124.754598" />
      <trkpt lat="49.20305" lon="-124.754953" />
      <trkpt lat="49.204697" lon="-124.755829" />
      <trkpt lat="49.206257" lon="-124.756689" />
      <trkpt lat="49.206982" lon="-124.757353" />
      <trkpt lat="49.208406" lon="-124.759077" />
      <trkpt lat="49.209227" lon="-124.760608" />
      <trkpt lat="49.209666" lon="-124.761564" />
      <trkpt lat="49.209752" lon="-124.761864" />
      <trkpt lat="49.210024" lon="-124.762766" />
      <trkpt lat="49.2103" lon="-124.763693" />
      <trkpt lat="49.210516" lon="-124.764468" />
      <trkpt lat="49.210714" lon="-124.765117" />
      <trkpt lat="49.210768" lon="-124.765543" />
      <trkpt lat="49.210751" lon="-124.765974" />
      <trkpt lat="49.210746" lon="-124.766029" />
      <trkpt lat="49.210737" lon="-124.766097" />
      <trkpt lat="49.210644" lon="-124.766457" />
      <trkpt lat="49.21037" lon="-124.767033" />
      <trkpt lat="49.210222" lon="-124.767686" />
      <trkpt lat="49.210255" lon="-124.768126" />
      <trkpt lat="49.210426" lon="-124.76859" />
      <trkpt lat="49.211288" lon="-124.770165" />
      <trkpt lat="49.211538" lon="-124.771779" />
      <trkpt lat="49.211728" lon="-124.773125" />
      <trkpt lat="49.211724" lon="-124.773681" />
      <trkpt lat="49.21175" lon="-124.774244" />
      <trkpt lat="49.212095" lon="-124.776705" />
      <trkpt lat="49.212562" lon="-124.779229" />
      <trkpt lat="49.212726" lon="-124.779951" />
      <trkpt lat="49.212857" lon="-124.780246" />
      <trkpt lat="49.213325" lon="-124.780883" />
      <trkpt lat="49.213518" lon="-124.781218" />
      <trkpt lat="49.213672" lon="-124.781585" />
      <trkpt lat="49.213933" lon="-124.782879" />
      <trkpt lat="49.214017" lon="-124.783437" />
      <trkpt lat="49.214072" lon="-124.784757" />
      <trkpt lat="49.214126" lon="-124.785422" />
      <trkpt lat="49.21413" lon="-124.785473" />
      <trkpt lat="49.21417" lon="-124.785963" />
      <trkpt lat="49.214221" lon="-124.788428" />
      <trkpt lat="49.2142" lon="-124.789584" />
      <trkpt lat="49.214214" lon="-124.790185" />
      <trkpt lat="49.21426" lon="-124.790657" />
      <trkpt lat="49.214348" lon="-124.791065" />
      <trkpt lat="49.214547" lon="-124.79155" />
      <trkpt lat="49.214864" lon="-124.792044" />
      <trkpt lat="49.215397" lon="-124.792773" />
      <trkpt lat="49.215638" lon="-124.793126" />
      <trkpt lat="49.215804" lon="-124.793463" />
      <trkpt lat="49.215861" lon="-124.793601" />
      <trkpt lat="49.215908" lon="-124.79378" />
      <trkpt lat="49.215958" lon="-124.794105" />
      <trkpt lat="49.215984" lon="-124.794437" />
      <trkpt lat="49.215978" lon="-124.795142" />
      <trkpt lat="49.215987" lon="-124.79567" />
      <trkpt lat="49.216044" lon="-124.796147" />
      <trkpt lat="49.216135" lon="-124.796511" />
      <trkpt lat="49.216209" lon="-124.796754" />
      <trkpt lat="49.216376" lon="-124.797157" />
      <trkpt lat="49.216614" lon="-124.797497" />
      <trkpt lat="49.218443" lon="-124.800205" />
      <trkpt lat="49.219625" lon="-124.801976" />
      <trkpt lat="49.21982" lon="-124.80222" />
      <trkpt lat="49.220879" lon="-124.803348" />
      <trkpt lat="49.221203" lon="-124.803695" />
      <trkpt lat="49.221304" lon="-124.803813" />
      <trkpt lat="49.221429" lon="-124.803977" />
      <trkpt lat="49.221523" lon="-124.804169" />
      <trkpt lat="49.22166" lon="-124.804469" />
      <trkpt lat="49.221753" lon="-124.80476" />
      <trkpt lat="49.221927" lon="-124.805247" />
      <trkpt lat="49.222142" lon="-124.805773" />
      <trkpt lat="49.222346" lon="-124.806117" />
      <trkpt lat="49.222521" lon="-124.80629" />
      <trkpt lat="49.22309" lon="-124.806988" />
      <trkpt lat="49.223187" lon="-124.807122" />
      <trkpt lat="49.223268" lon="-124.807283" />
      <trkpt lat="49.223321" lon="-124.80747" />
      <trkpt lat="49.223671" lon="-124.807476" />
      <trkpt lat="49.22414" lon="-124.807478" />
      <trkpt lat="49.224593" lon="-124.807494" />
      <trkpt lat="49.225241" lon="-124.80754" />
      <trkpt lat="49.225409" lon="-124.807499" />
      <trkpt lat="49.225862" lon="-124.807493" />
      <trkpt lat="49.22649" lon="-124.807466" />
      <trkpt lat="49.227765" lon="-124.807482" />
      <trkpt lat="49.228756" lon="-124.807485" />
      <trkpt lat="49.228835" lon="-124.80758" />
      <trkpt lat="49.228951" lon="-124.808346" />
      <trkpt lat="49.229059" lon="-124.808998" />
      <trkpt lat="49.229093" lon="-124.808991" />
      <trkpt lat="49.229068" lon="-124.809261" />
      <trkpt lat="49.229026" lon="-124.809409" />
      <trkpt lat="49.229026" lon="-124.809482" />
      <trkpt lat="49.229032" lon="-124.80972" />
      <trkpt lat="49.229014" lon="-124.810411" />
      <trkpt lat="49.229196" lon="-124.810414" />
      <trkpt lat="49.229213" lon="-124.810166" />
      <trkpt lat="49.229705" lon="-124.810008" />
      <trkpt lat="49.229856" lon="-124.80984" />
      <trkpt lat="49.229705" lon="-124.810008" />
      <trkpt lat="49.229213" lon="-124.810166" />
      <trkpt lat="49.229196" lon="-124.810414" />
      <trkpt lat="49.229014" lon="-124.810411" />
      <trkpt lat="49.229032" lon="-124.80972" />
      <trkpt lat="49.229026" lon="-124.809482" />
      <trkpt lat="49.229026" lon="-124.809409" />
      <trkpt lat="49.229068" lon="-124.809261" />
      <trkpt lat="49.229093" lon="-124.808991" />
      <trkpt lat="49.229059" lon="-124.808998" />
      <trkpt lat="49.228951" lon="-124.808346" />
      <trkpt lat="49.228835" lon="-124.80758" />
      <trkpt lat="49.228774" lon="-124.807665" />
      <trkpt lat="49.227766" lon="-124.807693" />
      <trkpt lat="49.226491" lon="-124.807689" />
      <trkpt lat="49.22585" lon="-124.807677" />
      <trkpt lat="49.225734" lon="-124.807672" />
      <trkpt lat="49.225392" lon="-124.807619" />
      <trkpt lat="49.225241" lon="-124.80754" />
      <trkpt lat="49.224593" lon="-124.807494" />
      <trkpt lat="49.22414" lon="-124.807478" />
      <trkpt lat="49.223671" lon="-124.807476" />
      <trkpt lat="49.223321" lon="-124.80747" />
      <trkpt lat="49.223268" lon="-124.807283" />
      <trkpt lat="49.223187" lon="-124.807122" />
      <trkpt lat="49.22309" lon="-124.806988" />
      <trkpt lat="49.222521" lon="-124.80629" />
      <trkpt lat="49.222346" lon="-124.806117" />
      <trkpt lat="49.222142" lon="-124.805773" />
      <trkpt lat="49.221927" lon="-124.805247" />
      <trkpt lat="49.221753" lon="-124.80476" />
      <trkpt lat="49.22166" lon="-124.804469" />
      <trkpt lat="49.221523" lon="-124.804169" />
      <trkpt lat="49.221429" lon="-124.803977" />
      <trkpt lat="49.221304" lon="-124.803813" />
      <trkpt lat="49.221203" lon="-124.803695" />
      <trkpt lat="49.220879" lon="-124.803348" />
      <trkpt lat="49.21982" lon="-124.80222" />
      <trkpt lat="49.219625" lon="-124.801976" />
      <trkpt lat="49.218443" lon="-124.800205" />
      <trkpt lat="49.216614" lon="-124.797497" />
      <trkpt lat="49.216376" lon="-124.797157" />
      <trkpt lat="49.216209" lon="-124.796754" />
      <trkpt lat="49.216135" lon="-124.796511" />
      <trkpt lat="49.216044" lon="-124.796147" />
      <trkpt lat="49.215987" lon="-124.79567" />
      <trkpt lat="49.215978" lon="-124.795142" />
      <trkpt lat="49.215984" lon="-124.794437" />
      <trkpt lat="49.215958" lon="-124.794105" />
      <trkpt lat="49.215908" lon="-124.79378" />
      <trkpt lat="49.215861" lon="-124.793601" />
      <trkpt lat="49.215804" lon="-124.793463" />
      <trkpt lat="49.215638" lon="-124.793126" />
      <trkpt lat="49.215397" lon="-124.792773" />
      <trkpt lat="49.214864" lon="-124.792044" />
      <trkpt lat="49.214547" lon="-124.79155" />
      <trkpt lat="49.214348" lon="-124.791065" />
      <trkpt lat="49.21426" lon="-124.790657" />
      <trkpt lat="49.214214" lon="-124.790185" />
      <trkpt lat="49.2142" lon="-124.789584" />
      <trkpt lat="49.214221" lon="-124.788428" />
      <trkpt lat="49.21417" lon="-124.785963" />
      <trkpt lat="49.21413" lon="-124.785473" />
      <trkpt lat="49.214126" lon="-124.785422" />
      <trkpt lat="49.214072" lon="-124.784757" />
      <trkpt lat="49.214017" lon="-124.783437" />
      <trkpt lat="49.213933" lon="-124.782879" />
      <trkpt lat="49.213672" lon="-124.781585" />
      <trkpt lat="49.213518" lon="-124.781218" />
      <trkpt lat="49.213325" lon="-124.780883" />
      <trkpt lat="49.212857" lon="-124.780246" />
      <trkpt lat="49.212726" lon="-124.779951" />
      <trkpt lat="49.212562" lon="-124.779229" />
      <trkpt lat="49.212095" lon="-124.776705" />
      <trkpt lat="49.21175" lon="-124.774244" />
      <trkpt lat="49.211724" lon="-124.773681" />
      <trkpt lat="49.211728" lon="-124.773125" />
      <trkpt lat="49.211538" lon="-124.771779" />
      <trkpt lat="49.211288" lon="-124.770165" />
      <trkpt lat="49.210426" lon="-124.76859" />
      <trkpt lat="49.210255" lon="-124.768126" />
      <trkpt lat="49.210222" lon="-124.767686" />
      <trkpt lat="49.21037" lon="-124.767033" />
      <trkpt lat="49.210644" lon="-124.766457" />
      <trkpt lat="49.210737" lon="-124.766097" />
      <trkpt lat="49.210746" lon="-124.766029" />
      <trkpt lat="49.210751" lon="-124.765974" />
      <trkpt lat="49.210768" lon="-124.765543" />
      <trkpt lat="49.210714" lon="-124.765117" />
      <trkpt lat="49.210516" lon="-124.764468" />
      <trkpt lat="49.2103" lon="-124.763693" />
      <trkpt lat="49.210024" lon="-124.762766" />
      <trkpt lat="49.209752" lon="-124.761864" />
      <trkpt lat="49.209666" lon="-124.761564" />
      <trkpt lat="49.209227" lon="-124.760608" />
      <trkpt lat="49.208406" lon="-124.759077" />
      <trkpt lat="49.206982" lon="-124.757353" />
      <trkpt lat="49.206257" lon="-124.756689" />
      <trkpt lat="49.204697" lon="-124.755829" />
      <trkpt lat="49.20305" lon="-124.754953" />
      <trkpt lat="49.202205" lon="-124.754598" />
      <trkpt lat="49.20129" lon="-124.753587" />
      <trkpt lat="49.200106" lon="-124.752747" />
      <trkpt lat="49.199381" lon="-124.752314" />
      <trkpt lat="49.197685" lon="-124.751668" />
      <trkpt lat="49.196282" lon="-124.751288" />
      <trkpt lat="49.195364" lon="-124.750874" />
      <trkpt lat="49.194885" lon="-124.750245" />
      <trkpt lat="49.194406" lon="-124.749209" />
      <trkpt lat="49.194141" lon="-124.748834" />
      <trkpt lat="49.193956" lon="-124.748702" />
      <trkpt lat="49.192824" lon="-124.748558" />
      <trkpt lat="49.192195" lon="-124.74839" />
      <trkpt lat="49.191629" lon="-124.748027" />
      <trkpt lat="49.191543" lon="-124.748038" />
      <trkpt lat="49.19113" lon="-124.74846" />
      <trkpt lat="49.190675" lon="-124.748898" />
      <trkpt lat="49.190517" lon="-124.749189" />
      <trkpt lat="49.190385" lon="-124.749575" />
      <trkpt lat="49.190102" lon="-124.75157" />
      <trkpt lat="49.189911" lon="-124.752971" />
      <trkpt lat="49.189705" lon="-124.75448" />
      <trkpt lat="49.189563" lon="-124.755365" />
      <trkpt lat="49.189396" lon="-124.755735" />
      <trkpt lat="49.189013" lon="-124.756291" />
      <trkpt lat="49.187945" lon="-124.75718" />
      <trkpt lat="49.186074" lon="-124.75856" />
      <trkpt lat="49.18528" lon="-124.759043" />
      <trkpt lat="49.184952" lon="-124.759333" />
      <trkpt lat="49.184718" lon="-124.759647" />
      <trkpt lat="49.184575" lon="-124.759961" />
      <trkpt lat="49.184499" lon="-124.760126" />
      <trkpt lat="49.184408" lon="-124.760403" />
      <trkpt lat="49.184139" lon="-124.76122" />
      <trkpt lat="49.184019" lon="-124.761594" />
      <trkpt lat="49.183919" lon="-124.761929" />
      <trkpt lat="49.183891" lon="-124.762006" />
      <trkpt lat="49.183561" lon="-124.762429" />
      <trkpt lat="49.182793" lon="-124.76268" />
      <trkpt lat="49.182433" lon="-124.762639" />
      <trkpt lat="49.181133" lon="-124.762213" />
      <trkpt lat="49.180604" lon="-124.762191" />
      <trkpt lat="49.180214" lon="-124.762312" />
      <trkpt lat="49.179822" lon="-124.762591" />
      <trkpt lat="49.179517" lon="-124.762922" />
      <trkpt lat="49.179167" lon="-124.763624" />
      <trkpt lat="49.177645" lon="-124.767358" />
      <trkpt lat="49.17602" lon="-124.771559" />
      <trkpt lat="49.175493" lon="-124.772485" />
      <trkpt lat="49.17501" lon="-124.773093" />
      <trkpt lat="49.1741" lon="-124.773386" />
      <trkpt lat="49.17404" lon="-124.773377" />
      <trkpt lat="49.173648" lon="-124.773319" />
      <trkpt lat="49.173068" lon="-124.773284" />
      <trkpt lat="49.172367" lon="-124.773624" />
      <trkpt lat="49.171692" lon="-124.773963" />
      <trkpt lat="49.171322" lon="-124.774064" />
      <trkpt lat="49.170983" lon="-124.77408" />
      <trkpt lat="49.170309" lon="-124.773963" />
      <trkpt lat="49.169126" lon="-124.774171" />
      <trkpt lat="49.168676" lon="-124.774273" />
      <trkpt lat="49.167665" lon="-124.774439" />
      <trkpt lat="49.167272" lon="-124.774655" />
      <trkpt lat="49.166861" lon="-124.775209" />
      <trkpt lat="49.166299" lon="-124.776344" />
      <trkpt lat="49.166118" lon="-124.776601" />
      <trkpt lat="49.165996" lon="-124.776634" />
      <trkpt lat="49.165882" lon="-124.776634" />
      <trkpt lat="49.165427" lon="-124.77646" />
      <trkpt lat="49.164917" lon="-124.776459" />
      <trkpt lat="49.164118" lon="-124.776717" />
      <trkpt lat="49.163698" lon="-124.776951" />
      <trkpt lat="49.163385" lon="-124.777222" />
      <trkpt lat="49.162892" lon="-124.777798" />
      <trkpt lat="49.162541" lon="-124.778083" />
      <trkpt lat="49.161758" lon="-124.778308" />
      <trkpt lat="49.160511" lon="-124.778547" />
      <trkpt lat="49.159808" lon="-124.778652" />
      <trkpt lat="49.159401" lon="-124.778501" />
      <trkpt lat="49.159021" lon="-124.778099" />
      <trkpt lat="49.158579" lon="-124.777285" />
      <trkpt lat="49.158466" lon="-124.777009" />
      <trkpt lat="49.157841" lon="-124.775935" />
      <trkpt lat="49.157502" lon="-124.775395" />
      <trkpt lat="49.156854" lon="-124.773961" />
      <trkpt lat="49.156611" lon="-124.773579" />
      <trkpt lat="49.156445" lon="-124.773438" />
      <trkpt lat="49.156255" lon="-124.773375" />
      <trkpt lat="49.155888" lon="-124.773361" />
      <trkpt lat="49.155656" lon="-124.77343" />
      <trkpt lat="49.154857" lon="-124.774034" />
      <trkpt lat="49.154357" lon="-124.774429" />
      <trkpt lat="49.153725" lon="-124.775184" />
      <trkpt lat="49.152533" lon="-124.777242" />
      <trkpt lat="49.151824" lon="-124.778265" />
      <trkpt lat="49.151475" lon="-124.77875" />
      <trkpt lat="49.151147" lon="-124.779099" />
      <trkpt lat="49.150613" lon="-124.779507" />
      <trkpt lat="49.150438" lon="-124.779824" />
      <trkpt lat="49.149865" lon="-124.780621" />
      <trkpt lat="49.14972" lon="-124.780927" />
      <trkpt lat="49.1493" lon="-124.782647" />
      <trkpt lat="49.148303" lon="-124.784229" />
      <trkpt lat="49.147916" lon="-124.784642" />
      <trkpt lat="49.14692" lon="-124.78498" />
      <trkpt lat="49.146375" lon="-124.785362" />
      <trkpt lat="49.145835" lon="-124.785576" />
      <trkpt lat="49.14548" lon="-124.785647" />
      <trkpt lat="49.144461" lon="-124.785686" />
      <trkpt lat="49.144129" lon="-124.785535" />
      <trkpt lat="49.143496" lon="-124.784624" />
      <trkpt lat="49.143274" lon="-124.784423" />
      <trkpt lat="49.142522" lon="-124.784064" />
      <trkpt lat="49.141833" lon="-124.783544" />
      <trkpt lat="49.141436" lon="-124.783325" />
      <trkpt lat="49.140707" lon="-124.783207" />
      <trkpt lat="49.14036" lon="-124.783045" />
      <trkpt lat="49.14008" lon="-124.782782" />
      <trkpt lat="49.139543" lon="-124.782035" />
      <trkpt lat="49.139234" lon="-124.781455" />
      <trkpt lat="49.1391" lon="-124.780862" />
      <trkpt lat="49.138782" lon="-124.779457" />
      <trkpt lat="49.138308" lon="-124.778387" />
      <trkpt lat="49.137806" lon="-124.777725" />
      <trkpt lat="49.13724" lon="-124.777106" />
      <trkpt lat="49.13692" lon="-124.776853" />
      <trkpt lat="49.136598" lon="-124.776782" />
      <trkpt lat="49.135641" lon="-124.776972" />
      <trkpt lat="49.13491" lon="-124.777027" />
      <trkpt lat="49.13443" lon="-124.777067" />
      <trkpt lat="49.133219" lon="-124.776681" />
      <trkpt lat="49.131793" lon="-124.776021" />
      <trkpt lat="49.130946" lon="-124.775968" />
      <trkpt lat="49.130412" lon="-124.775757" />
      <trkpt lat="49.130178" lon="-124.775595" />
      <trkpt lat="49.129331" lon="-124.775166" />
      <trkpt lat="49.128238" lon="-124.775199" />
      <trkpt lat="49.127876" lon="-124.775418" />
      <trkpt lat="49.126157" lon="-124.7762" />
      <trkpt lat="49.125762" lon="-124.776379" />
      <trkpt lat="49.125522" lon="-124.776394" />
      <trkpt lat="49.125007" lon="-124.77629" />
      <trkpt lat="49.121546" lon="-124.776293" />
      <trkpt lat="49.119947" lon="-124.776105" />
      <trkpt lat="49.119861" lon="-124.776104" />
      <trkpt lat="49.118766" lon="-124.775922" />
      <trkpt lat="49.118105" lon="-124.775974" />
      <trkpt lat="49.116195" lon="-124.776531" />
      <trkpt lat="49.11578" lon="-124.776761" />
      <trkpt lat="49.113797" lon="-124.77843" />
      <trkpt lat="49.11313" lon="-124.778658" />
      <trkpt lat="49.112676" lon="-124.778462" />
      <trkpt lat="49.11227" lon="-124.777867" />
      <trkpt lat="49.112093" lon="-124.777514" />
      <trkpt lat="49.111992" lon="-124.777311" />
      <trkpt lat="49.111562" lon="-124.775742" />
      <trkpt lat="49.111201" lon="-124.775195" />
      <trkpt lat="49.110935" lon="-124.774925" />
      <trkpt lat="49.11049" lon="-124.774745" />
      <trkpt lat="49.109497" lon="-124.774279" />
      <trkpt lat="49.109321" lon="-124.774116" />
      <trkpt lat="49.10887" lon="-124.773816" />
      <trkpt lat="49.108684" lon="-124.77363" />
      <trkpt lat="49.108561" lon="-124.773422" />
      <trkpt lat="49.108419" lon="-124.773056" />
      <trkpt lat="49.108303" lon="-124.772734" />
      <trkpt lat="49.108123" lon="-124.772282" />
      <trkpt lat="49.107945" lon="-124.771766" />
      <trkpt lat="49.107838" lon="-124.771404" />
      <trkpt lat="49.107716" lon="-124.771059" />
      <trkpt lat="49.107657" lon="-124.770964" />
      <trkpt lat="49.107569" lon="-124.770913" />
      <trkpt lat="49.107363" lon="-124.770877" />
      <trkpt lat="49.107183" lon="-124.770859" />
      <trkpt lat="49.106936" lon="-124.770902" />
      <trkpt lat="49.106696" lon="-124.77094" />
      <trkpt lat="49.105812" lon="-124.771335" />
      <trkpt lat="49.105477" lon="-124.771235" />
      <trkpt lat="49.105058" lon="-124.771089" />
      <trkpt lat="49.104745" lon="-124.770887" />
      <trkpt lat="49.104498" lon="-124.770634" />
      <trkpt lat="49.10361" lon="-124.769725" />
      <trkpt lat="49.102775" lon="-124.7693" />
      <trkpt lat="49.102013" lon="-124.76903" />
      <trkpt lat="49.101007" lon="-124.768993" />
      <trkpt lat="49.100628" lon="-124.768793" />
      <trkpt lat="49.100257" lon="-124.768433" />
      <trkpt lat="49.10006" lon="-124.76807" />
      <trkpt lat="49.09965" lon="-124.767315" />
      <trkpt lat="49.098999" lon="-124.766235" />
      <trkpt lat="49.098367" lon="-124.76487" />
      <trkpt lat="49.094465" lon="-124.761381" />
      <trkpt lat="49.09422" lon="-124.761335" />
      <trkpt lat="49.093679" lon="-124.761419" />
      <trkpt lat="49.093461" lon="-124.761362" />
      <trkpt lat="49.093149" lon="-124.761145" />
      <trkpt lat="49.092459" lon="-124.760433" />
      <trkpt lat="49.091213" lon="-124.758891" />
      <trkpt lat="49.090008" lon="-124.757802" />
      <trkpt lat="49.089454" lon="-124.757205" />
      <trkpt lat="49.088995" lon="-124.756858" />
      <trkpt lat="49.088373" lon="-124.756601" />
      <trkpt lat="49.087581" lon="-124.756049" />
      <trkpt lat="49.086576" lon="-124.754783" />
      <trkpt lat="49.086092" lon="-124.754029" />
      <trkpt lat="49.084758" lon="-124.751491" />
      <trkpt lat="49.083456" lon="-124.7496" />
      <trkpt lat="49.082365" lon="-124.748563" />
      <trkpt lat="49.08122" lon="-124.7471" />
      <trkpt lat="49.07767" lon="-124.74201" />
      <trkpt lat="49.077179" lon="-124.741373" />
      <trkpt lat="49.07663" lon="-124.740663" />
      <trkpt lat="49.07571" lon="-124.739653" />
      <trkpt lat="49.075071" lon="-124.738857" />
      <trkpt lat="49.074015" lon="-124.737847" />
      <trkpt lat="49.073128" lon="-124.735926" />
      <trkpt lat="49.072989" lon="-124.735751" />
      <trkpt lat="49.07211" lon="-124.735093" />
      <trkpt lat="49.071215" lon="-124.734621" />
      <trkpt lat="49.070026" lon="-124.733849" />
      <trkpt lat="49.069003" lon="-124.733761" />
      <trkpt lat="49.068319" lon="-124.733589" />
      <trkpt lat="49.067568" lon="-124.733368" />
      <trkpt lat="49.066875" lon="-124.732941" />
      <trkpt lat="49.065952" lon="-124.732911" />
      <trkpt lat="49.065108" lon="-124.733067" />
      <trkpt lat="49.064483" lon="-124.733545" />
      <trkpt lat="49.063867" lon="-124.733953" />
      <trkpt lat="49.063543" lon="-124.734136" />
      <trkpt lat="49.06341" lon="-124.734247" />
      <trkpt lat="49.063263" lon="-124.73429" />
      <trkpt lat="49.061765" lon="-124.73416" />
      <trkpt lat="49.061206" lon="-124.734489" />
      <trkpt lat="49.06085" lon="-124.734565" />
      <trkpt lat="49.06048" lon="-124.734272" />
      <trkpt lat="49.059687" lon="-124.733557" />
      <trkpt lat="49.059273" lon="-124.733499" />
      <trkpt lat="49.059011" lon="-124.733544" />
      <trkpt lat="49.058832" lon="-124.733716" />
      <trkpt lat="49.058731" lon="-124.733959" />
      <trkpt lat="49.058671" lon="-124.737203" />
      <trkpt lat="49.058562" lon="-124.738459" />
      <trkpt lat="49.058439" lon="-124.738956" />
      <trkpt lat="49.057648" lon="-124.740363" />
      <trkpt lat="49.057504" lon="-124.74062" />
      <trkpt lat="49.057321" lon="-124.741439" />
      <trkpt lat="49.057057" lon="-124.742795" />
      <trkpt lat="49.056983" lon="-124.743314" />
      <trkpt lat="49.056774" lon="-124.744902" />
      <trkpt lat="49.0567" lon="-124.745609" />
      <trkpt lat="49.056687" lon="-124.746341" />
      <trkpt lat="49.056826" lon="-124.747863" />
      <trkpt lat="49.056813" lon="-124.748333" />
      <trkpt lat="49.056706" lon="-124.748672" />
      <trkpt lat="49.05669" lon="-124.748723" />
      <trkpt lat="49.056263" lon="-124.749395" />
      <trkpt lat="49.055894" lon="-124.749738" />
      <trkpt lat="49.055542" lon="-124.7499" />
      <trkpt lat="49.055" lon="-124.750556" />
      <trkpt lat="49.054909" lon="-124.750787" />
      <trkpt lat="49.054731" lon="-124.752008" />
      <trkpt lat="49.054557" lon="-124.752519" />
      <trkpt lat="49.054303" lon="-124.752965" />
      <trkpt lat="49.052752" lon="-124.754945" />
      <trkpt lat="49.052308" lon="-124.755367" />
      <trkpt lat="49.052175" lon="-124.755728" />
      <trkpt lat="49.051976" lon="-124.755984" />
      <trkpt lat="49.05015" lon="-124.758041" />
      <trkpt lat="49.04954" lon="-124.75859" />
      <trkpt lat="49.048343" lon="-124.759916" />
      <trkpt lat="49.047867" lon="-124.760511" />
      <trkpt lat="49.047056" lon="-124.761538" />
      <trkpt lat="49.046793" lon="-124.761833" />
      <trkpt lat="49.046605" lon="-124.761961" />
      <trkpt lat="49.046281" lon="-124.762109" />
      <trkpt lat="49.045875" lon="-124.762162" />
      <trkpt lat="49.04514" lon="-124.762331" />
      <trkpt lat="49.044904" lon="-124.762477" />
      <trkpt lat="49.044509" lon="-124.762912" />
      <trkpt lat="49.044202" lon="-124.76354" />
      <trkpt lat="49.043311" lon="-124.765768" />
      <trkpt lat="49.0432" lon="-124.766441" />
      <trkpt lat="49.043049" lon="-124.768116" />
      <trkpt lat="49.042925" lon="-124.768819" />
      <trkpt lat="49.042812" lon="-124.769054" />
      <trkpt lat="49.042659" lon="-124.769249" />
      <trkpt lat="49.042461" lon="-124.769364" />
      <trkpt lat="49.040992" lon="-124.769396" />
      <trkpt lat="49.040331" lon="-124.76936" />
      <trkpt lat="49.040158" lon="-124.769375" />
      <trkpt lat="49.039976" lon="-124.76939" />
      <trkpt lat="49.03972" lon="-124.769479" />
      <trkpt lat="49.039499" lon="-124.769696" />
      <trkpt lat="49.039238" lon="-124.77027" />
      <trkpt lat="49.03868" lon="-124.771076" />
      <trkpt lat="49.038521" lon="-124.771444" />
      <trkpt lat="49.038442" lon="-124.771854" />
      <trkpt lat="49.038412" lon="-124.772437" />
      <trkpt lat="49.038088" lon="-124.774459" />
      <trkpt lat="49.038105" lon="-124.774896" />
      <trkpt lat="49.038315" lon="-124.776309" />
      <trkpt lat="49.038303" lon="-124.776849" />
      <trkpt lat="49.038232" lon="-124.777359" />
      <trkpt lat="49.038058" lon="-124.778064" />
      <trkpt lat="49.037706" lon="-124.779575" />
      <trkpt lat="49.037298" lon="-124.780666" />
      <trkpt lat="49.036839" lon="-124.78173" />
      <trkpt lat="49.036634" lon="-124.78208" />
      <trkpt lat="49.035022" lon="-124.783961" />
      <trkpt lat="49.02962" lon="-124.793916" />
      <trkpt lat="49.029143" lon="-124.794204" />
      <trkpt lat="49.028536" lon="-124.795299" />
      <trkpt lat="49.027884" lon="-124.796115" />
      <trkpt lat="49.026423" lon="-124.799344" />
      <trkpt lat="49.02579" lon="-124.801004" />
      <trkpt lat="49.025073" lon="-124.804232" />
      <trkpt lat="49.024925" lon="-124.804655" />
      <trkpt lat="49.02467" lon="-124.80585" />
      <trkpt lat="49.024506" lon="-124.806872" />
      <trkpt lat="49.024335" lon="-124.807347" />
      <trkpt lat="49.024108" lon="-124.807783" />
      <trkpt lat="49.024024" lon="-124.807956" />
      <trkpt lat="49.023896" lon="-124.808094" />
      <trkpt lat="49.023836" lon="-124.808146" />
      <trkpt lat="49.023593" lon="-124.808373" />
      <trkpt lat="49.023477" lon="-124.808491" />
      <trkpt lat="49.023417" lon="-124.808588" />
      <trkpt lat="49.02333" lon="-124.808811" />
      <trkpt lat="49.023187" lon="-124.809299" />
      <trkpt lat="49.022861" lon="-124.809816" />
      <trkpt lat="49.022533" lon="-124.810369" />
      <trkpt lat="49.022224" lon="-124.810803" />
      <trkpt lat="49.022139" lon="-124.810964" />
      <trkpt lat="49.0219" lon="-124.811345" />
      <trkpt lat="49.021709" lon="-124.81156" />
      <trkpt lat="49.021643" lon="-124.811634" />
      <trkpt lat="49.02127" lon="-124.812053" />
      <trkpt lat="49.021091" lon="-124.812214" />
      <trkpt lat="49.020805" lon="-124.812418" />
      <trkpt lat="49.020323" lon="-124.81296" />
      <trkpt lat="49.02006" lon="-124.813406" />
      <trkpt lat="49.019905" lon="-124.813782" />
      <trkpt lat="49.019822" lon="-124.8141" />
      <trkpt lat="49.019731" lon="-124.814684" />
      <trkpt lat="49.019675" lon="-124.815045" />
      <trkpt lat="49.019585" lon="-124.815353" />
      <trkpt lat="49.019432" lon="-124.815555" />
      <trkpt lat="49.019237" lon="-124.815736" />
      <trkpt lat="49.018797" lon="-124.816049" />
      <trkpt lat="49.018181" lon="-124.81651" />
      <trkpt lat="49.017262" lon="-124.817063" />
      <trkpt lat="49.017204" lon="-124.817163" />
      <trkpt lat="49.0171" lon="-124.81732" />
      <trkpt lat="49.017033" lon="-124.817605" />
      <trkpt lat="49.016808" lon="-124.818152" />
      <trkpt lat="49.01665" lon="-124.818608" />
      <trkpt lat="49.016389" lon="-124.819494" />
      <trkpt lat="49.016199" lon="-124.820288" />
      <trkpt lat="49.016129" lon="-124.820497" />
      <trkpt lat="49.016009" lon="-124.820765" />
      <trkpt lat="49.015811" lon="-124.821108" />
      <trkpt lat="49.01556" lon="-124.821458" />
      <trkpt lat="49.015225" lon="-124.821899" />
      <trkpt lat="49.014963" lon="-124.822116" />
      <trkpt lat="49.014217" lon="-124.823058" />
      <trkpt lat="49.013731" lon="-124.823555" />
      <trkpt lat="49.013222" lon="-124.824296" />
      <trkpt lat="49.012891" lon="-124.824676" />
      <trkpt lat="49.011804" lon="-124.82578" />
      <trkpt lat="49.011178" lon="-124.826155" />
      <trkpt lat="49.010916" lon="-124.826281" />
      <trkpt lat="49.010714" lon="-124.826377" />
      <trkpt lat="49.008643" lon="-124.827372" />
      <trkpt lat="49.008187" lon="-124.827509" />
      <trkpt lat="49.007862" lon="-124.827505" />
      <trkpt lat="49.006479" lon="-124.82689" />
      <trkpt lat="49.006069" lon="-124.826781" />
      <trkpt lat="49.005646" lon="-124.826781" />
      <trkpt lat="49.00361" lon="-124.827795" />
      <trkpt lat="49.002969" lon="-124.828177" />
      <trkpt lat="49.002124" lon="-124.828474" />
      <trkpt lat="49.001572" lon="-124.828847" />
      <trkpt lat="49.000928" lon="-124.829566" />
      <trkpt lat="49.000555" lon="-124.82988" />
      <trkpt lat="49.000253" lon="-124.830029" />
      <trkpt lat="48.999746" lon="-124.830049" />
      <trkpt lat="48.999057" lon="-124.829831" />
      <trkpt lat="48.998433" lon="-124.829833" />
      <trkpt lat="48.998075" lon="-124.829692" />
      <trkpt lat="48.997585" lon="-124.829704" />
      <trkpt lat="48.996813" lon="-124.829583" />
      <trkpt lat="48.99631" lon="-124.829354" />
      <trkpt lat="48.995775" lon="-124.828578" />
      <trkpt lat="48.995722" lon="-124.828415" />
      <trkpt lat="48.995508" lon="-124.827754" />
      <trkpt lat="48.995236" lon="-124.826057" />
      <trkpt lat="48.994996" lon="-124.825074" />
      <trkpt lat="48.994756" lon="-124.823513" />
      <trkpt lat="48.994678" lon="-124.823257" />
      <trkpt lat="48.994192" lon="-124.822264" />
      <trkpt lat="48.994096" lon="-124.821977" />
      <trkpt lat="48.994065" lon="-124.821719" />
      <trkpt lat="48.994056" lon="-124.821296" />
      <trkpt lat="48.994043" lon="-124.8207" />
      <trkpt lat="48.994131" lon="-124.819963" />
      <trkpt lat="48.994249" lon="-124.819626" />
      <trkpt lat="48.994408" lon="-124.818858" />
      <trkpt lat="48.994485" lon="-124.818198" />
      <trkpt lat="48.994481" lon="-124.818142" />
      <trkpt lat="48.99444" lon="-124.817608" />
      <trkpt lat="48.994308" lon="-124.81711" />
      <trkpt lat="48.993608" lon="-124.815702" />
      <trkpt lat="48.99333" lon="-124.814848" />
      <trkpt lat="48.993009" lon="-124.812748" />
      <trkpt lat="48.992833" lon="-124.811029" />
      <trkpt lat="48.992713" lon="-124.810356" />
      <trkpt lat="48.992439" lon="-124.809337" />
      <trkpt lat="48.992034" lon="-124.808269" />
      <trkpt lat="48.991916" lon="-124.807582" />
      <trkpt lat="48.991714" lon="-124.806885" />
      <trkpt lat="48.991671" lon="-124.806527" />
      <trkpt lat="48.991503" lon="-124.806047" />
      <trkpt lat="48.991309" lon="-124.805237" />
      <trkpt lat="48.991152" lon="-124.804858" />
      <trkpt lat="48.990887" lon="-124.803784" />
      <trkpt lat="48.990586" lon="-124.802929" />
      <trkpt lat="48.989697" lon="-124.799481" />
      <trkpt lat="48.989469" lon="-124.798029" />
      <trkpt lat="48.989389" lon="-124.796793" />
      <trkpt lat="48.989296" lon="-124.796158" />
      <trkpt lat="48.988915" lon="-124.794863" />
      <trkpt lat="48.988432" lon="-124.792474" />
      <trkpt lat="48.988316" lon="-124.791256" />
      <trkpt lat="48.988145" lon="-124.790271" />
      <trkpt lat="48.988121" lon="-124.789705" />
      <trkpt lat="48.988192" lon="-124.788308" />
      <trkpt lat="48.988174" lon="-124.787779" />
      <trkpt lat="48.988012" lon="-124.786655" />
      <trkpt lat="48.988101" lon="-124.785741" />
      <trkpt lat="48.988087" lon="-124.785336" />
      <trkpt lat="48.987994" lon="-124.78499" />
      <trkpt lat="48.987587" lon="-124.784287" />
      <trkpt lat="48.987483" lon="-124.783848" />
      <trkpt lat="48.987449" lon="-124.783414" />
      <trkpt lat="48.987469" lon="-124.781895" />
      <trkpt lat="48.987232" lon="-124.781025" />
      <trkpt lat="48.987032" lon="-124.780003" />
      <trkpt lat="48.986562" lon="-124.778316" />
      <trkpt lat="48.985953" lon="-124.775439" />
      <trkpt lat="48.985832" lon="-124.775057" />
      <trkpt lat="48.985439" lon="-124.774051" />
      <trkpt lat="48.98513" lon="-124.773265" />
      <trkpt lat="48.984827" lon="-124.772668" />
      <trkpt lat="48.984096" lon="-124.771459" />
      <trkpt lat="48.983118" lon="-124.770191" />
      <trkpt lat="48.982519" lon="-124.769195" />
      <trkpt lat="48.982411" lon="-124.76907" />
      <trkpt lat="48.98226" lon="-124.76893" />
      <trkpt lat="48.981856" lon="-124.768556" />
      <trkpt lat="48.981443" lon="-124.768231" />
      <trkpt lat="48.981333" lon="-124.768056" />
      <trkpt lat="48.981093" lon="-124.767489" />
      <trkpt lat="48.979929" lon="-124.76348" />
      <trkpt lat="48.979811" lon="-124.763184" />
      <trkpt lat="48.979315" lon="-124.762397" />
      <trkpt lat="48.979198" lon="-124.762009" />
      <trkpt lat="48.979096" lon="-124.76145" />
      <trkpt lat="48.979211" lon="-124.759323" />
      <trkpt lat="48.97915" lon="-124.757692" />
      <trkpt lat="48.978977" lon="-124.75668" />
      <trkpt lat="48.978826" lon="-124.756247" />
      <trkpt lat="48.978071" lon="-124.754811" />
      <trkpt lat="48.977529" lon="-124.753587" />
      <trkpt lat="48.977258" lon="-124.753086" />
      <trkpt lat="48.976907" lon="-124.752601" />
      <trkpt lat="48.976468" lon="-124.752124" />
      <trkpt lat="48.97593" lon="-124.751767" />
      <trkpt lat="48.975767" lon="-124.751569" />
      <trkpt lat="48.975583" lon="-124.751135" />
      <trkpt lat="48.975384" lon="-124.750417" />
      <trkpt lat="48.975275" lon="-124.749638" />
      <trkpt lat="48.975239" lon="-124.748684" />
      <trkpt lat="48.975123" lon="-124.748222" />
      <trkpt lat="48.97499" lon="-124.747988" />
      <trkpt lat="48.974776" lon="-124.74783" />
      <trkpt lat="48.974594" lon="-124.747778" />
      <trkpt lat="48.973458" lon="-124.747822" />
      <trkpt lat="48.973002" lon="-124.747966" />
      <trkpt lat="48.972798" lon="-124.748082" />
      <trkpt lat="48.972282" lon="-124.74832" />
      <trkpt lat="48.972031" lon="-124.748447" />
      <trkpt lat="48.971744" lon="-124.748554" />
      <trkpt lat="48.971522" lon="-124.748587" />
      <trkpt lat="48.971304" lon="-124.74856" />
      <trkpt lat="48.971062" lon="-124.748503" />
      <trkpt lat="48.970872" lon="-124.74846" />
      <trkpt lat="48.970659" lon="-124.74846" />
      <trkpt lat="48.970562" lon="-124.748468" />
      <trkpt lat="48.970449" lon="-124.748514" />
      <trkpt lat="48.970222" lon="-124.748857" />
      <trkpt lat="48.969937" lon="-124.749539" />
      <trkpt lat="48.96831" lon="-124.753186" />
      <trkpt lat="48.967324" lon="-124.754817" />
      <trkpt lat="48.966563" lon="-124.755718" />
      <trkpt lat="48.965793" lon="-124.756942" />
      <trkpt lat="48.965521" lon="-124.757135" />
      <trkpt lat="48.965252" lon="-124.757082" />
      <trkpt lat="48.964813" lon="-124.756518" />
      <trkpt lat="48.964644" lon="-124.756354" />
      <trkpt lat="48.964408" lon="-124.756182" />
      <trkpt lat="48.963858" lon="-124.756137" />
      <trkpt lat="48.963105" lon="-124.756437" />
      <trkpt lat="48.961879" lon="-124.757306" />
      <trkpt lat="48.960935" lon="-124.757746" />
      <trkpt lat="48.9604" lon="-124.757886" />
      <trkpt lat="48.95935" lon="-124.757585" />
      <trkpt lat="48.957765" lon="-124.757628" />
      <trkpt lat="48.95618" lon="-124.757371" />
      <trkpt lat="48.955123" lon="-124.757446" />
      <trkpt lat="48.954531" lon="-124.757682" />
      <trkpt lat="48.954066" lon="-124.757746" />
      <trkpt lat="48.953566" lon="-124.757574" />
      <trkpt lat="48.953066" lon="-124.757628" />
      <trkpt lat="48.951974" lon="-124.758508" />
      <trkpt lat="48.951065" lon="-124.75972" />
      <trkpt lat="48.950695" lon="-124.760106" />
      <trkpt lat="48.95034" lon="-124.760369" />
      <trkpt lat="48.950188" lon="-124.760608" />
      <trkpt lat="48.950033" lon="-124.760879" />
      <trkpt lat="48.949832" lon="-124.761142" />
      <trkpt lat="48.949091" lon="-124.761858" />
      <trkpt lat="48.948342" lon="-124.762547" />
      <trkpt lat="48.947619" lon="-124.763035" />
      <trkpt lat="48.945463" lon="-124.763711" />
      <trkpt lat="48.944019" lon="-124.764409" />
      <trkpt lat="48.943378" lon="-124.76461" />
      <trkpt lat="48.943111" lon="-124.764757" />
      <trkpt lat="48.942588" lon="-124.765535" />
      <trkpt lat="48.942095" lon="-124.76604" />
      <trkpt lat="48.941933" lon="-124.766475" />
      <trkpt lat="48.941928" lon="-124.766959" />
      <trkpt lat="48.942039" lon="-124.767896" />
      <trkpt lat="48.942003" lon="-124.769172" />
      <trkpt lat="48.941645" lon="-124.771092" />
      <trkpt lat="48.941375" lon="-124.771818" />
      <trkpt lat="48.94108" lon="-124.772357" />
      <trkpt lat="48.939903" lon="-124.773743" />
      <trkpt lat="48.939269" lon="-124.775105" />
      <trkpt lat="48.93868" lon="-124.776078" />
      <trkpt lat="48.938268" lon="-124.776629" />
      <trkpt lat="48.937077" lon="-124.777916" />
      <trkpt lat="48.936396" lon="-124.778304" />
      <trkpt lat="48.935897" lon="-124.778396" />
      <trkpt lat="48.935703" lon="-124.778582" />
      <trkpt lat="48.935541" lon="-124.778835" />
      <trkpt lat="48.935125" lon="-124.78018" />
      <trkpt lat="48.934982" lon="-124.780404" />
      <trkpt lat="48.934773" lon="-124.780575" />
      <trkpt lat="48.933906" lon="-124.781038" />
      <trkpt lat="48.933582" lon="-124.781317" />
      <trkpt lat="48.932607" lon="-124.782533" />
      <trkpt lat="48.932376" lon="-124.78297" />
      <trkpt lat="48.932207" lon="-124.783613" />
      <trkpt lat="48.932137" lon="-124.784407" />
      <trkpt lat="48.932174" lon="-124.785302" />
      <trkpt lat="48.932313" lon="-124.786156" />
      <trkpt lat="48.933093" lon="-124.789092" />
      <trkpt lat="48.933314" lon="-124.790727" />
      <trkpt lat="48.933459" lon="-124.791301" />
      <trkpt lat="48.934325" lon="-124.793815" />
      <trkpt lat="48.934436" lon="-124.794333" />
      <trkpt lat="48.93465" lon="-124.797012" />
      <trkpt lat="48.935033" lon="-124.79932" />
      <trkpt lat="48.93595" lon="-124.802357" />
      <trkpt lat="48.936366" lon="-124.803902" />
      <trkpt lat="48.937169" lon="-124.806165" />
      <trkpt lat="48.937289" lon="-124.806927" />
      <trkpt lat="48.937325" lon="-124.807687" />
      <trkpt lat="48.937246" lon="-124.809996" />
      <trkpt lat="48.937331" lon="-124.811605" />
      <trkpt lat="48.937478" lon="-124.812628" />
      <trkpt lat="48.93786" lon="-124.814298" />
      <trkpt lat="48.937909" lon="-124.814791" />
      <trkpt lat="48.937747" lon="-124.815875" />
      <trkpt lat="48.937761" lon="-124.816368" />
      <trkpt lat="48.937853" lon="-124.816883" />
      <trkpt lat="48.937976" lon="-124.817307" />
      <trkpt lat="48.938163" lon="-124.817699" />
      <trkpt lat="48.938255" lon="-124.817995" />
      <trkpt lat="48.938276" lon="-124.818244" />
      <trkpt lat="48.938249" lon="-124.818568" />
      <trkpt lat="48.938039" lon="-124.819522" />
      <trkpt lat="48.938043" lon="-124.821057" />
      <trkpt lat="48.937807" lon="-124.822931" />
      <trkpt lat="48.93731" lon="-124.826808" />
      <trkpt lat="48.937075" lon="-124.827616" />
      <trkpt lat="48.936802" lon="-124.828101" />
      <trkpt lat="48.936669" lon="-124.828653" />
      <trkpt lat="48.936472" lon="-124.829996" />
      <trkpt lat="48.936344" lon="-124.831711" />
      <trkpt lat="48.936119" lon="-124.832794" />
      <trkpt lat="48.935471" lon="-124.833951" />
      <trkpt lat="48.93514" lon="-124.834436" />
      <trkpt lat="48.934891" lon="-124.834637" />
      <trkpt lat="48.934601" lon="-124.834774" />
      <trkpt lat="48.934247" lon="-124.83515" />
      <trkpt lat="48.933878" lon="-124.835852" />
      <trkpt lat="48.933814" lon="-124.836238" />
      <trkpt lat="48.934007" lon="-124.837116" />
      <trkpt lat="48.934006" lon="-124.837549" />
      <trkpt lat="48.933948" lon="-124.838212" />
      <trkpt lat="48.933631" lon="-124.839157" />
      <trkpt lat="48.933472" lon="-124.839342" />
      <trkpt lat="48.93341" lon="-124.839414" />
      <trkpt lat="48.932461" lon="-124.840004" />
      <trkpt lat="48.932108" lon="-124.840347" />
      <trkpt lat="48.931474" lon="-124.841141" />
      <trkpt lat="48.931101" lon="-124.841753" />
      <trkpt lat="48.930931" lon="-124.8423" />
      <trkpt lat="48.930699" lon="-124.84466" />
      <trkpt lat="48.930227" lon="-124.847783" />
      <trkpt lat="48.9301" lon="-124.848276" />
      <trkpt lat="48.929882" lon="-124.848634" />
      <trkpt lat="48.929684" lon="-124.84878" />
      <trkpt lat="48.929426" lon="-124.848832" />
      <trkpt lat="48.928922" lon="-124.848723" />
      <trkpt lat="48.928372" lon="-124.848603" />
      <trkpt lat="48.928186" lon="-124.848625" />
      <trkpt lat="48.928032" lon="-124.848737" />
      <trkpt lat="48.927724" lon="-124.849124" />
      <trkpt lat="48.926275" lon="-124.850492" />
      <trkpt lat="48.925412" lon="-124.851452" />
      <trkpt lat="48.923188" lon="-124.853737" />
      <trkpt lat="48.92272" lon="-124.854212" />
      <trkpt lat="48.921914" lon="-124.855114" />
      <trkpt lat="48.919208" lon="-124.8582" />
      <trkpt lat="48.918383" lon="-124.859295" />
      <trkpt lat="48.917171" lon="-124.86114" />
      <trkpt lat="48.916014" lon="-124.86306" />
      <trkpt lat="48.915059" lon="-124.864548" />
      <trkpt lat="48.914731" lon="-124.86504" />
      <trkpt lat="48.914364" lon="-124.865679" />
      <trkpt lat="48.91392" lon="-124.866505" />
      <trkpt lat="48.912678" lon="-124.868428" />
      <trkpt lat="48.911787" lon="-124.869936" />
      <trkpt lat="48.910896" lon="-124.871096" />
      <trkpt lat="48.909944" lon="-124.873575" />
      <trkpt lat="48.909323" lon="-124.876053" />
      <trkpt lat="48.909104" lon="-124.876879" />
      <trkpt lat="48.908865" lon="-124.877523" />
      <trkpt lat="48.908336" lon="-124.878274" />
      <trkpt lat="48.906495" lon="-124.879926" />
      <trkpt lat="48.906107" lon="-124.880387" />
      <trkpt lat="48.90591" lon="-124.880817" />
      <trkpt lat="48.905748" lon="-124.881332" />
      <trkpt lat="48.905593" lon="-124.882726" />
      <trkpt lat="48.905445" lon="-124.883306" />
      <trkpt lat="48.904866" lon="-124.884604" />
      <trkpt lat="48.90438" lon="-124.885473" />
      <trkpt lat="48.903202" lon="-124.886492" />
      <trkpt lat="48.902208" lon="-124.88719" />
      <trkpt lat="48.901657" lon="-124.887286" />
      <trkpt lat="48.900227" lon="-124.886986" />
      <trkpt lat="48.899724" lon="-124.886994" />
      <trkpt lat="48.899446" lon="-124.887109" />
      <trkpt lat="48.899147" lon="-124.887334" />
      <trkpt lat="48.898885" lon="-124.887526" />
      <trkpt lat="48.898414" lon="-124.888405" />
      <trkpt lat="48.897433" lon="-124.891406" />
      <trkpt lat="48.897023" lon="-124.893165" />
      <trkpt lat="48.896988" lon="-124.893316" />
      <trkpt lat="48.896861" lon="-124.89426" />
      <trkpt lat="48.896516" lon="-124.899549" />
      <trkpt lat="48.896424" lon="-124.900354" />
      <trkpt lat="48.89629" lon="-124.900944" />
      <trkpt lat="48.896093" lon="-124.901491" />
      <trkpt lat="48.895839" lon="-124.901834" />
      <trkpt lat="48.895472" lon="-124.902113" />
      <trkpt lat="48.892596" lon="-124.90328" />
      <trkpt lat="48.89222" lon="-124.903433" />
      <trkpt lat="48.89191" lon="-124.903712" />
      <trkpt lat="48.891635" lon="-124.904152" />
      <trkpt lat="48.891423" lon="-124.904688" />
      <trkpt lat="48.890871" lon="-124.908163" />
      <trkpt lat="48.890389" lon="-124.9112" />
      <trkpt lat="48.890313" lon="-124.911683" />
      <trkpt lat="48.890114" lon="-124.912931" />
      <trkpt lat="48.890043" lon="-124.913634" />
      <trkpt lat="48.890047" lon="-124.914559" />
      <trkpt lat="48.890312" lon="-124.915721" />
      <trkpt lat="48.890292" lon="-124.916275" />
      <trkpt lat="48.890057" lon="-124.918067" />
      <trkpt lat="48.890063" lon="-124.918716" />
      <trkpt lat="48.890393" lon="-124.920595" />
      <trkpt lat="48.890446" lon="-124.921622" />
      <trkpt lat="48.890337" lon="-124.922278" />
      <trkpt lat="48.889947" lon="-124.923758" />
      <trkpt lat="48.889881" lon="-124.924284" />
      <trkpt lat="48.889882" lon="-124.925279" />
      <trkpt lat="48.889954" lon="-124.925621" />
      <trkpt lat="48.890077" lon="-124.925958" />
      <trkpt lat="48.891039" lon="-124.927757" />
      <trkpt lat="48.891265" lon="-124.928045" />
      <trkpt lat="48.891541" lon="-124.928281" />
      <trkpt lat="48.891786" lon="-124.928436" />
      <trkpt lat="48.892707" lon="-124.929021" />
      <trkpt lat="48.893546" lon="-124.929375" />
      <trkpt lat="48.893793" lon="-124.929601" />
      <trkpt lat="48.893962" lon="-124.929912" />
      <trkpt lat="48.894304" lon="-124.930935" />
      <trkpt lat="48.894545" lon="-124.931443" />
      <trkpt lat="48.894866" lon="-124.931937" />
      <trkpt lat="48.895314" lon="-124.932291" />
      <trkpt lat="48.895698" lon="-124.932594" />
      <trkpt lat="48.895987" lon="-124.932969" />
      <trkpt lat="48.896227" lon="-124.933452" />
      <trkpt lat="48.896452" lon="-124.934021" />
      <trkpt lat="48.896518" lon="-124.934426" />
      <trkpt lat="48.896562" lon="-124.934699" />
      <trkpt lat="48.896723" lon="-124.936668" />
      <trkpt lat="48.896883" lon="-124.938624" />
      <trkpt lat="48.897063" lon="-124.940124" />
      <trkpt lat="48.897208" lon="-124.940804" />
      <trkpt lat="48.897375" lon="-124.941359" />
      <trkpt lat="48.897612" lon="-124.941881" />
      <trkpt lat="48.899273" lon="-124.945083" />
      <trkpt lat="48.899736" lon="-124.946248" />
      <trkpt lat="48.899811" lon="-124.946784" />
      <trkpt lat="48.899743" lon="-124.947704" />
      <trkpt lat="48.898789" lon="-124.953052" />
      <trkpt lat="48.898293" lon="-124.955339" />
      <trkpt lat="48.897914" lon="-124.956748" />
      <trkpt lat="48.897546" lon="-124.957662" />
      <trkpt lat="48.897375" lon="-124.95804" />
      <trkpt lat="48.897152" lon="-124.958287" />
      <trkpt lat="48.897073" lon="-124.958386" />
      <trkpt lat="48.896826" lon="-124.958611" />
      <trkpt lat="48.896558" lon="-124.958644" />
      <trkpt lat="48.8961" lon="-124.958719" />
      <trkpt lat="48.895612" lon="-124.958824" />
      <trkpt lat="48.894496" lon="-124.959379" />
      <trkpt lat="48.892386" lon="-124.959577" />
      <trkpt lat="48.892023" lon="-124.959835" />
      <trkpt lat="48.891867" lon="-124.960349" />
      <trkpt lat="48.89182" lon="-124.960964" />
      <trkpt lat="48.891804" lon="-124.961176" />
      <trkpt lat="48.891827" lon="-124.962737" />
      <trkpt lat="48.8921" lon="-124.964019" />
      <trkpt lat="48.892206" lon="-124.965143" />
      <trkpt lat="48.892182" lon="-124.968215" />
      <trkpt lat="48.89206" lon="-124.96916" />
      <trkpt lat="48.891381" lon="-124.970724" />
      <trkpt lat="48.891176" lon="-124.97154" />
      <trkpt lat="48.89064" lon="-124.975778" />
      <trkpt lat="48.89045" lon="-124.976539" />
      <trkpt lat="48.890358" lon="-124.976915" />
      <trkpt lat="48.890243" lon="-124.977142" />
      <trkpt lat="48.88942" lon="-124.978245" />
      <trkpt lat="48.888924" lon="-124.978855" />
      <trkpt lat="48.888566" lon="-124.979297" />
      <trkpt lat="48.887642" lon="-124.980788" />
      <trkpt lat="48.886859" lon="-124.981485" />
      <trkpt lat="48.886647" lon="-124.981904" />
      <trkpt lat="48.886542" lon="-124.982565" />
      <trkpt lat="48.88651" lon="-124.983274" />
      <trkpt lat="48.886332" lon="-124.984697" />
      <trkpt lat="48.886299" lon="-124.98561" />
      <trkpt lat="48.886609" lon="-124.987323" />
      <trkpt lat="48.886774" lon="-124.988684" />
      <trkpt lat="48.886752" lon="-124.989151" />
      <trkpt lat="48.886555" lon="-124.989983" />
      <trkpt lat="48.886062" lon="-124.992847" />
      <trkpt lat="48.88604" lon="-124.993555" />
      <trkpt lat="48.886055" lon="-124.994139" />
      <trkpt lat="48.886132" lon="-124.994628" />
      <trkpt lat="48.886111" lon="-124.995165" />
      <trkpt lat="48.886034" lon="-124.995486" />
      <trkpt lat="48.885716" lon="-124.996806" />
      <trkpt lat="48.885286" lon="-124.997676" />
      <trkpt lat="48.884097" lon="-124.999367" />
      <trkpt lat="48.88374" lon="-124.999704" />
      <trkpt lat="48.883409" lon="-124.999853" />
      <trkpt lat="48.883007" lon="-124.999928" />
      <trkpt lat="48.882576" lon="-125.000239" />
      <trkpt lat="48.882379" lon="-125.000744" />
      <trkpt lat="48.882322" lon="-125.001259" />
      <trkpt lat="48.88239" lon="-125.001741" />
      <trkpt lat="48.88259" lon="-125.002054" />
      <trkpt lat="48.882958" lon="-125.002264" />
      <trkpt lat="48.883147" lon="-125.002482" />
      <trkpt lat="48.88326" lon="-125.002764" />
      <trkpt lat="48.883348" lon="-125.003199" />
      <trkpt lat="48.883317" lon="-125.004263" />
      <trkpt lat="48.883134" lon="-125.005625" />
      <trkpt lat="48.883072" lon="-125.006895" />
      <trkpt lat="48.883084" lon="-125.008715" />
      <trkpt lat="48.882993" lon="-125.009316" />
      <trkpt lat="48.882845" lon="-125.009756" />
      <trkpt lat="48.881991" lon="-125.01104" />
      <trkpt lat="48.881511" lon="-125.011762" />
      <trkpt lat="48.880714" lon="-125.01262" />
      <trkpt lat="48.880288" lon="-125.013175" />
      <trkpt lat="48.880227" lon="-125.013487" />
      <trkpt lat="48.88026" lon="-125.014347" />
      <trkpt lat="48.880196" lon="-125.014682" />
      <trkpt lat="48.880001" lon="-125.015099" />
      <trkpt lat="48.878548" lon="-125.017126" />
      <trkpt lat="48.87836" lon="-125.017169" />
      <trkpt lat="48.878265" lon="-125.017191" />
      <trkpt lat="48.877786" lon="-125.016955" />
      <trkpt lat="48.87672" lon="-125.016354" />
      <trkpt lat="48.876431" lon="-125.01629" />
      <trkpt lat="48.875607" lon="-125.016368" />
      <trkpt lat="48.875262" lon="-125.016553" />
      <trkpt lat="48.874822" lon="-125.016684" />
      <trkpt lat="48.871761" lon="-125.016789" />
      <trkpt lat="48.871348" lon="-125.016583" />
      <trkpt lat="48.870341" lon="-125.015638" />
      <trkpt lat="48.869527" lon="-125.015142" />
      <trkpt lat="48.869082" lon="-125.014988" />
      <trkpt lat="48.868622" lon="-125.014882" />
      <trkpt lat="48.865178" lon="-125.014766" />
      <trkpt lat="48.864873" lon="-125.014868" />
      <trkpt lat="48.864589" lon="-125.015217" />
      <trkpt lat="48.86426" lon="-125.015865" />
      <trkpt lat="48.863439" lon="-125.017744" />
      <trkpt lat="48.863128" lon="-125.019079" />
      <trkpt lat="48.862768" lon="-125.019433" />
      <trkpt lat="48.861582" lon="-125.020249" />
      <trkpt lat="48.860721" lon="-125.021064" />
      <trkpt lat="48.859952" lon="-125.022008" />
      <trkpt lat="48.859705" lon="-125.022233" />
      <trkpt lat="48.859518" lon="-125.022404" />
      <trkpt lat="48.859214" lon="-125.02269" />
      <trkpt lat="48.858408" lon="-125.023448" />
      <trkpt lat="48.858276" lon="-125.023666" />
      <trkpt lat="48.858226" lon="-125.023912" />
      <trkpt lat="48.858282" lon="-125.024244" />
      <trkpt lat="48.858656" lon="-125.025481" />
      <trkpt lat="48.858631" lon="-125.025804" />
      <trkpt lat="48.858597" lon="-125.025998" />
      <trkpt lat="48.857721" lon="-125.027212" />
      <trkpt lat="48.856376" lon="-125.028847" />
      <trkpt lat="48.856055" lon="-125.029074" />
      <trkpt lat="48.855032" lon="-125.029486" />
      <trkpt lat="48.853957" lon="-125.029621" />
      <trkpt lat="48.85341" lon="-125.030013" />
      <trkpt lat="48.853136" lon="-125.030287" />
      <trkpt lat="48.852946" lon="-125.030359" />
      <trkpt lat="48.8523" lon="-125.030205" />
      <trkpt lat="48.851841" lon="-125.029958" />
      <trkpt lat="48.850726" lon="-125.029593" />
      <trkpt lat="48.850515" lon="-125.029634" />
      <trkpt lat="48.850211" lon="-125.029713" />
      <trkpt lat="48.849603" lon="-125.029872" />
      <trkpt lat="48.849093" lon="-125.030337" />
      <trkpt lat="48.848728" lon="-125.030741" />
      <trkpt lat="48.848586" lon="-125.030977" />
      <trkpt lat="48.848085" lon="-125.032061" />
      <trkpt lat="48.847915" lon="-125.032286" />
      <trkpt lat="48.847654" lon="-125.032452" />
      <trkpt lat="48.846583" lon="-125.032797" />
      <trkpt lat="48.846317" lon="-125.032827" />
      <trkpt lat="48.846168" lon="-125.032792" />
      <trkpt lat="48.846034" lon="-125.032672" />
      <trkpt lat="48.845692" lon="-125.032233" />
      <trkpt lat="48.845325" lon="-125.03205" />
      <trkpt lat="48.844915" lon="-125.031975" />
      <trkpt lat="48.843935" lon="-125.032129" />
      <trkpt lat="48.8438" lon="-125.03214" />
      <trkpt lat="48.843362" lon="-125.032249" />
      <trkpt lat="48.843056" lon="-125.032468" />
      <trkpt lat="48.842112" lon="-125.033466" />
      <trkpt lat="48.841362" lon="-125.034514" />
      <trkpt lat="48.841074" lon="-125.035011" />
      <trkpt lat="48.840645" lon="-125.035388" />
      <trkpt lat="48.839916" lon="-125.035709" />
      <trkpt lat="48.839397" lon="-125.03617" />
      <trkpt lat="48.839247" lon="-125.036227" />
      <trkpt lat="48.839053" lon="-125.036205" />
      <trkpt lat="48.838956" lon="-125.0361" />
      <trkpt lat="48.838631" lon="-125.035848" />
      <trkpt lat="48.8372" lon="-125.035579" />
      <trkpt lat="48.836946" lon="-125.035622" />
      <trkpt lat="48.83606" lon="-125.03617" />
      <trkpt lat="48.835488" lon="-125.036245" />
      <trkpt lat="48.834648" lon="-125.036578" />
      <trkpt lat="48.832981" lon="-125.038026" />
      <trkpt lat="48.832331" lon="-125.038445" />
      <trkpt lat="48.832235" lon="-125.038628" />
      <trkpt lat="48.832049" lon="-125.039539" />
      <trkpt lat="48.83195" lon="-125.040247" />
      <trkpt lat="48.831828" lon="-125.041828" />
      <trkpt lat="48.83174" lon="-125.042322" />
      <trkpt lat="48.831118" lon="-125.043908" />
      <trkpt lat="48.830043" lon="-125.045333" />
      <trkpt lat="48.829293" lon="-125.046534" />
      <trkpt lat="48.828892" lon="-125.047328" />
      <trkpt lat="48.828708" lon="-125.047757" />
      <trkpt lat="48.828602" lon="-125.048229" />
      <trkpt lat="48.828515" lon="-125.049045" />
      <trkpt lat="48.828291" lon="-125.049675" />
      <trkpt lat="48.828133" lon="-125.049903" />
      <trkpt lat="48.827917" lon="-125.050087" />
      <trkpt lat="48.827115" lon="-125.05028" />
      <trkpt lat="48.82689" lon="-125.050438" />
      <trkpt lat="48.826052" lon="-125.05133" />
      <trkpt lat="48.825836" lon="-125.051939" />
      <trkpt lat="48.825777" lon="-125.052768" />
      <trkpt lat="48.825742" lon="-125.054948" />
      <trkpt lat="48.825722" lon="-125.056162" />
      <trkpt lat="48.82565" lon="-125.057714" />
      <trkpt lat="48.82544" lon="-125.058642" />
      <trkpt lat="48.82375" lon="-125.061222" />
      <trkpt lat="48.822901" lon="-125.062544" />
      <trkpt lat="48.822544" lon="-125.062953" />
      <trkpt lat="48.821885" lon="-125.063722" />
      <trkpt lat="48.821235" lon="-125.06472" />
      <trkpt lat="48.820919" lon="-125.065194" />
      <trkpt lat="48.820507" lon="-125.065621" />
      <trkpt lat="48.819904" lon="-125.066158" />
      <trkpt lat="48.819431" lon="-125.06665" />
      <trkpt lat="48.818275" lon="-125.067788" />
      <trkpt lat="48.817512" lon="-125.068818" />
      <trkpt lat="48.817083" lon="-125.06954" />
      <trkpt lat="48.816744" lon="-125.070121" />
      <trkpt lat="48.816283" lon="-125.07091" />
      <trkpt lat="48.815964" lon="-125.071469" />
      <trkpt lat="48.81576" lon="-125.071683" />
      <trkpt lat="48.815146" lon="-125.072198" />
      <trkpt lat="48.81487" lon="-125.072595" />
      <trkpt lat="48.814693" lon="-125.073045" />
      <trkpt lat="48.813754" lon="-125.075749" />
      <trkpt lat="48.813436" lon="-125.076532" />
      <trkpt lat="48.812788" lon="-125.078135" />
      <trkpt lat="48.812539" lon="-125.078882" />
      <trkpt lat="48.81227" lon="-125.079579" />
      <trkpt lat="48.811924" lon="-125.080158" />
      <trkpt lat="48.811469" lon="-125.08071" />
      <trkpt lat="48.811104" lon="-125.081113" />
      <trkpt lat="48.810878" lon="-125.081542" />
      <trkpt lat="48.810631" lon="-125.082047" />
      <trkpt lat="48.810468" lon="-125.082712" />
      <trkpt lat="48.810461" lon="-125.083356" />
      <trkpt lat="48.810419" lon="-125.084235" />
      <trkpt lat="48.810306" lon="-125.084879" />
      <trkpt lat="48.810122" lon="-125.085255" />
      <trkpt lat="48.80979" lon="-125.085576" />
      <trkpt lat="48.809437" lon="-125.085973" />
      <trkpt lat="48.808872" lon="-125.0874" />
      <trkpt lat="48.808688" lon="-125.087862" />
      <trkpt lat="48.80861" lon="-125.088184" />
      <trkpt lat="48.808624" lon="-125.088473" />
      <trkpt lat="48.808733" lon="-125.088877" />
      <trkpt lat="48.809218" lon="-125.09034" />
      <trkpt lat="48.809442" lon="-125.091306" />
      <trkpt lat="48.809461" lon="-125.09164" />
      <trkpt lat="48.80944" lon="-125.091914" />
      <trkpt lat="48.809368" lon="-125.092178" />
      <trkpt lat="48.80922" lon="-125.092656" />
      <trkpt lat="48.809123" lon="-125.09293" />
      <trkpt lat="48.809061" lon="-125.09309" />
      <trkpt lat="48.808954" lon="-125.093319" />
      <trkpt lat="48.808807" lon="-125.093527" />
      <trkpt lat="48.80866" lon="-125.093623" />
      <trkpt lat="48.807098" lon="-125.093956" />
      <trkpt lat="48.80657" lon="-125.094088" />
      <trkpt lat="48.806152" lon="-125.094261" />
      <trkpt lat="48.806052" lon="-125.09432" />
      <trkpt lat="48.805981" lon="-125.094431" />
      <trkpt lat="48.805693" lon="-125.094821" />
      <trkpt lat="48.805538" lon="-125.095227" />
      <trkpt lat="48.805466" lon="-125.095547" />
      <trkpt lat="48.805456" lon="-125.095929" />
      <trkpt lat="48.805535" lon="-125.096901" />
      <trkpt lat="48.805501" lon="-125.097179" />
      <trkpt lat="48.805269" lon="-125.097974" />
      <trkpt lat="48.805144" lon="-125.098547" />
      <trkpt lat="48.805005" lon="-125.098885" />
      <trkpt lat="48.804815" lon="-125.099173" />
      <trkpt lat="48.8043" lon="-125.099546" />
      <trkpt lat="48.803966" lon="-125.099935" />
      <trkpt lat="48.803325" lon="-125.100715" />
      <trkpt lat="48.802465" lon="-125.102016" />
      <trkpt lat="48.801947" lon="-125.103086" />
      <trkpt lat="48.80148" lon="-125.104288" />
      <trkpt lat="48.800929" lon="-125.105468" />
      <trkpt lat="48.800547" lon="-125.106122" />
      <trkpt lat="48.800123" lon="-125.106508" />
      <trkpt lat="48.79977" lon="-125.106852" />
      <trkpt lat="48.799304" lon="-125.107442" />
      <trkpt lat="48.798858" lon="-125.108429" />
      <trkpt lat="48.798517" lon="-125.108841" />
      <trkpt lat="48.798468" lon="-125.108902" />
      <trkpt lat="48.798413" lon="-125.108963" />
      <trkpt lat="48.798328" lon="-125.109032" />
      <trkpt lat="48.798155" lon="-125.109105" />
      <trkpt lat="48.797926" lon="-125.109158" />
      <trkpt lat="48.797723" lon="-125.109129" />
      <trkpt lat="48.797267" lon="-125.10914" />
      <trkpt lat="48.797148" lon="-125.109158" />
      <trkpt lat="48.796701" lon="-125.109423" />
      <trkpt lat="48.796166" lon="-125.110125" />
      <trkpt lat="48.796056" lon="-125.110372" />
      <trkpt lat="48.796022" lon="-125.110581" />
      <trkpt lat="48.796045" lon="-125.110768" />
      <trkpt lat="48.79616" lon="-125.111002" />
      <trkpt lat="48.796934" lon="-125.111837" />
      <trkpt lat="48.797569" lon="-125.112873" />
      <trkpt lat="48.798253" lon="-125.114025" />
      <trkpt lat="48.798687" lon="-125.114607" />
      <trkpt lat="48.798985" lon="-125.114894" />
      <trkpt lat="48.79935" lon="-125.115137" />
      <trkpt lat="48.799691" lon="-125.115178" />
      <trkpt lat="48.799978" lon="-125.115076" />
      <trkpt lat="48.800908" lon="-125.114458" />
      <trkpt lat="48.801593" lon="-125.11402" />
      <trkpt lat="48.801812" lon="-125.113879" />
      <trkpt lat="48.802759" lon="-125.11316" />
      <trkpt lat="48.804505" lon="-125.111519" />
      <trkpt lat="48.805057" lon="-125.11099" />
      <trkpt lat="48.805579" lon="-125.110339" />
      <trkpt lat="48.805897" lon="-125.109942" />
      <trkpt lat="48.806222" lon="-125.109738" />
      <trkpt lat="48.806469" lon="-125.109824" />
      <trkpt lat="48.806599" lon="-125.109969" />
      <trkpt lat="48.806999" lon="-125.11051" />
      <trkpt lat="48.807296" lon="-125.111004" />
      <trkpt lat="48.807586" lon="-125.111637" />
      <trkpt lat="48.807679" lon="-125.11235" />
      <trkpt lat="48.807571" lon="-125.113568" />
      <trkpt lat="48.80707" lon="-125.118267" />
      <trkpt lat="48.807065" lon="-125.118941" />
      <trkpt lat="48.807136" lon="-125.119395" />
      <trkpt lat="48.80725" lon="-125.119875" />
      <trkpt lat="48.807326" lon="-125.120082" />
      <trkpt lat="48.807385" lon="-125.120244" />
      <trkpt lat="48.807543" lon="-125.120547" />
      <trkpt lat="48.807762" lon="-125.120864" />
      <trkpt lat="48.807932" lon="-125.121128" />
      <trkpt lat="48.808228" lon="-125.121588" />
      <trkpt lat="48.808345" lon="-125.121769" />
      <trkpt lat="48.808738" lon="-125.122424" />
      <trkpt lat="48.809299" lon="-125.12331" />
      <trkpt lat="48.811981" lon="-125.127543" />
      <trkpt lat="48.812558" lon="-125.128419" />
      <trkpt lat="48.813189" lon="-125.129393" />
      <trkpt lat="48.814675" lon="-125.131836" />
      <trkpt lat="48.815428" lon="-125.132612" />
      <trkpt lat="48.816254" lon="-125.133459" />
      <trkpt lat="48.816629" lon="-125.133974" />
      <trkpt lat="48.817173" lon="-125.134682" />
      <trkpt lat="48.817618" lon="-125.135101" />
      <trkpt lat="48.817923" lon="-125.135302" />
      <trkpt lat="48.818178" lon="-125.135382" />
      <trkpt lat="48.818685" lon="-125.135383" />
      <trkpt lat="48.819067" lon="-125.135274" />
      <trkpt lat="48.819348" lon="-125.135129" />
      <trkpt lat="48.820371" lon="-125.13433" />
      <trkpt lat="48.821022" lon="-125.134121" />
      <trkpt lat="48.821488" lon="-125.133999" />
      <trkpt lat="48.823258" lon="-125.133949" />
      <trkpt lat="48.823642" lon="-125.133898" />
      <trkpt lat="48.824177" lon="-125.133827" />
      <trkpt lat="48.824739" lon="-125.133846" />
      <trkpt lat="48.825" lon="-125.133889" />
      <trkpt lat="48.825135" lon="-125.133911" />
      <trkpt lat="48.825767" lon="-125.134167" />
      <trkpt lat="48.82686" lon="-125.134628" />
      <trkpt lat="48.827244" lon="-125.13479" />
      <trkpt lat="48.827296" lon="-125.134812" />
      <trkpt lat="48.827837" lon="-125.13504" />
      <trkpt lat="48.827877" lon="-125.135043" />
      <trkpt lat="48.828377" lon="-125.135075" />
      <trkpt lat="48.828493" lon="-125.135035" />
      <trkpt lat="48.828645" lon="-125.134918" />
      <trkpt lat="48.828671" lon="-125.135631" />
      <trkpt lat="48.828747" lon="-125.13585" />
      <trkpt lat="48.828936" lon="-125.135894" />
      <trkpt lat="48.828747" lon="-125.13585" />
      <trkpt lat="48.828671" lon="-125.135631" />
      <trkpt lat="48.828645" lon="-125.134918" />
      <trkpt lat="48.828493" lon="-125.135035" />
      <trkpt lat="48.828377" lon="-125.135075" />
      <trkpt lat="48.827877" lon="-125.135043" />
      <trkpt lat="48.827837" lon="-125.13504" />
      <trkpt lat="48.827296" lon="-125.134812" />
      <trkpt lat="48.827244" lon="-125.13479" />
      <trkpt lat="48.82686" lon="-125.134628" />
      <trkpt lat="48.825767" lon="-125.134167" />
      <trkpt lat="48.825135" lon="-125.133911" />
      <trkpt lat="48.825" lon="-125.133889" />
      <trkpt lat="48.824739" lon="-125.133846" />
      <trkpt lat="48.824177" lon="-125.133827" />
      <trkpt lat="48.823642" lon="-125.133898" />
      <trkpt lat="48.823258" lon="-125.133949" />
      <trkpt lat="48.821488" lon="-125.133999" />
      <trkpt lat="48.821022" lon="-125.134121" />
      <trkpt lat="48.820371" lon="-125.13433" />
      <trkpt lat="48.819348" lon="-125.135129" />
      <trkpt lat="48.819067" lon="-125.135274" />
      <trkpt lat="48.818685" lon="-125.135383" />
      <trkpt lat="48.818178" lon="-125.135382" />
      <trkpt lat="48.817923" lon="-125.135302" />
      <trkpt lat="48.817618" lon="-125.135101" />
      <trkpt lat="48.817173" lon="-125.134682" />
      <trkpt lat="48.816629" lon="-125.133974" />
      <trkpt lat="48.816254" lon="-125.133459" />
      <trkpt lat="48.815428" lon="-125.132612" />
      <trkpt lat="48.814675" lon="-125.131836" />
      <trkpt lat="48.813189" lon="-125.129393" />
      <trkpt lat="48.812558" lon="-125.128419" />
      <trkpt lat="48.811981" lon="-125.127543" />
      <trkpt lat="48.809299" lon="-125.12331" />
      <trkpt lat="48.808738" lon="-125.122424" />
      <trkpt lat="48.808345" lon="-125.121769" />
      <trkpt lat="48.808228" lon="-125.121588" />
      <trkpt lat="48.807932" lon="-125.121128" />
      <trkpt lat="48.807762" lon="-125.120864" />
      <trkpt lat="48.807543" lon="-125.120547" />
      <trkpt lat="48.807385" lon="-125.120244" />
      <trkpt lat="48.807326" lon="-125.120082" />
      <trkpt lat="48.80725" lon="-125.119875" />
      <trkpt lat="48.807136" lon="-125.119395" />
      <trkpt lat="48.807065" lon="-125.118941" />
      <trkpt lat="48.80707" lon="-125.118267" />
      <trkpt lat="48.807571" lon="-125.113568" />
      <trkpt lat="48.807679" lon="-125.11235" />
      <trkpt lat="48.807586" lon="-125.111637" />
      <trkpt lat="48.807296" lon="-125.111004" />
      <trkpt lat="48.806999" lon="-125.11051" />
      <trkpt lat="48.806599" lon="-125.109969" />
      <trkpt lat="48.806469" lon="-125.109824" />
      <trkpt lat="48.806222" lon="-125.109738" />
      <trkpt lat="48.805897" lon="-125.109942" />
      <trkpt lat="48.805579" lon="-125.110339" />
      <trkpt lat="48.805057" lon="-125.11099" />
      <trkpt lat="48.804505" lon="-125.111519" />
      <trkpt lat="48.802759" lon="-125.11316" />
      <trkpt lat="48.801812" lon="-125.113879" />
      <trkpt lat="48.801593" lon="-125.11402" />
      <trkpt lat="48.800908" lon="-125.114458" />
      <trkpt lat="48.799978" lon="-125.115076" />
      <trkpt lat="48.799691" lon="-125.115178" />
      <trkpt lat="48.79935" lon="-125.115137" />
      <trkpt lat="48.798985" lon="-125.114894" />
      <trkpt lat="48.798687" lon="-125.114607" />
      <trkpt lat="48.798253" lon="-125.114025" />
      <trkpt lat="48.797569" lon="-125.112873" />
      <trkpt lat="48.796934" lon="-125.111837" />
      <trkpt lat="48.79616" lon="-125.111002" />
      <trkpt lat="48.796045" lon="-125.110768" />
      <trkpt lat="48.796022" lon="-125.110581" />
      <trkpt lat="48.796056" lon="-125.110372" />
      <trkpt lat="48.796166" lon="-125.110125" />
      <trkpt lat="48.796701" lon="-125.109423" />
      <trkpt lat="48.797148" lon="-125.109158" />
      <trkpt lat="48.797267" lon="-125.10914" />
      <trkpt lat="48.797723" lon="-125.109129" />
      <trkpt lat="48.797926" lon="-125.109158" />
      <trkpt lat="48.798155" lon="-125.109105" />
      <trkpt lat="48.798328" lon="-125.109032" />
      <trkpt lat="48.798413" lon="-125.108963" />
      <trkpt lat="48.798468" lon="-125.108902" />
      <trkpt lat="48.798517" lon="-125.108841" />
      <trkpt lat="48.798858" lon="-125.108429" />
      <trkpt lat="48.799304" lon="-125.107442" />
      <trkpt lat="48.79977" lon="-125.106852" />
      <trkpt lat="48.800123" lon="-125.106508" />
      <trkpt lat="48.800547" lon="-125.106122" />
      <trkpt lat="48.800929" lon="-125.105468" />
      <trkpt lat="48.80148" lon="-125.104288" />
      <trkpt lat="48.801947" lon="-125.103086" />
      <trkpt lat="48.802465" lon="-125.102016" />
      <trkpt lat="48.803325" lon="-125.100715" />
      <trkpt lat="48.803966" lon="-125.099935" />
      <trkpt lat="48.8043" lon="-125.099546" />
      <trkpt lat="48.804815" lon="-125.099173" />
      <trkpt lat="48.805005" lon="-125.098885" />
      <trkpt lat="48.805144" lon="-125.098547" />
      <trkpt lat="48.805269" lon="-125.097974" />
      <trkpt lat="48.805501" lon="-125.097179" />
      <trkpt lat="48.805535" lon="-125.096901" />
      <trkpt lat="48.805456" lon="-125.095929" />
      <trkpt lat="48.805466" lon="-125.095547" />
      <trkpt lat="48.805538" lon="-125.095227" />
      <trkpt lat="48.805693" lon="-125.094821" />
      <trkpt lat="48.805981" lon="-125.094431" />
      <trkpt lat="48.806052" lon="-125.09432" />
      <trkpt lat="48.806152" lon="-125.094261" />
      <trkpt lat="48.80657" lon="-125.094088" />
      <trkpt lat="48.807098" lon="-125.093956" />
      <trkpt lat="48.80866" lon="-125.093623" />
      <trkpt lat="48.808807" lon="-125.093527" />
      <trkpt lat="48.808954" lon="-125.093319" />
      <trkpt lat="48.809061" lon="-125.09309" />
      <trkpt lat="48.809123" lon="-125.09293" />
      <trkpt lat="48.80922" lon="-125.092656" />
      <trkpt lat="48.809368" lon="-125.092178" />
      <trkpt lat="48.80944" lon="-125.091914" />
      <trkpt lat="48.809461" lon="-125.09164" />
      <trkpt lat="48.809442" lon="-125.091306" />
      <trkpt lat="48.809218" lon="-125.09034" />
      <trkpt lat="48.808733" lon="-125.088877" />
      <trkpt lat="48.808624" lon="-125.088473" />
      <trkpt lat="48.80861" lon="-125.088184" />
      <trkpt lat="48.808688" lon="-125.087862" />
      <trkpt lat="48.808872" lon="-125.0874" />
      <trkpt lat="48.809437" lon="-125.085973" />
      <trkpt lat="48.80979" lon="-125.085576" />
      <trkpt lat="48.810122" lon="-125.085255" />
      <trkpt lat="48.810306" lon="-125.084879" />
      <trkpt lat="48.810419" lon="-125.084235" />
      <trkpt lat="48.810461" lon="-125.083356" />
      <trkpt lat="48.810468" lon="-125.082712" />
      <trkpt lat="48.810631" lon="-125.082047" />
      <trkpt lat="48.810878" lon="-125.081542" />
      <trkpt lat="48.811104" lon="-125.081113" />
      <trkpt lat="48.811469" lon="-125.08071" />
      <trkpt lat="48.811924" lon="-125.080158" />
      <trkpt lat="48.81227" lon="-125.079579" />
      <trkpt lat="48.812539" lon="-125.078882" />
      <trkpt lat="48.812788" lon="-125.078135" />
      <trkpt lat="48.813436" lon="-125.076532" />
      <trkpt lat="48.813754" lon="-125.075749" />
      <trkpt lat="48.814693" lon="-125.073045" />
      <trkpt lat="48.81487" lon="-125.072595" />
      <trkpt lat="48.815146" lon="-125.072198" />
      <trkpt lat="48.81576" lon="-125.071683" />
      <trkpt lat="48.815964" lon="-125.071469" />
      <trkpt lat="48.816283" lon="-125.07091" />
      <trkpt lat="48.816744" lon="-125.070121" />
      <trkpt lat="48.817083" lon="-125.06954" />
      <trkpt lat="48.817512" lon="-125.068818" />
      <trkpt lat="48.818275" lon="-125.067788" />
      <trkpt lat="48.819431" lon="-125.06665" />
      <trkpt lat="48.819904" lon="-125.066158" />
      <trkpt lat="48.820507" lon="-125.065621" />
      <trkpt lat="48.820919" lon="-125.065194" />
      <trkpt lat="48.821235" lon="-125.06472" />
      <trkpt lat="48.821885" lon="-125.063722" />
      <trkpt lat="48.822544" lon="-125.062953" />
      <trkpt lat="48.822901" lon="-125.062544" />
      <trkpt lat="48.82375" lon="-125.061222" />
      <trkpt lat="48.82544" lon="-125.058642" />
      <trkpt lat="48.82565" lon="-125.057714" />
      <trkpt lat="48.825722" lon="-125.056162" />
      <trkpt lat="48.825742" lon="-125.054948" />
      <trkpt lat="48.825777" lon="-125.052768" />
      <trkpt lat="48.825836" lon="-125.051939" />
      <trkpt lat="48.826052" lon="-125.05133" />
      <trkpt lat="48.82689" lon="-125.050438" />
      <trkpt lat="48.827115" lon="-125.05028" />
      <trkpt lat="48.827917" lon="-125.050087" />
      <trkpt lat="48.828133" lon="-125.049903" />
      <trkpt lat="48.828291" lon="-125.049675" />
      <trkpt lat="48.828515" lon="-125.049045" />
      <trkpt lat="48.828602" lon="-125.048229" />
      <trkpt lat="48.828708" lon="-125.047757" />
      <trkpt lat="48.828892" lon="-125.047328" />
      <trkpt lat="48.829293" lon="-125.046534" />
      <trkpt lat="48.830043" lon="-125.045333" />
      <trkpt lat="48.831118" lon="-125.043908" />
      <trkpt lat="48.83174" lon="-125.042322" />
      <trkpt lat="48.831828" lon="-125.041828" />
      <trkpt lat="48.83195" lon="-125.040247" />
      <trkpt lat="48.832049" lon="-125.039539" />
      <trkpt lat="48.832235" lon="-125.038628" />
      <trkpt lat="48.832331" lon="-125.038445" />
      <trkpt lat="48.832981" lon="-125.038026" />
      <trkpt lat="48.834648" lon="-125.036578" />
      <trkpt lat="48.835488" lon="-125.036245" />
      <trkpt lat="48.83606" lon="-125.03617" />
      <trkpt lat="48.836946" lon="-125.035622" />
      <trkpt lat="48.8372" lon="-125.035579" />
      <trkpt lat="48.838631" lon="-125.035848" />
      <trkpt lat="48.838956" lon="-125.0361" />
      <trkpt lat="48.839053" lon="-125.036205" />
      <trkpt lat="48.839247" lon="-125.036227" />
      <trkpt lat="48.839397" lon="-125.03617" />
      <trkpt lat="48.839916" lon="-125.035709" />
      <trkpt lat="48.840645" lon="-125.035388" />
      <trkpt lat="48.841074" lon="-125.035011" />
      <trkpt lat="48.841362" lon="-125.034514" />
      <trkpt lat="48.842112" lon="-125.033466" />
      <trkpt lat="48.843056" lon="-125.032468" />
      <trkpt lat="48.843362" lon="-125.032249" />
      <trkpt lat="48.8438" lon="-125.03214" />
      <trkpt lat="48.843935" lon="-125.032129" />
      <trkpt lat="48.844915" lon="-125.031975" />
      <trkpt lat="48.845325" lon="-125.03205" />
      <trkpt lat="48.845692" lon="-125.032233" />
      <trkpt lat="48.846034" lon="-125.032672" />
      <trkpt lat="48.846168" lon="-125.032792" />
      <trkpt lat="48.846317" lon="-125.032827" />
      <trkpt lat="48.846583" lon="-125.032797" />
      <trkpt lat="48.847654" lon="-125.032452" />
      <trkpt lat="48.847915" lon="-125.032286" />
      <trkpt lat="48.848085" lon="-125.032061" />
      <trkpt lat="48.848586" lon="-125.030977" />
      <trkpt lat="48.848728" lon="-125.030741" />
      <trkpt lat="48.849093" lon="-125.030337" />
      <trkpt lat="48.849603" lon="-125.029872" />
      <trkpt lat="48.850211" lon="-125.029713" />
      <trkpt lat="48.850515" lon="-125.029634" />
      <trkpt lat="48.850726" lon="-125.029593" />
      <trkpt lat="48.851841" lon="-125.029958" />
      <trkpt lat="48.8523" lon="-125.030205" />
      <trkpt lat="48.852946" lon="-125.030359" />
      <trkpt lat="48.853136" lon="-125.030287" />
      <trkpt lat="48.85341" lon="-125.030013" />
      <trkpt lat="48.853957" lon="-125.029621" />
      <trkpt lat="48.855032" lon="-125.029486" />
      <trkpt lat="48.856055" lon="-125.029074" />
      <trkpt lat="48.856376" lon="-125.028847" />
      <trkpt lat="48.857721" lon="-125.027212" />
      <trkpt lat="48.858597" lon="-125.025998" />
      <trkpt lat="48.858631" lon="-125.025804" />
      <trkpt lat="48.858656" lon="-125.025481" />
      <trkpt lat="48.858282" lon="-125.024244" />
      <trkpt lat="48.858226" lon="-125.023912" />
      <trkpt lat="48.858276" lon="-125.023666" />
      <trkpt lat="48.858408" lon="-125.023448" />
      <trkpt lat="48.859214" lon="-125.02269" />
      <trkpt lat="48.859518" lon="-125.022404" />
      <trkpt lat="48.859705" lon="-125.022233" />
      <trkpt lat="48.859952" lon="-125.022008" />
      <trkpt lat="48.860721" lon="-125.021064" />
      <trkpt lat="48.861582" lon="-125.020249" />
      <trkpt lat="48.862768" lon="-125.019433" />
      <trkpt lat="48.863128" lon="-125.019079" />
      <trkpt lat="48.863439" lon="-125.017744" />
      <trkpt lat="48.86426" lon="-125.015865" />
      <trkpt lat="48.864589" lon="-125.015217" />
      <trkpt lat="48.864873" lon="-125.014868" />
      <trkpt lat="48.865178" lon="-125.014766" />
      <trkpt lat="48.868622" lon="-125.014882" />
      <trkpt lat="48.869082" lon="-125.014988" />
      <trkpt lat="48.869527" lon="-125.015142" />
      <trkpt lat="48.870341" lon="-125.015638" />
      <trkpt lat="48.871348" lon="-125.016583" />
      <trkpt lat="48.871761" lon="-125.016789" />
      <trkpt lat="48.874822" lon="-125.016684" />
      <trkpt lat="48.875262" lon="-125.016553" />
      <trkpt lat="48.875607" lon="-125.016368" />
      <trkpt lat="48.876431" lon="-125.01629" />
      <trkpt lat="48.87672" lon="-125.016354" />
      <trkpt lat="48.877786" lon="-125.016955" />
      <trkpt lat="48.878265" lon="-125.017191" />
      <trkpt lat="48.87836" lon="-125.017169" />
      <trkpt lat="48.878548" lon="-125.017126" />
      <trkpt lat="48.880001" lon="-125.015099" />
      <trkpt lat="48.880196" lon="-125.014682" />
      <trkpt lat="48.88026" lon="-125.014347" />
      <trkpt lat="48.880227" lon="-125.013487" />
      <trkpt lat="48.880288" lon="-125.013175" />
      <trkpt lat="48.880714" lon="-125.01262" />
      <trkpt lat="48.881511" lon="-125.011762" />
      <trkpt lat="48.881991" lon="-125.01104" />
      <trkpt lat="48.882845" lon="-125.009756" />
      <trkpt lat="48.882993" lon="-125.009316" />
      <trkpt lat="48.883084" lon="-125.008715" />
      <trkpt lat="48.883072" lon="-125.006895" />
      <trkpt lat="48.883134" lon="-125.005625" />
      <trkpt lat="48.883317" lon="-125.004263" />
      <trkpt lat="48.883348" lon="-125.003199" />
      <trkpt lat="48.88326" lon="-125.002764" />
      <trkpt lat="48.883147" lon="-125.002482" />
      <trkpt lat="48.882958" lon="-125.002264" />
      <trkpt lat="48.88259" lon="-125.002054" />
      <trkpt lat="48.88239" lon="-125.001741" />
      <trkpt lat="48.882322" lon="-125.001259" />
      <trkpt lat="48.882379" lon="-125.000744" />
      <trkpt lat="48.882576" lon="-125.000239" />
      <trkpt lat="48.883007" lon="-124.999928" />
      <trkpt lat="48.883409" lon="-124.999853" />
      <trkpt lat="48.88374" lon="-124.999704" />
      <trkpt lat="48.884097" lon="-124.999367" />
      <trkpt lat="48.885286" lon="-124.997676" />
      <trkpt lat="48.885716" lon="-124.996806" />
      <trkpt lat="48.886034" lon="-124.995486" />
      <trkpt lat="48.886111" lon="-124.995165" />
      <trkpt lat="48.886132" lon="-124.994628" />
      <trkpt lat="48.886055" lon="-124.994139" />
      <trkpt lat="48.88604" lon="-124.993555" />
      <trkpt lat="48.886062" lon="-124.992847" />
      <trkpt lat="48.886555" lon="-124.989983" />
      <trkpt lat="48.886752" lon="-124.989151" />
      <trkpt lat="48.886774" lon="-124.988684" />
      <trkpt lat="48.886609" lon="-124.987323" />
      <trkpt lat="48.886299" lon="-124.98561" />
      <trkpt lat="48.886332" lon="-124.984697" />
      <trkpt lat="48.88651" lon="-124.983274" />
      <trkpt lat="48.886542" lon="-124.982565" />
      <trkpt lat="48.886647" lon="-124.981904" />
      <trkpt lat="48.886859" lon="-124.981485" />
      <trkpt lat="48.887642" lon="-124.980788" />
      <trkpt lat="48.888566" lon="-124.979297" />
      <trkpt lat="48.888924" lon="-124.978855" />
      <trkpt lat="48.88942" lon="-124.978245" />
      <trkpt lat="48.890243" lon="-124.977142" />
      <trkpt lat="48.890358" lon="-124.976915" />
      <trkpt lat="48.89045" lon="-124.976539" />
      <trkpt lat="48.89064" lon="-124.975778" />
      <trkpt lat="48.891176" lon="-124.97154" />
      <trkpt lat="48.891381" lon="-124.970724" />
      <trkpt lat="48.89206" lon="-124.96916" />
      <trkpt lat="48.892182" lon="-124.968215" />
      <trkpt lat="48.892206" lon="-124.965143" />
      <trkpt lat="48.8921" lon="-124.964019" />
      <trkpt lat="48.891827" lon="-124.962737" />
      <trkpt lat="48.891804" lon="-124.961176" />
      <trkpt lat="48.89182" lon="-124.960964" />
      <trkpt lat="48.891867" lon="-124.960349" />
      <trkpt lat="48.892023" lon="-124.959835" />
      <trkpt lat="48.892386" lon="-124.959577" />
      <trkpt lat="48.894496" lon="-124.959379" />
      <trkpt lat="48.895612" lon="-124.958824" />
      <trkpt lat="48.8961" lon="-124.958719" />
      <trkpt lat="48.896558" lon="-124.958644" />
      <trkpt lat="48.896826" lon="-124.958611" />
      <trkpt lat="48.897073" lon="-124.958386" />
      <trkpt lat="48.897152" lon="-124.958287" />
      <trkpt lat="48.897375" lon="-124.95804" />
      <trkpt lat="48.897546" lon="-124.957662" />
      <trkpt lat="48.897914" lon="-124.956748" />
      <trkpt lat="48.898293" lon="-124.955339" />
      <trkpt lat="48.898789" lon="-124.953052" />
      <trkpt lat="48.899743" lon="-124.947704" />
      <trkpt lat="48.899811" lon="-124.946784" />
      <trkpt lat="48.899736" lon="-124.946248" />
      <trkpt lat="48.899273" lon="-124.945083" />
      <trkpt lat="48.897612" lon="-124.941881" />
      <trkpt lat="48.897375" lon="-124.941359" />
      <trkpt lat="48.897208" lon="-124.940804" />
      <trkpt lat="48.897063" lon="-124.940124" />
      <trkpt lat="48.896883" lon="-124.938624" />
      <trkpt lat="48.896723" lon="-124.936668" />
      <trkpt lat="48.896562" lon="-124.934699" />
      <trkpt lat="48.896518" lon="-124.934426" />
      <trkpt lat="48.896452" lon="-124.934021" />
      <trkpt lat="48.896227" lon="-124.933452" />
      <trkpt lat="48.895987" lon="-124.932969" />
      <trkpt lat="48.895698" lon="-124.932594" />
      <trkpt lat="48.895314" lon="-124.932291" />
      <trkpt lat="48.894866" lon="-124.931937" />
      <trkpt lat="48.894545" lon="-124.931443" />
      <trkpt lat="48.894304" lon="-124.930935" />
      <trkpt lat="48.893962" lon="-124.929912" />
      <trkpt lat="48.893793" lon="-124.929601" />
      <trkpt lat="48.893546" lon="-124.929375" />
      <trkpt lat="48.892707" lon="-124.929021" />
      <trkpt lat="48.891786" lon="-124.928436" />
      <trkpt lat="48.891541" lon="-124.928281" />
      <trkpt lat="48.891265" lon="-124.928045" />
      <trkpt lat="48.891039" lon="-124.927757" />
      <trkpt lat="48.890077" lon="-124.925958" />
      <trkpt lat="48.889954" lon="-124.925621" />
      <trkpt lat="48.889882" lon="-124.925279" />
      <trkpt lat="48.889881" lon="-124.924284" />
      <trkpt lat="48.889947" lon="-124.923758" />
      <trkpt lat="48.890337" lon="-124.922278" />
      <trkpt lat="48.890446" lon="-124.921622" />
      <trkpt lat="48.890393" lon="-124.920595" />
      <trkpt lat="48.890063" lon="-124.918716" />
      <trkpt lat="48.890057" lon="-124.918067" />
      <trkpt lat="48.890292" lon="-124.916275" />
      <trkpt lat="48.890312" lon="-124.915721" />
      <trkpt lat="48.890047" lon="-124.914559" />
      <trkpt lat="48.890043" lon="-124.913634" />
      <trkpt lat="48.890114" lon="-124.912931" />
      <trkpt lat="48.890313" lon="-124.911683" />
      <trkpt lat="48.890389" lon="-124.9112" />
      <trkpt lat="48.890871" lon="-124.908163" />
      <trkpt lat="48.891423" lon="-124.904688" />
      <trkpt lat="48.891635" lon="-124.904152" />
      <trkpt lat="48.89191" lon="-124.903712" />
      <trkpt lat="48.89222" lon="-124.903433" />
      <trkpt lat="48.892596" lon="-124.90328" />
      <trkpt lat="48.895472" lon="-124.902113" />
      <trkpt lat="48.895839" lon="-124.901834" />
      <trkpt lat="48.896093" lon="-124.901491" />
      <trkpt lat="48.89629" lon="-124.900944" />
      <trkpt lat="48.896424" lon="-124.900354" />
      <trkpt lat="48.896516" lon="-124.899549" />
      <trkpt lat="48.896861" lon="-124.89426" />
      <trkpt lat="48.896988" lon="-124.893316" />
      <trkpt lat="48.897023" lon="-124.893165" />
      <trkpt lat="48.897433" lon="-124.891406" />
      <trkpt lat="48.898414" lon="-124.888405" />
      <trkpt lat="48.898885" lon="-124.887526" />
      <trkpt lat="48.899147" lon="-124.887334" />
      <trkpt lat="48.899446" lon="-124.887109" />
      <trkpt lat="48.899724" lon="-124.886994" />
      <trkpt lat="48.900227" lon="-124.886986" />
      <trkpt lat="48.901657" lon="-124.887286" />
      <trkpt lat="48.902208" lon="-124.88719" />
      <trkpt lat="48.903202" lon="-124.886492" />
      <trkpt lat="48.90438" lon="-124.885473" />
      <trkpt lat="48.904866" lon="-124.884604" />
      <trkpt lat="48.905445" lon="-124.883306" />
      <trkpt lat="48.905593" lon="-124.882726" />
      <trkpt lat="48.905748" lon="-124.881332" />
      <trkpt lat="48.90591" lon="-124.880817" />
      <trkpt lat="48.906107" lon="-124.880387" />
      <trkpt lat="48.906495" lon="-124.879926" />
      <trkpt lat="48.908336" lon="-124.878274" />
      <trkpt lat="48.908865" lon="-124.877523" />
      <trkpt lat="48.909104" lon="-124.876879" />
      <trkpt lat="48.909323" lon="-124.876053" />
      <trkpt lat="48.909944" lon="-124.873575" />
      <trkpt lat="48.910896" lon="-124.871096" />
      <trkpt lat="48.911787" lon="-124.869936" />
      <trkpt lat="48.912678" lon="-124.868428" />
      <trkpt lat="48.91392" lon="-124.866505" />
      <trkpt lat="48.914364" lon="-124.865679" />
      <trkpt lat="48.914731" lon="-124.86504" />
      <trkpt lat="48.915059" lon="-124.864548" />
      <trkpt lat="48.916014" lon="-124.86306" />
      <trkpt lat="48.917171" lon="-124.86114" />
      <trkpt lat="48.918383" lon="-124.859295" />
      <trkpt lat="48.919208" lon="-124.8582" />
      <trkpt lat="48.921914" lon="-124.855114" />
      <trkpt lat="48.92272" lon="-124.854212" />
      <trkpt lat="48.923188" lon="-124.853737" />
      <trkpt lat="48.925412" lon="-124.851452" />
      <trkpt lat="48.926275" lon="-124.850492" />
      <trkpt lat="48.927724" lon="-124.849124" />
      <trkpt lat="48.928032" lon="-124.848737" />
      <trkpt lat="48.928186" lon="-124.848625" />
      <trkpt lat="48.928372" lon="-124.848603" />
      <trkpt lat="48.928922" lon="-124.848723" />
      <trkpt lat="48.929426" lon="-124.848832" />
      <trkpt lat="48.929684" lon="-124.84878" />
      <trkpt lat="48.929882" lon="-124.848634" />
      <trkpt lat="48.9301" lon="-124.848276" />
      <trkpt lat="48.930227" lon="-124.847783" />
      <trkpt lat="48.930699" lon="-124.84466" />
      <trkpt lat="48.930931" lon="-124.8423" />
      <trkpt lat="48.931101" lon="-124.841753" />
      <trkpt lat="48.931474" lon="-124.841141" />
      <trkpt lat="48.932108" lon="-124.840347" />
      <trkpt lat="48.932461" lon="-124.840004" />
      <trkpt lat="48.93341" lon="-124.839414" />
      <trkpt lat="48.933472" lon="-124.839342" />
      <trkpt lat="48.933631" lon="-124.839157" />
      <trkpt lat="48.933948" lon="-124.838212" />
      <trkpt lat="48.934006" lon="-124.837549" />
      <trkpt lat="48.934007" lon="-124.837116" />
      <trkpt lat="48.933814" lon="-124.836238" />
      <trkpt lat="48.933878" lon="-124.835852" />
      <trkpt lat="48.934247" lon="-124.83515" />
      <trkpt lat="48.934601" lon="-124.834774" />
      <trkpt lat="48.934891" lon="-124.834637" />
      <trkpt lat="48.93514" lon="-124.834436" />
      <trkpt lat="48.935471" lon="-124.833951" />
      <trkpt lat="48.936119" lon="-124.832794" />
      <trkpt lat="48.936344" lon="-124.831711" />
      <trkpt lat="48.936472" lon="-124.829996" />
      <trkpt lat="48.936669" lon="-124.828653" />
      <trkpt lat="48.936802" lon="-124.828101" />
      <trkpt lat="48.937075" lon="-124.827616" />
      <trkpt lat="48.93731" lon="-124.826808" />
      <trkpt lat="48.937807" lon="-124.822931" />
      <trkpt lat="48.938043" lon="-124.821057" />
      <trkpt lat="48.938039" lon="-124.819522" />
      <trkpt lat="48.938249" lon="-124.818568" />
      <trkpt lat="48.938276" lon="-124.818244" />
      <trkpt lat="48.938255" lon="-124.817995" />
      <trkpt lat="48.938163" lon="-124.817699" />
      <trkpt lat="48.937976" lon="-124.817307" />
      <trkpt lat="48.937853" lon="-124.816883" />
      <trkpt lat="48.937761" lon="-124.816368" />
      <trkpt lat="48.937747" lon="-124.815875" />
      <trkpt lat="48.937909" lon="-124.814791" />
      <trkpt lat="48.93786" lon="-124.814298" />
      <trkpt lat="48.937478" lon="-124.812628" />
      <trkpt lat="48.937331" lon="-124.811605" />
      <trkpt lat="48.937246" lon="-124.809996" />
      <trkpt lat="48.937325" lon="-124.807687" />
      <trkpt lat="48.937289" lon="-124.806927" />
      <trkpt lat="48.937169" lon="-124.806165" />
      <trkpt lat="48.936366" lon="-124.803902" />
      <trkpt lat="48.93595" lon="-124.802357" />
      <trkpt lat="48.935033" lon="-124.79932" />
      <trkpt lat="48.93465" lon="-124.797012" />
      <trkpt lat="48.934436" lon="-124.794333" />
      <trkpt lat="48.934325" lon="-124.793815" />
      <trkpt lat="48.933459" lon="-124.791301" />
      <trkpt lat="48.933314" lon="-124.790727" />
      <trkpt lat="48.933093" lon="-124.789092" />
      <trkpt lat="48.932313" lon="-124.786156" />
      <trkpt lat="48.932174" lon="-124.785302" />
      <trkpt lat="48.932137" lon="-124.784407" />
      <trkpt lat="48.932207" lon="-124.783613" />
      <trkpt lat="48.932376" lon="-124.78297" />
      <trkpt lat="48.932607" lon="-124.782533" />
      <trkpt lat="48.933582" lon="-124.781317" />
      <trkpt lat="48.933906" lon="-124.781038" />
      <trkpt lat="48.934773" lon="-124.780575" />
      <trkpt lat="48.934982" lon="-124.780404" />
      <trkpt lat="48.935125" lon="-124.78018" />
      <trkpt lat="48.935541" lon="-124.778835" />
      <trkpt lat="48.935703" lon="-124.778582" />
      <trkpt lat="48.935897" lon="-124.778396" />
      <trkpt lat="48.936396" lon="-124.778304" />
      <trkpt lat="48.937077" lon="-124.777916" />
      <trkpt lat="48.938268" lon="-124.776629" />
      <trkpt lat="48.93868" lon="-124.776078" />
      <trkpt lat="48.939269" lon="-124.775105" />
      <trkpt lat="48.939903" lon="-124.773743" />
      <trkpt lat="48.94108" lon="-124.772357" />
      <trkpt lat="48.941375" lon="-124.771818" />
      <trkpt lat="48.941645" lon="-124.771092" />
      <trkpt lat="48.942003" lon="-124.769172" />
      <trkpt lat="48.942039" lon="-124.767896" />
      <trkpt lat="48.941928" lon="-124.766959" />
      <trkpt lat="48.941933" lon="-124.766475" />
      <trkpt lat="48.942095" lon="-124.76604" />
      <trkpt lat="48.942588" lon="-124.765535" />
      <trkpt lat="48.943111" lon="-124.764757" />
      <trkpt lat="48.943378" lon="-124.76461" />
      <trkpt lat="48.944019" lon="-124.764409" />
      <trkpt lat="48.945463" lon="-124.763711" />
      <trkpt lat="48.947619" lon="-124.763035" />
      <trkpt lat="48.948342" lon="-124.762547" />
      <trkpt lat="48.949091" lon="-124.761858" />
      <trkpt lat="48.949832" lon="-124.761142" />
      <trkpt lat="48.950033" lon="-124.760879" />
      <trkpt lat="48.950188" lon="-124.760608" />
      <trkpt lat="48.95034" lon="-124.760369" />
      <trkpt lat="48.950695" lon="-124.760106" />
      <trkpt lat="48.951065" lon="-124.75972" />
      <trkpt lat="48.951974" lon="-124.758508" />
      <trkpt lat="48.953066" lon="-124.757628" />
      <trkpt lat="48.953566" lon="-124.757574" />
      <trkpt lat="48.954066" lon="-124.757746" />
      <trkpt lat="48.954531" lon="-124.757682" />
      <trkpt lat="48.955123" lon="-124.757446" />
      <trkpt lat="48.95618" lon="-124.757371" />
      <trkpt lat="48.957765" lon="-124.757628" />
      <trkpt lat="48.95935" lon="-124.757585" />
      <trkpt lat="48.9604" lon="-124.757886" />
      <trkpt lat="48.960935" lon="-124.757746" />
      <trkpt lat="48.961879" lon="-124.757306" />
      <trkpt lat="48.963105" lon="-124.756437" />
      <trkpt lat="48.963858" lon="-124.756137" />
      <trkpt lat="48.964408" lon="-124.756182" />
      <trkpt lat="48.964644" lon="-124.756354" />
      <trkpt lat="48.964813" lon="-124.756518" />
      <trkpt lat="48.965252" lon="-124.757082" />
      <trkpt lat="48.965521" lon="-124.757135" />
      <trkpt lat="48.965793" lon="-124.756942" />
      <trkpt lat="48.966563" lon="-124.755718" />
      <trkpt lat="48.967324" lon="-124.754817" />
      <trkpt lat="48.96831" lon="-124.753186" />
      <trkpt lat="48.969937" lon="-124.749539" />
      <trkpt lat="48.970222" lon="-124.748857" />
      <trkpt lat="48.970449" lon="-124.748514" />
      <trkpt lat="48.970562" lon="-124.748468" />
      <trkpt lat="48.970659" lon="-124.74846" />
      <trkpt lat="48.970872" lon="-124.74846" />
      <trkpt lat="48.971062" lon="-124.748503" />
      <trkpt lat="48.971304" lon="-124.74856" />
      <trkpt lat="48.971522" lon="-124.748587" />
      <trkpt lat="48.971744" lon="-124.748554" />
      <trkpt lat="48.972031" lon="-124.748447" />
      <trkpt lat="48.972282" lon="-124.74832" />
      <trkpt lat="48.972305" lon="-124.747541" />
      <trkpt lat="48.972342" lon="-124.74695" />
      <trkpt lat="48.972314" lon="-124.746447" />
      <trkpt lat="48.972235" lon="-124.746089" />
      <trkpt lat="48.972073" lon="-124.745498" />
      <trkpt lat="48.972015" lon="-124.74507" />
      <trkpt lat="48.971932" lon="-124.743055" />
      <trkpt lat="48.971915" lon="-124.742819" />
      <trkpt lat="48.97172" lon="-124.740109" />
      <trkpt lat="48.971677" lon="-124.739642" />
      <trkpt lat="48.971562" lon="-124.738395" />
      <trkpt lat="48.971384" lon="-124.737157" />
      <trkpt lat="48.971067" lon="-124.736069" />
      <trkpt lat="48.969845" lon="-124.733081" />
      <trkpt lat="48.966972" lon="-124.725522" />
      <trkpt lat="48.965901" lon="-124.722888" />
      <trkpt lat="48.964999" lon="-124.721172" />
      <trkpt lat="48.963774" lon="-124.719476" />
      <trkpt lat="48.963097" lon="-124.717931" />
      <trkpt lat="48.961886" lon="-124.714455" />
      <trkpt lat="48.961306" lon="-124.71317" />
      <trkpt lat="48.961117" lon="-124.712774" />
      <trkpt lat="48.959084" lon="-124.70834" />
      <trkpt lat="48.958212" lon="-124.707096" />
      <trkpt lat="48.955165" lon="-124.704306" />
      <trkpt lat="48.954652" lon="-124.703646" />
      <trkpt lat="48.954179" lon="-124.70304" />
      <trkpt lat="48.953305" lon="-124.701709" />
      <trkpt lat="48.952079" lon="-124.699092" />
      <trkpt lat="48.951591" lon="-124.697707" />
      <trkpt lat="48.950769" lon="-124.694478" />
      <trkpt lat="48.950417" lon="-124.691388" />
      <trkpt lat="48.9506" lon="-124.689865" />
      <trkpt lat="48.951445" lon="-124.68641" />
      <trkpt lat="48.951558" lon="-124.684865" />
      <trkpt lat="48.951544" lon="-124.682977" />
      <trkpt lat="48.951164" lon="-124.680767" />
      <trkpt lat="48.950811" lon="-124.67772" />
      <trkpt lat="48.950713" lon="-124.676003" />
      <trkpt lat="48.950642" lon="-124.673299" />
      <trkpt lat="48.950417" lon="-124.672291" />
      <trkpt lat="48.950059" lon="-124.671692" />
      <trkpt lat="48.949723" lon="-124.670743" />
      <trkpt lat="48.949619" lon="-124.670073" />
      <trkpt lat="48.949478" lon="-124.669096" />
      <trkpt lat="48.948635" lon="-124.667294" />
      <trkpt lat="48.948455" lon="-124.667088" />
      <trkpt lat="48.948" lon="-124.666519" />
      <trkpt lat="48.947401" lon="-124.666165" />
      <trkpt lat="48.944942" lon="-124.665467" />
      <trkpt lat="48.942187" lon="-124.663493" />
      <trkpt lat="48.941552" lon="-124.663461" />
      <trkpt lat="48.940446" lon="-124.663579" />
      <trkpt lat="48.938549" lon="-124.663615" />
      <trkpt lat="48.936772" lon="-124.664019" />
      <trkpt lat="48.934293" lon="-124.664319" />
      <trkpt lat="48.93337" lon="-124.663912" />
      <trkpt lat="48.932688" lon="-124.663784" />
      <trkpt lat="48.932504" lon="-124.663862" />
      <trkpt lat="48.932207" lon="-124.664116" />
      <trkpt lat="48.931366" lon="-124.665737" />
      <trkpt lat="48.931034" lon="-124.666056" />
      <trkpt lat="48.93002" lon="-124.666724" />
      <trkpt lat="48.929498" lon="-124.667153" />
      <trkpt lat="48.929303" lon="-124.667216" />
      <trkpt lat="48.928923" lon="-124.667323" />
      <trkpt lat="48.928029" lon="-124.667837" />
      <trkpt lat="48.922021" lon="-124.674351" />
      <trkpt lat="48.921242" lon="-124.674724" />
      <trkpt lat="48.920632" lon="-124.674769" />
      <trkpt lat="48.919751" lon="-124.674576" />
      <trkpt lat="48.918144" lon="-124.673192" />
      <trkpt lat="48.917488" lon="-124.672913" />
      <trkpt lat="48.916889" lon="-124.672967" />
      <trkpt lat="48.915789" lon="-124.673364" />
      <trkpt lat="48.915225" lon="-124.673932" />
      <trkpt lat="48.914696" lon="-124.67463" />
      <trkpt lat="48.914291" lon="-124.675868" />
      <trkpt lat="48.912736" lon="-124.680627" />
      <trkpt lat="48.912468" lon="-124.68126" />
      <trkpt lat="48.912151" lon="-124.681507" />
      <trkpt lat="48.911551" lon="-124.68155" />
      <trkpt lat="48.910938" lon="-124.681346" />
      <trkpt lat="48.909276" lon="-124.680204" />
      <trkpt lat="48.908388" lon="-124.679936" />
      <trkpt lat="48.907376" lon="-124.679804" />
      <trkpt lat="48.906929" lon="-124.67991" />
      <trkpt lat="48.906643" lon="-124.680091" />
      <trkpt lat="48.906023" lon="-124.680906" />
      <trkpt lat="48.905715" lon="-124.681492" />
      <trkpt lat="48.90505" lon="-124.68312" />
      <trkpt lat="48.904556" lon="-124.683717" />
      <trkpt lat="48.90261" lon="-124.68493" />
      <trkpt lat="48.902003" lon="-124.685627" />
      <trkpt lat="48.900846" lon="-124.687225" />
      <trkpt lat="48.89954" lon="-124.688416" />
      <trkpt lat="48.898209" lon="-124.689339" />
      <trkpt lat="48.896509" lon="-124.690058" />
      <trkpt lat="48.89593" lon="-124.690101" />
      <trkpt lat="48.895411" lon="-124.689941" />
      <trkpt lat="48.89525" lon="-124.689892" />
      <trkpt lat="48.894574" lon="-124.689846" />
      <trkpt lat="48.89416" lon="-124.690036" />
      <trkpt lat="48.893208" lon="-124.690712" />
      <trkpt lat="48.892389" lon="-124.691088" />
      <trkpt lat="48.891924" lon="-124.690927" />
      <trkpt lat="48.891416" lon="-124.690627" />
      <trkpt lat="48.890012" lon="-124.688835" />
      <trkpt lat="48.889109" lon="-124.687955" />
      <trkpt lat="48.888453" lon="-124.687408" />
      <trkpt lat="48.887829" lon="-124.687137" />
      <trkpt lat="48.886965" lon="-124.68715" />
      <trkpt lat="48.885159" lon="-124.686914" />
      <trkpt lat="48.884446" lon="-124.68714" />
      <trkpt lat="48.882845" lon="-124.688481" />
      <trkpt lat="48.882033" lon="-124.68891" />
      <trkpt lat="48.881292" lon="-124.688749" />
      <trkpt lat="48.880181" lon="-124.687913" />
      <trkpt lat="48.879797" lon="-124.687762" />
      <trkpt lat="48.879154" lon="-124.687826" />
      <trkpt lat="48.878512" lon="-124.688373" />
      <trkpt lat="48.877919" lon="-124.689192" />
      <trkpt lat="48.877299" lon="-124.690476" />
      <trkpt lat="48.876311" lon="-124.691099" />
      <trkpt lat="48.875662" lon="-124.691034" />
      <trkpt lat="48.874794" lon="-124.690369" />
      <trkpt lat="48.874095" lon="-124.689253" />
      <trkpt lat="48.873128" lon="-124.688041" />
      <trkpt lat="48.872183" lon="-124.687408" />
      <trkpt lat="48.871505" lon="-124.686711" />
      <trkpt lat="48.871265" lon="-124.685981" />
      <trkpt lat="48.870715" lon="-124.682955" />
      <trkpt lat="48.870701" lon="-124.681925" />
      <trkpt lat="48.870906" lon="-124.68126" />
      <trkpt lat="48.871629" lon="-124.679556" />
      <trkpt lat="48.871837" lon="-124.677891" />
      <trkpt lat="48.871669" lon="-124.677034" />
      <trkpt lat="48.870708" lon="-124.674866" />
      <trkpt lat="48.870489" lon="-124.673836" />
      <trkpt lat="48.870517" lon="-124.672506" />
      <trkpt lat="48.870475" lon="-124.671079" />
      <trkpt lat="48.870355" lon="-124.670478" />
      <trkpt lat="48.869791" lon="-124.669298" />
      <trkpt lat="48.869148" lon="-124.668761" />
      <trkpt lat="48.867377" lon="-124.667753" />
      <trkpt lat="48.866883" lon="-124.667366" />
      <trkpt lat="48.866474" lon="-124.666572" />
      <trkpt lat="48.865662" lon="-124.663751" />
      <trkpt lat="48.865408" lon="-124.663276" />
      <trkpt lat="48.864653" lon="-124.662345" />
      <trkpt lat="48.863799" lon="-124.66153" />
      <trkpt lat="48.863559" lon="-124.660822" />
      <trkpt lat="48.863488" lon="-124.660146" />
      <trkpt lat="48.863554" lon="-124.659648" />
      <trkpt lat="48.863742" lon="-124.659062" />
      <trkpt lat="48.863975" lon="-124.658708" />
      <trkpt lat="48.865591" lon="-124.656702" />
      <trkpt lat="48.866742" lon="-124.655404" />
      <trkpt lat="48.867589" lon="-124.65446" />
      <trkpt lat="48.867975" lon="-124.653897" />
      <trkpt lat="48.869896" lon="-124.650254" />
      <trkpt lat="48.870523" lon="-124.648544" />
      <trkpt lat="48.871301" lon="-124.647121" />
      <trkpt lat="48.871449" lon="-124.645952" />
      <trkpt lat="48.871343" lon="-124.644696" />
      <trkpt lat="48.871392" lon="-124.643581" />
      <trkpt lat="48.87163" lon="-124.642701" />
      <trkpt lat="48.871729" lon="-124.642006" />
      <trkpt lat="48.871869" lon="-124.641244" />
      <trkpt lat="48.871597" lon="-124.640254" />
      <trkpt lat="48.871006" lon="-124.639466" />
      <trkpt lat="48.870666" lon="-124.639278" />
      <trkpt lat="48.869247" lon="-124.639128" />
      <trkpt lat="48.868337" lon="-124.639332" />
      <trkpt lat="48.866142" lon="-124.641113" />
      <trkpt lat="48.865591" lon="-124.641499" />
      <trkpt lat="48.863803" lon="-124.642855" />
      <trkpt lat="48.863739" lon="-124.642903" />
      <trkpt lat="48.862689" lon="-124.643734" />
      <trkpt lat="48.861865" lon="-124.644549" />
      <trkpt lat="48.859747" lon="-124.647358" />
      <trkpt lat="48.859255" lon="-124.648747" />
      <trkpt lat="48.859023" lon="-124.649538" />
      <trkpt lat="48.858905" lon="-124.649784" />
      <trkpt lat="48.858472" lon="-124.650362" />
      <trkpt lat="48.858061" lon="-124.650812" />
      <trkpt lat="48.857596" lon="-124.651206" />
      <trkpt lat="48.856523" lon="-124.652043" />
      <trkpt lat="48.856051" lon="-124.652273" />
      <trkpt lat="48.854936" lon="-124.652264" />
      <trkpt lat="48.848862" lon="-124.649242" />
      <trkpt lat="48.847592" lon="-124.648709" />
      <trkpt lat="48.847413" lon="-124.648676" />
      <trkpt lat="48.846556" lon="-124.648812" />
      <trkpt lat="48.84634" lon="-124.648791" />
      <trkpt lat="48.845089" lon="-124.648218" />
      <trkpt lat="48.844551" lon="-124.648092" />
      <trkpt lat="48.84354" lon="-124.648317" />
      <trkpt lat="48.842498" lon="-124.648842" />
      <trkpt lat="48.842353" lon="-124.648919" />
      <trkpt lat="48.842244" lon="-124.648984" />
      <trkpt lat="48.842154" lon="-124.649035" />
      <trkpt lat="48.839481" lon="-124.650618" />
      <trkpt lat="48.838753" lon="-124.651049" />
      <trkpt lat="48.83806" lon="-124.651583" />
      <trkpt lat="48.837287" lon="-124.652203" />
      <trkpt lat="48.836528" lon="-124.652882" />
      <trkpt lat="48.83594" lon="-124.653396" />
      <trkpt lat="48.835288" lon="-124.653978" />
      <trkpt lat="48.834462" lon="-124.654692" />
      <trkpt lat="48.834055" lon="-124.655024" />
      <trkpt lat="48.833822" lon="-124.655215" />
      <trkpt lat="48.83334" lon="-124.655606" />
      <trkpt lat="48.832788" lon="-124.656127" />
      <trkpt lat="48.831199" lon="-124.657474" />
      <trkpt lat="48.83015" lon="-124.6584" />
      <trkpt lat="48.829084" lon="-124.659323" />
      <trkpt lat="48.828657" lon="-124.659674" />
      <trkpt lat="48.828509" lon="-124.659791" />
      <trkpt lat="48.828418" lon="-124.659869" />
      <trkpt lat="48.828299" lon="-124.659988" />
      <trkpt lat="48.827542" lon="-124.660666" />
      <trkpt lat="48.82695" lon="-124.661031" />
      <trkpt lat="48.826197" lon="-124.661427" />
      <trkpt lat="48.825997" lon="-124.661558" />
      <trkpt lat="48.825788" lon="-124.661628" />
      <trkpt lat="48.825367" lon="-124.661714" />
      <trkpt lat="48.824875" lon="-124.661683" />
      <trkpt lat="48.82443" lon="-124.661781" />
      <trkpt lat="48.8239" lon="-124.661897" />
      <trkpt lat="48.820972" lon="-124.662837" />
      <trkpt lat="48.820303" lon="-124.66323" />
      <trkpt lat="48.819472" lon="-124.663839" />
      <trkpt lat="48.818624" lon="-124.66372" />
      <trkpt lat="48.817602" lon="-124.663438" />
      <trkpt lat="48.817026" lon="-124.663086" />
      <trkpt lat="48.816459" lon="-124.663109" />
      <trkpt lat="48.815946" lon="-124.662978" />
      <trkpt lat="48.815607" lon="-124.663079" />
      <trkpt lat="48.815269" lon="-124.663378" />
      <trkpt lat="48.814936" lon="-124.663458" />
      <trkpt lat="48.813846" lon="-124.663271" />
      <trkpt lat="48.813563" lon="-124.663435" />
      <trkpt lat="48.812894" lon="-124.664285" />
      <trkpt lat="48.812591" lon="-124.664724" />
      <trkpt lat="48.812383" lon="-124.665385" />
      <trkpt lat="48.811989" lon="-124.665903" />
      <trkpt lat="48.811844" lon="-124.66598" />
      <trkpt lat="48.810611" lon="-124.666034" />
      <trkpt lat="48.810362" lon="-124.665822" />
      <trkpt lat="48.810266" lon="-124.665641" />
      <trkpt lat="48.810148" lon="-124.665079" />
      <trkpt lat="48.809822" lon="-124.664564" />
      <trkpt lat="48.809511" lon="-124.664295" />
      <trkpt lat="48.80894" lon="-124.66399" />
      <trkpt lat="48.808318" lon="-124.663466" />
      <trkpt lat="48.807968" lon="-124.663413" />
      <trkpt lat="48.807415" lon="-124.663708" />
      <trkpt lat="48.806549" lon="-124.663856" />
      <trkpt lat="48.806405" lon="-124.663865" />
      <trkpt lat="48.805958" lon="-124.663673" />
      <trkpt lat="48.805542" lon="-124.663197" />
      <trkpt lat="48.80519" lon="-124.662627" />
      <trkpt lat="48.80474" lon="-124.6614" />
      <trkpt lat="48.80458" lon="-124.661231" />
      <trkpt lat="48.804142" lon="-124.66108" />
      <trkpt lat="48.803359" lon="-124.660455" />
      <trkpt lat="48.802892" lon="-124.6598" />
      <trkpt lat="48.802394" lon="-124.659361" />
      <trkpt lat="48.800518" lon="-124.657431" />
      <trkpt lat="48.800411" lon="-124.657134" />
      <trkpt lat="48.799922" lon="-124.65484" />
      <trkpt lat="48.799884" lon="-124.653722" />
      <trkpt lat="48.799767" lon="-124.652479" />
      <trkpt lat="48.799753" lon="-124.65158" />
      <trkpt lat="48.799761" lon="-124.650381" />
      <trkpt lat="48.799836" lon="-124.648927" />
      <trkpt lat="48.799988" lon="-124.647733" />
      <trkpt lat="48.800193" lon="-124.64725" />
      <trkpt lat="48.800189" lon="-124.646909" />
      <trkpt lat="48.800292" lon="-124.645973" />
      <trkpt lat="48.800501" lon="-124.642803" />
      <trkpt lat="48.800421" lon="-124.641698" />
      <trkpt lat="48.80026" lon="-124.640833" />
      <trkpt lat="48.799971" lon="-124.640488" />
      <trkpt lat="48.799556" lon="-124.640377" />
      <trkpt lat="48.799481" lon="-124.640376" />
      <trkpt lat="48.799302" lon="-124.640372" />
      <trkpt lat="48.798996" lon="-124.640366" />
      <trkpt lat="48.798929" lon="-124.640352" />
      <trkpt lat="48.798882" lon="-124.639784" />
      <trkpt lat="48.798867" lon="-124.638984" />
      <trkpt lat="48.798695" lon="-124.637897" />
      <trkpt lat="48.798512" lon="-124.636627" />
      <trkpt lat="48.798314" lon="-124.634138" />
      <trkpt lat="48.798289" lon="-124.631343" />
      <trkpt lat="48.798243" lon="-124.629632" />
      <trkpt lat="48.798692" lon="-124.627417" />
      <trkpt lat="48.798936" lon="-124.626628" />
      <trkpt lat="48.799819" lon="-124.623297" />
      <trkpt lat="48.800005" lon="-124.62271" />
      <trkpt lat="48.800109" lon="-124.622143" />
      <trkpt lat="48.800208" lon="-124.621408" />
      <trkpt lat="48.800165" lon="-124.619783" />
      <trkpt lat="48.800335" lon="-124.61547" />
      <trkpt lat="48.800392" lon="-124.614467" />
      <trkpt lat="48.800515" lon="-124.612544" />
      <trkpt lat="48.800662" lon="-124.61157" />
      <trkpt lat="48.800854" lon="-124.610871" />
      <trkpt lat="48.80096" lon="-124.610275" />
      <trkpt lat="48.801134" lon="-124.60923" />
      <trkpt lat="48.801206" lon="-124.609001" />
      <trkpt lat="48.801494" lon="-124.608582" />
      <trkpt lat="48.801847" lon="-124.607895" />
      <trkpt lat="48.801946" lon="-124.606737" />
      <trkpt lat="48.802766" lon="-124.60208" />
      <trkpt lat="48.802964" lon="-124.600814" />
      <trkpt lat="48.803105" lon="-124.60002" />
      <trkpt lat="48.803345" lon="-124.599334" />
      <trkpt lat="48.803402" lon="-124.598647" />
      <trkpt lat="48.803317" lon="-124.597381" />
      <trkpt lat="48.802582" lon="-124.595622" />
      <trkpt lat="48.802003" lon="-124.592553" />
      <trkpt lat="48.801593" lon="-124.591738" />
      <trkpt lat="48.801339" lon="-124.591201" />
      <trkpt lat="48.801042" lon="-124.590322" />
      <trkpt lat="48.800759" lon="-124.58927" />
      <trkpt lat="48.800674" lon="-124.588455" />
      <trkpt lat="48.800801" lon="-124.587575" />
      <trkpt lat="48.80083" lon="-124.586695" />
      <trkpt lat="48.800703" lon="-124.586266" />
      <trkpt lat="48.800293" lon="-124.585172" />
      <trkpt lat="48.800194" lon="-124.584549" />
      <trkpt lat="48.800137" lon="-124.583863" />
      <trkpt lat="48.800165" lon="-124.58146" />
      <trkpt lat="48.800165" lon="-124.580816" />
      <trkpt lat="48.800109" lon="-124.579121" />
      <trkpt lat="48.800024" lon="-124.578477" />
      <trkpt lat="48.799832" lon="-124.577451" />
      <trkpt lat="48.799473" lon="-124.57646" />
      <trkpt lat="48.799374" lon="-124.575451" />
      <trkpt lat="48.799233" lon="-124.5744" />
      <trkpt lat="48.798978" lon="-124.573649" />
      <trkpt lat="48.798681" lon="-124.573005" />
      <trkpt lat="48.798031" lon="-124.571975" />
      <trkpt lat="48.797862" lon="-124.571353" />
      <trkpt lat="48.797625" lon="-124.570114" />
      <trkpt lat="48.797172" lon="-124.569186" />
      <trkpt lat="48.796844" lon="-124.568542" />
      <trkpt lat="48.79666" lon="-124.567727" />
      <trkpt lat="48.79649" lon="-124.566461" />
      <trkpt lat="48.796222" lon="-124.565817" />
      <trkpt lat="48.795783" lon="-124.565429" />
      <trkpt lat="48.795399" lon="-124.564889" />
      <trkpt lat="48.794837" lon="-124.564208" />
      <trkpt lat="48.794342" lon="-124.563886" />
      <trkpt lat="48.794073" lon="-124.563757" />
      <trkpt lat="48.793649" lon="-124.563521" />
      <trkpt lat="48.793027" lon="-124.56262" />
      <trkpt lat="48.792674" lon="-124.56204" />
      <trkpt lat="48.792278" lon="-124.561912" />
      <trkpt lat="48.791896" lon="-124.561847" />
      <trkpt lat="48.791091" lon="-124.561654" />
      <trkpt lat="48.790723" lon="-124.56174" />
      <trkpt lat="48.790059" lon="-124.562234" />
      <trkpt lat="48.789649" lon="-124.562791" />
      <trkpt lat="48.789295" lon="-124.563521" />
      <trkpt lat="48.789189" lon="-124.563778" />
      <trkpt lat="48.789097" lon="-124.563972" />
      <trkpt lat="48.788967" lon="-124.564052" />
      <trkpt lat="48.78873" lon="-124.56402" />
      <trkpt lat="48.78856" lon="-124.5638" />
      <trkpt lat="48.788419" lon="-124.563585" />
      <trkpt lat="48.788433" lon="-124.563049" />
      <trkpt lat="48.788546" lon="-124.562727" />
      <trkpt lat="48.789013" lon="-124.561032" />
      <trkpt lat="48.789041" lon="-124.560646" />
      <trkpt lat="48.788659" lon="-124.559766" />
      <trkpt lat="48.788433" lon="-124.559594" />
      <trkpt lat="48.788207" lon="-124.559637" />
      <trkpt lat="48.787231" lon="-124.560517" />
      <trkpt lat="48.786736" lon="-124.56071" />
      <trkpt lat="48.785733" lon="-124.56101" />
      <trkpt lat="48.785379" lon="-124.561268" />
      <trkpt lat="48.785082" lon="-124.561397" />
      <trkpt lat="48.784418" lon="-124.561504" />
      <trkpt lat="48.784107" lon="-124.561633" />
      <trkpt lat="48.783683" lon="-124.561676" />
      <trkpt lat="48.782721" lon="-124.561547" />
      <trkpt lat="48.782043" lon="-124.561654" />
      <trkpt lat="48.781534" lon="-124.56174" />
      <trkpt lat="48.780501" lon="-124.561761" />
      <trkpt lat="48.779865" lon="-124.561504" />
      <trkpt lat="48.779172" lon="-124.561354" />
      <trkpt lat="48.778649" lon="-124.561397" />
      <trkpt lat="48.778197" lon="-124.561761" />
      <trkpt lat="48.777688" lon="-124.562105" />
      <trkpt lat="48.777461" lon="-124.562105" />
      <trkpt lat="48.777263" lon="-124.562191" />
      <trkpt lat="48.777037" lon="-124.562384" />
      <trkpt lat="48.776281" lon="-124.56439" />
      <trkpt lat="48.776153" lon="-124.564615" />
      <trkpt lat="48.776033" lon="-124.564744" />
      <trkpt lat="48.775658" lon="-124.564733" />
      <trkpt lat="48.775453" lon="-124.564401" />
      <trkpt lat="48.7751" lon="-124.564229" />
      <trkpt lat="48.774789" lon="-124.564336" />
      <trkpt lat="48.774611" lon="-124.564608" />
      <trkpt lat="48.774789" lon="-124.564336" />
      <trkpt lat="48.7751" lon="-124.564229" />
      <trkpt lat="48.775453" lon="-124.564401" />
      <trkpt lat="48.775658" lon="-124.564733" />
      <trkpt lat="48.776033" lon="-124.564744" />
      <trkpt lat="48.776153" lon="-124.564615" />
      <trkpt lat="48.776281" lon="-124.56439" />
      <trkpt lat="48.777037" lon="-124.562384" />
      <trkpt lat="48.777263" lon="-124.562191" />
      <trkpt lat="48.777461" lon="-124.562105" />
      <trkpt lat="48.777688" lon="-124.562105" />
      <trkpt lat="48.778197" lon="-124.561761" />
      <trkpt lat="48.778649" lon="-124.561397" />
      <trkpt lat="48.779172" lon="-124.561354" />
      <trkpt lat="48.779865" lon="-124.561504" />
      <trkpt lat="48.780501" lon="-124.561761" />
      <trkpt lat="48.781534" lon="-124.56174" />
      <trkpt lat="48.782043" lon="-124.561654" />
      <trkpt lat="48.782721" lon="-124.561547" />
      <trkpt lat="48.783683" lon="-124.561676" />
      <trkpt lat="48.784107" lon="-124.561633" />
      <trkpt lat="48.784418" lon="-124.561504" />
      <trkpt lat="48.785082" lon="-124.561397" />
      <trkpt lat="48.785379" lon="-124.561268" />
      <trkpt lat="48.785733" lon="-124.56101" />
      <trkpt lat="48.786736" lon="-124.56071" />
      <trkpt lat="48.787231" lon="-124.560517" />
      <trkpt lat="48.788207" lon="-124.559637" />
      <trkpt lat="48.788433" lon="-124.559594" />
      <trkpt lat="48.788659" lon="-124.559766" />
      <trkpt lat="48.789041" lon="-124.560646" />
      <trkpt lat="48.789013" lon="-124.561032" />
      <trkpt lat="48.788546" lon="-124.562727" />
      <trkpt lat="48.788433" lon="-124.563049" />
      <trkpt lat="48.788419" lon="-124.563585" />
      <trkpt lat="48.78856" lon="-124.5638" />
      <trkpt lat="48.78873" lon="-124.56402" />
      <trkpt lat="48.788967" lon="-124.564052" />
      <trkpt lat="48.789097" lon="-124.563972" />
      <trkpt lat="48.789189" lon="-124.563778" />
      <trkpt lat="48.789295" lon="-124.563521" />
      <trkpt lat="48.789649" lon="-124.562791" />
      <trkpt lat="48.790059" lon="-124.562234" />
      <trkpt lat="48.790723" lon="-124.56174" />
      <trkpt lat="48.791091" lon="-124.561654" />
      <trkpt lat="48.791896" lon="-124.561847" />
      <trkpt lat="48.792278" lon="-124.561912" />
      <trkpt lat="48.792674" lon="-124.56204" />
      <trkpt lat="48.793027" lon="-124.56262" />
      <trkpt lat="48.793649" lon="-124.563521" />
      <trkpt lat="48.794073" lon="-124.563757" />
      <trkpt lat="48.794342" lon="-124.563886" />
      <trkpt lat="48.794837" lon="-124.564208" />
      <trkpt lat="48.795399" lon="-124.564889" />
      <trkpt lat="48.795783" lon="-124.565429" />
      <trkpt lat="48.796222" lon="-124.565817" />
      <trkpt lat="48.79649" lon="-124.566461" />
      <trkpt lat="48.79666" lon="-124.567727" />
      <trkpt lat="48.796844" lon="-124.568542" />
      <trkpt lat="48.797172" lon="-124.569186" />
      <trkpt lat="48.797625" lon="-124.570114" />
      <trkpt lat="48.797862" lon="-124.571353" />
      <trkpt lat="48.798031" lon="-124.571975" />
      <trkpt lat="48.798681" lon="-124.573005" />
      <trkpt lat="48.798978" lon="-124.573649" />
      <trkpt lat="48.799233" lon="-124.5744" />
      <trkpt lat="48.799374" lon="-124.575451" />
      <trkpt lat="48.799473" lon="-124.57646" />
      <trkpt lat="48.799832" lon="-124.577451" />
      <trkpt lat="48.800024" lon="-124.578477" />
      <trkpt lat="48.800109" lon="-124.579121" />
      <trkpt lat="48.800165" lon="-124.580816" />
      <trkpt lat="48.800165" lon="-124.58146" />
      <trkpt lat="48.800137" lon="-124.583863" />
      <trkpt lat="48.800194" lon="-124.584549" />
      <trkpt lat="48.800293" lon="-124.585172" />
      <trkpt lat="48.800703" lon="-124.586266" />
      <trkpt lat="48.80083" lon="-124.586695" />
      <trkpt lat="48.800801" lon="-124.587575" />
      <trkpt lat="48.800674" lon="-124.588455" />
      <trkpt lat="48.800759" lon="-124.58927" />
      <trkpt lat="48.801042" lon="-124.590322" />
      <trkpt lat="48.801339" lon="-124.591201" />
      <trkpt lat="48.801593" lon="-124.591738" />
      <trkpt lat="48.802003" lon="-124.592553" />
      <trkpt lat="48.802582" lon="-124.595622" />
      <trkpt lat="48.803317" lon="-124.597381" />
      <trkpt lat="48.803402" lon="-124.598647" />
      <trkpt lat="48.803345" lon="-124.599334" />
      <trkpt lat="48.803105" lon="-124.60002" />
      <trkpt lat="48.802964" lon="-124.600814" />
      <trkpt lat="48.802766" lon="-124.60208" />
      <trkpt lat="48.801946" lon="-124.606737" />
      <trkpt lat="48.801847" lon="-124.607895" />
      <trkpt lat="48.801494" lon="-124.608582" />
      <trkpt lat="48.801206" lon="-124.609001" />
      <trkpt lat="48.801134" lon="-124.60923" />
      <trkpt lat="48.80096" lon="-124.610275" />
      <trkpt lat="48.800854" lon="-124.610871" />
      <trkpt lat="48.800662" lon="-124.61157" />
      <trkpt lat="48.800515" lon="-124.612544" />
      <trkpt lat="48.800392" lon="-124.614467" />
      <trkpt lat="48.800335" lon="-124.61547" />
      <trkpt lat="48.800165" lon="-124.619783" />
      <trkpt lat="48.800208" lon="-124.621408" />
      <trkpt lat="48.800109" lon="-124.622143" />
      <trkpt lat="48.800005" lon="-124.62271" />
      <trkpt lat="48.799819" lon="-124.623297" />
      <trkpt lat="48.798936" lon="-124.626628" />
      <trkpt lat="48.798692" lon="-124.627417" />
      <trkpt lat="48.798243" lon="-124.629632" />
      <trkpt lat="48.798289" lon="-124.631343" />
      <trkpt lat="48.798314" lon="-124.634138" />
      <trkpt lat="48.798512" lon="-124.636627" />
      <trkpt lat="48.798695" lon="-124.637897" />
      <trkpt lat="48.798867" lon="-124.638984" />
      <trkpt lat="48.798882" lon="-124.639784" />
      <trkpt lat="48.798929" lon="-124.640352" />
      <trkpt lat="48.798996" lon="-124.640366" />
      <trkpt lat="48.799302" lon="-124.640372" />
      <trkpt lat="48.799481" lon="-124.640376" />
      <trkpt lat="48.799556" lon="-124.640377" />
      <trkpt lat="48.799971" lon="-124.640488" />
      <trkpt lat="48.80026" lon="-124.640833" />
      <trkpt lat="48.800421" lon="-124.641698" />
      <trkpt lat="48.800501" lon="-124.642803" />
      <trkpt lat="48.800292" lon="-124.645973" />
      <trkpt lat="48.800189" lon="-124.646909" />
      <trkpt lat="48.800193" lon="-124.64725" />
      <trkpt lat="48.799988" lon="-124.647733" />
      <trkpt lat="48.799836" lon="-124.648927" />
      <trkpt lat="48.799761" lon="-124.650381" />
      <trkpt lat="48.799753" lon="-124.65158" />
      <trkpt lat="48.799767" lon="-124.652479" />
      <trkpt lat="48.799884" lon="-124.653722" />
      <trkpt lat="48.799922" lon="-124.65484" />
      <trkpt lat="48.800411" lon="-124.657134" />
      <trkpt lat="48.800518" lon="-124.657431" />
      <trkpt lat="48.802394" lon="-124.659361" />
      <trkpt lat="48.802892" lon="-124.6598" />
      <trkpt lat="48.803359" lon="-124.660455" />
      <trkpt lat="48.804142" lon="-124.66108" />
      <trkpt lat="48.80458" lon="-124.661231" />
      <trkpt lat="48.80474" lon="-124.6614" />
      <trkpt lat="48.80519" lon="-124.662627" />
      <trkpt lat="48.805542" lon="-124.663197" />
      <trkpt lat="48.805958" lon="-124.663673" />
      <trkpt lat="48.806405" lon="-124.663865" />
      <trkpt lat="48.806549" lon="-124.663856" />
      <trkpt lat="48.807415" lon="-124.663708" />
      <trkpt lat="48.807968" lon="-124.663413" />
      <trkpt lat="48.808318" lon="-124.663466" />
      <trkpt lat="48.80894" lon="-124.66399" />
      <trkpt lat="48.809511" lon="-124.664295" />
      <trkpt lat="48.809822" lon="-124.664564" />
      <trkpt lat="48.810148" lon="-124.665079" />
      <trkpt lat="48.810266" lon="-124.665641" />
      <trkpt lat="48.810362" lon="-124.665822" />
      <trkpt lat="48.810611" lon="-124.666034" />
      <trkpt lat="48.811844" lon="-124.66598" />
      <trkpt lat="48.811989" lon="-124.665903" />
      <trkpt lat="48.812383" lon="-124.665385" />
      <trkpt lat="48.812591" lon="-124.664724" />
      <trkpt lat="48.812894" lon="-124.664285" />
      <trkpt lat="48.813563" lon="-124.663435" />
      <trkpt lat="48.813846" lon="-124.663271" />
      <trkpt lat="48.814936" lon="-124.663458" />
      <trkpt lat="48.815269" lon="-124.663378" />
      <trkpt lat="48.815607" lon="-124.663079" />
      <trkpt lat="48.815946" lon="-124.662978" />
      <trkpt lat="48.816459" lon="-124.663109" />
      <trkpt lat="48.817026" lon="-124.663086" />
      <trkpt lat="48.817602" lon="-124.663438" />
      <trkpt lat="48.818624" lon="-124.66372" />
      <trkpt lat="48.819472" lon="-124.663839" />
      <trkpt lat="48.820303" lon="-124.66323" />
      <trkpt lat="48.820972" lon="-124.662837" />
      <trkpt lat="48.8239" lon="-124.661897" />
      <trkpt lat="48.82443" lon="-124.661781" />
      <trkpt lat="48.824875" lon="-124.661683" />
      <trkpt lat="48.825367" lon="-124.661714" />
      <trkpt lat="48.825788" lon="-124.661628" />
      <trkpt lat="48.825997" lon="-124.661558" />
      <trkpt lat="48.826197" lon="-124.661427" />
      <trkpt lat="48.82695" lon="-124.661031" />
      <trkpt lat="48.827542" lon="-124.660666" />
      <trkpt lat="48.828299" lon="-124.659988" />
      <trkpt lat="48.828418" lon="-124.659869" />
      <trkpt lat="48.828509" lon="-124.659791" />
      <trkpt lat="48.828657" lon="-124.659674" />
      <trkpt lat="48.829084" lon="-124.659323" />
      <trkpt lat="48.83015" lon="-124.6584" />
      <trkpt lat="48.831199" lon="-124.657474" />
      <trkpt lat="48.832788" lon="-124.656127" />
      <trkpt lat="48.83334" lon="-124.655606" />
      <trkpt lat="48.833822" lon="-124.655215" />
      <trkpt lat="48.834055" lon="-124.655024" />
      <trkpt lat="48.834462" lon="-124.654692" />
      <trkpt lat="48.835288" lon="-124.653978" />
      <trkpt lat="48.83594" lon="-124.653396" />
      <trkpt lat="48.836528" lon="-124.652882" />
      <trkpt lat="48.837287" lon="-124.652203" />
      <trkpt lat="48.83806" lon="-124.651583" />
      <trkpt lat="48.838753" lon="-124.651049" />
      <trkpt lat="48.839481" lon="-124.650618" />
      <trkpt lat="48.842154" lon="-124.649035" />
      <trkpt lat="48.842244" lon="-124.648984" />
      <trkpt lat="48.842353" lon="-124.648919" />
      <trkpt lat="48.842498" lon="-124.648842" />
      <trkpt lat="48.84354" lon="-124.648317" />
      <trkpt lat="48.844551" lon="-124.648092" />
      <trkpt lat="48.845089" lon="-124.648218" />
      <trkpt lat="48.84634" lon="-124.648791" />
      <trkpt lat="48.846556" lon="-124.648812" />
      <trkpt lat="48.847413" lon="-124.648676" />
      <trkpt lat="48.847592" lon="-124.648709" />
      <trkpt lat="48.848862" lon="-124.649242" />
      <trkpt lat="48.854936" lon="-124.652264" />
      <trkpt lat="48.856051" lon="-124.652273" />
      <trkpt lat="48.856523" lon="-124.652043" />
      <trkpt lat="48.857596" lon="-124.651206" />
      <trkpt lat="48.858061" lon="-124.650812" />
      <trkpt lat="48.858472" lon="-124.650362" />
      <trkpt lat="48.858905" lon="-124.649784" />
      <trkpt lat="48.859023" lon="-124.649538" />
      <trkpt lat="48.859255" lon="-124.648747" />
      <trkpt lat="48.859747" lon="-124.647358" />
      <trkpt lat="48.861865" lon="-124.644549" />
      <trkpt lat="48.862689" lon="-124.643734" />
      <trkpt lat="48.862246" lon="-124.643046" />
      <trkpt lat="48.861322" lon="-124.641804" />
      <trkpt lat="48.860993" lon="-124.641007" />
      <trkpt lat="48.860882" lon="-124.640602" />
      <trkpt lat="48.860833" lon="-124.640201" />
      <trkpt lat="48.860826" lon="-124.639235" />
      <trkpt lat="48.861015" lon="-124.638272" />
      <trkpt lat="48.861495" lon="-124.637168" />
      <trkpt lat="48.861683" lon="-124.636862" />
      <trkpt lat="48.86179" lon="-124.636746" />
      <trkpt lat="48.863079" lon="-124.635341" />
      <trkpt lat="48.863926" lon="-124.63385" />
      <trkpt lat="48.864991" lon="-124.632461" />
      <trkpt lat="48.865211" lon="-124.63205" />
      <trkpt lat="48.86574" lon="-124.630717" />
      <trkpt lat="48.866155" lon="-124.630005" />
      <trkpt lat="48.867503" lon="-124.62824" />
      <trkpt lat="48.868924" lon="-124.626381" />
      <trkpt lat="48.869093" lon="-124.62616" />
      <trkpt lat="48.869443" lon="-124.625702" />
      <trkpt lat="48.871472" lon="-124.623162" />
      <trkpt lat="48.871645" lon="-124.623016" />
      <trkpt lat="48.871932" lon="-124.622775" />
      <trkpt lat="48.873161" lon="-124.622006" />
      <trkpt lat="48.87348" lon="-124.621713" />
      <trkpt lat="48.873549" lon="-124.621649" />
      <trkpt lat="48.874425" lon="-124.620846" />
      <trkpt lat="48.874575" lon="-124.620685" />
      <trkpt lat="48.874674" lon="-124.620396" />
      <trkpt lat="48.874657" lon="-124.619351" />
      <trkpt lat="48.874695" lon="-124.618776" />
      <trkpt lat="48.874815" lon="-124.618271" />
      <trkpt lat="48.875062" lon="-124.617552" />
      <trkpt lat="48.875295" lon="-124.616454" />
      <trkpt lat="48.875397" lon="-124.613728" />
      <trkpt lat="48.875402" lon="-124.613595" />
      <trkpt lat="48.875422" lon="-124.613057" />
      <trkpt lat="48.875309" lon="-124.611641" />
      <trkpt lat="48.874872" lon="-124.609427" />
      <trkpt lat="48.87485" lon="-124.609124" />
      <trkpt lat="48.874868" lon="-124.608406" />
      <trkpt lat="48.875131" lon="-124.606577" />
      <trkpt lat="48.875091" lon="-124.605475" />
      <trkpt lat="48.874895" lon="-124.604262" />
      <trkpt lat="48.874889" lon="-124.603908" />
      <trkpt lat="48.875035" lon="-124.602974" />
      <trkpt lat="48.875079" lon="-124.602836" />
      <trkpt lat="48.875114" lon="-124.602724" />
      <trkpt lat="48.87623" lon="-124.599203" />
      <trkpt lat="48.876403" lon="-124.598326" />
      <trkpt lat="48.876657" lon="-124.596513" />
      <trkpt lat="48.876717" lon="-124.594759" />
      <trkpt lat="48.876673" lon="-124.59364" />
      <trkpt lat="48.876113" lon="-124.589679" />
      <trkpt lat="48.876062" lon="-124.588501" />
      <trkpt lat="48.876055" lon="-124.588354" />
      <trkpt lat="48.87605" lon="-124.588231" />
      <trkpt lat="48.876215" lon="-124.587196" />
      <trkpt lat="48.876354" lon="-124.585368" />
      <trkpt lat="48.876458" lon="-124.584796" />
      <trkpt lat="48.876627" lon="-124.584182" />
      <trkpt lat="48.877238" lon="-124.582424" />
      <trkpt lat="48.877327" lon="-124.582012" />
      <trkpt lat="48.877358" lon="-124.580232" />
      <trkpt lat="48.877433" lon="-124.579765" />
      <trkpt lat="48.877952" lon="-124.578199" />
      <trkpt lat="48.878026" lon="-124.576504" />
      <trkpt lat="48.877688" lon="-124.574197" />
      <trkpt lat="48.877503" lon="-124.573222" />
      <trkpt lat="48.877387" lon="-124.57296" />
      <trkpt lat="48.876808" lon="-124.572508" />
      <trkpt lat="48.876516" lon="-124.572127" />
      <trkpt lat="48.87641" lon="-124.571805" />
      <trkpt lat="48.876364" lon="-124.570969" />
      <trkpt lat="48.876544" lon="-124.570565" />
      <trkpt lat="48.87672" lon="-124.570278" />
      <trkpt lat="48.87693" lon="-124.570115" />
      <trkpt lat="48.877199" lon="-124.570066" />
      <trkpt lat="48.878106" lon="-124.570191" />
      <trkpt lat="48.878992" lon="-124.570185" />
      <trkpt lat="48.879756" lon="-124.570451" />
      <trkpt lat="48.879988" lon="-124.57043" />
      <trkpt lat="48.880161" lon="-124.570367" />
      <trkpt lat="48.880359" lon="-124.570194" />
      <trkpt lat="48.880864" lon="-124.569627" />
      <trkpt lat="48.881095" lon="-124.569531" />
      <trkpt lat="48.881462" lon="-124.569534" />
      <trkpt lat="48.882651" lon="-124.570222" />
      <trkpt lat="48.882917" lon="-124.570236" />
      <trkpt lat="48.883215" lon="-124.57013" />
      <trkpt lat="48.883592" lon="-124.569873" />
      <trkpt lat="48.884799" lon="-124.568092" />
      <trkpt lat="48.885159" lon="-124.567824" />
      <trkpt lat="48.88609" lon="-124.567561" />
      <trkpt lat="48.886497" lon="-124.567252" />
      <trkpt lat="48.887177" lon="-124.566168" />
      <trkpt lat="48.888827" lon="-124.562527" />
      <trkpt lat="48.888893" lon="-124.562372" />
      <trkpt lat="48.889075" lon="-124.561946" />
      <trkpt lat="48.889093" lon="-124.561364" />
      <trkpt lat="48.888805" lon="-124.560249" />
      <trkpt lat="48.888537" lon="-124.559399" />
      <trkpt lat="48.888533" lon="-124.559149" />
      <trkpt lat="48.888587" lon="-124.558898" />
      <trkpt lat="48.888667" lon="-124.558776" />
      <trkpt lat="48.888847" lon="-124.558608" />
      <trkpt lat="48.889124" lon="-124.55855" />
      <trkpt lat="48.889715" lon="-124.55862" />
      <trkpt lat="48.889952" lon="-124.558675" />
      <trkpt lat="48.890098" lon="-124.558658" />
      <trkpt lat="48.890281" lon="-124.558515" />
      <trkpt lat="48.890551" lon="-124.558295" />
      <trkpt lat="48.891062" lon="-124.557666" />
      <trkpt lat="48.891516" lon="-124.556563" />
      <trkpt lat="48.892066" lon="-124.556049" />
      <trkpt lat="48.892355" lon="-124.555867" />
      <trkpt lat="48.894139" lon="-124.555396" />
      <trkpt lat="48.89471" lon="-124.555079" />
      <trkpt lat="48.895748" lon="-124.554316" />
      <trkpt lat="48.896889" lon="-124.553364" />
      <trkpt lat="48.8974" lon="-124.552771" />
      <trkpt lat="48.897623" lon="-124.552149" />
      <trkpt lat="48.89829" lon="-124.550065" />
      <trkpt lat="48.898385" lon="-124.549548" />
      <trkpt lat="48.898448" lon="-124.548961" />
      <trkpt lat="48.898466" lon="-124.547925" />
      <trkpt lat="48.898512" lon="-124.547582" />
      <trkpt lat="48.898642" lon="-124.547336" />
      <trkpt lat="48.898816" lon="-124.547246" />
      <trkpt lat="48.899357" lon="-124.546792" />
      <trkpt lat="48.899852" lon="-124.546502" />
      <trkpt lat="48.901198" lon="-124.54569" />
      <trkpt lat="48.901972" lon="-124.545162" />
      <trkpt lat="48.902289" lon="-124.544827" />
      <trkpt lat="48.902915" lon="-124.544005" />
      <trkpt lat="48.903302" lon="-124.543649" />
      <trkpt lat="48.903736" lon="-124.543501" />
      <trkpt lat="48.904658" lon="-124.543696" />
      <trkpt lat="48.905313" lon="-124.543763" />
      <trkpt lat="48.905893" lon="-124.543629" />
      <trkpt lat="48.906196" lon="-124.543519" />
      <trkpt lat="48.906617" lon="-124.543376" />
      <trkpt lat="48.907286" lon="-124.543078" />
      <trkpt lat="48.907847" lon="-124.542899" />
      <trkpt lat="48.908279" lon="-124.542632" />
      <trkpt lat="48.908611" lon="-124.542161" />
      <trkpt lat="48.909347" lon="-124.540581" />
      <trkpt lat="48.909895" lon="-124.539649" />
      <trkpt lat="48.910029" lon="-124.539464" />
      <trkpt lat="48.910196" lon="-124.539152" />
      <trkpt lat="48.910396" lon="-124.538404" />
      <trkpt lat="48.910474" lon="-124.538066" />
      <trkpt lat="48.910613" lon="-124.537698" />
      <trkpt lat="48.910832" lon="-124.537477" />
      <trkpt lat="48.911038" lon="-124.537424" />
      <trkpt lat="48.911224" lon="-124.5375" />
      <trkpt lat="48.911477" lon="-124.537722" />
      <trkpt lat="48.912011" lon="-124.538461" />
      <trkpt lat="48.912168" lon="-124.53861" />
      <trkpt lat="48.912431" lon="-124.538706" />
      <trkpt lat="48.912768" lon="-124.538744" />
      <trkpt lat="48.913118" lon="-124.538609" />
      <trkpt lat="48.913398" lon="-124.53845" />
      <trkpt lat="48.913586" lon="-124.538263" />
      <trkpt lat="48.913766" lon="-124.537899" />
      <trkpt lat="48.913952" lon="-124.537296" />
      <trkpt lat="48.914007" lon="-124.53663" />
      <trkpt lat="48.91395" lon="-124.536037" />
      <trkpt lat="48.913836" lon="-124.535256" />
      <trkpt lat="48.913441" lon="-124.533277" />
      <trkpt lat="48.913406" lon="-124.532773" />
      <trkpt lat="48.913427" lon="-124.532333" />
      <trkpt lat="48.913547" lon="-124.531808" />
      <trkpt lat="48.913732" lon="-124.531273" />
      <trkpt lat="48.914226" lon="-124.530282" />
      <trkpt lat="48.914358" lon="-124.529769" />
      <trkpt lat="48.914415" lon="-124.529237" />
      <trkpt lat="48.914294" lon="-124.528589" />
      <trkpt lat="48.913614" lon="-124.526487" />
      <trkpt lat="48.913532" lon="-124.525755" />
      <trkpt lat="48.91363" lon="-124.524951" />
      <trkpt lat="48.913865" lon="-124.524054" />
      <trkpt lat="48.913988" lon="-124.523457" />
      <trkpt lat="48.913987" lon="-124.522902" />
      <trkpt lat="48.913888" lon="-124.522189" />
      <trkpt lat="48.913724" lon="-124.521666" />
      <trkpt lat="48.913561" lon="-124.52125" />
      <trkpt lat="48.912347" lon="-124.5189" />
      <trkpt lat="48.912102" lon="-124.518113" />
      <trkpt lat="48.912009" lon="-124.517355" />
      <trkpt lat="48.912012" lon="-124.515945" />
      <trkpt lat="48.912179" lon="-124.514694" />
      <trkpt lat="48.912081" lon="-124.514057" />
      <trkpt lat="48.91192" lon="-124.513191" />
      <trkpt lat="48.912002" lon="-124.512786" />
      <trkpt lat="48.912182" lon="-124.512324" />
      <trkpt lat="48.912334" lon="-124.512055" />
      <trkpt lat="48.912518" lon="-124.51213" />
      <trkpt lat="48.912749" lon="-124.512331" />
      <trkpt lat="48.912948" lon="-124.512517" />
      <trkpt lat="48.913147" lon="-124.512635" />
      <trkpt lat="48.913345" lon="-124.512632" />
      <trkpt lat="48.913583" lon="-124.512405" />
      <trkpt lat="48.913927" lon="-124.511865" />
      <trkpt lat="48.914253" lon="-124.511281" />
      <trkpt lat="48.914563" lon="-124.510716" />
      <trkpt lat="48.914737" lon="-124.510078" />
      <trkpt lat="48.915222" lon="-124.508062" />
      <trkpt lat="48.915552" lon="-124.506346" />
      <trkpt lat="48.915802" lon="-124.505041" />
      <trkpt lat="48.916657" lon="-124.502119" />
      <trkpt lat="48.916731" lon="-124.501685" />
      <trkpt lat="48.916694" lon="-124.501323" />
      <trkpt lat="48.916619" lon="-124.500989" />
      <trkpt lat="48.916211" lon="-124.499527" />
      <trkpt lat="48.915925" lon="-124.498619" />
      <trkpt lat="48.915802" lon="-124.498479" />
      <trkpt lat="48.915609" lon="-124.498376" />
      <trkpt lat="48.915365" lon="-124.498425" />
      <trkpt lat="48.914861" lon="-124.498844" />
      <trkpt lat="48.914562" lon="-124.498958" />
      <trkpt lat="48.914325" lon="-124.49892" />
      <trkpt lat="48.914143" lon="-124.498796" />
      <trkpt lat="48.913988" lon="-124.498564" />
      <trkpt lat="48.913769" lon="-124.498203" />
      <trkpt lat="48.913641" lon="-124.497624" />
      <trkpt lat="48.913395" lon="-124.496008" />
      <trkpt lat="48.913016" lon="-124.494174" />
      <trkpt lat="48.912815" lon="-124.493056" />
      <trkpt lat="48.912694" lon="-124.491875" />
      <trkpt lat="48.912607" lon="-124.491303" />
      <trkpt lat="48.912561" lon="-124.490956" />
      <trkpt lat="48.912435" lon="-124.490493" />
      <trkpt lat="48.912387" lon="-124.490212" />
      <trkpt lat="48.912371" lon="-124.489881" />
      <trkpt lat="48.912505" lon="-124.488584" />
      <trkpt lat="48.912716" lon="-124.487336" />
      <trkpt lat="48.912839" lon="-124.486252" />
      <trkpt lat="48.912822" lon="-124.485493" />
      <trkpt lat="48.912868" lon="-124.485232" />
      <trkpt lat="48.913147" lon="-124.484866" />
      <trkpt lat="48.913372" lon="-124.484741" />
      <trkpt lat="48.913639" lon="-124.484553" />
      <trkpt lat="48.913835" lon="-124.484522" />
      <trkpt lat="48.913894" lon="-124.485661" />
      <trkpt lat="48.913908" lon="-124.486653" />
      <trkpt lat="48.914067" lon="-124.488831" />
      <trkpt lat="48.914101" lon="-124.489617" />
      <trkpt lat="48.914166" lon="-124.490542" />
      <trkpt lat="48.914301" lon="-124.491399" />
      <trkpt lat="48.914495" lon="-124.492092" />
      <trkpt lat="48.914683" lon="-124.492425" />
      <trkpt lat="48.914843" lon="-124.492549" />
      <trkpt lat="48.915051" lon="-124.492632" />
      <trkpt lat="48.915622" lon="-124.492591" />
      <trkpt lat="48.91588" lon="-124.492493" />
      <trkpt lat="48.916184" lon="-124.492261" />
      <trkpt lat="48.916975" lon="-124.491088" />
      <trkpt lat="48.917674" lon="-124.489971" />
      <trkpt lat="48.91808" lon="-124.489275" />
      <trkpt lat="48.91859" lon="-124.487823" />
      <trkpt lat="48.918849" lon="-124.487449" />
      <trkpt lat="48.919103" lon="-124.487272" />
      <trkpt lat="48.919361" lon="-124.487263" />
      <trkpt lat="48.919915" lon="-124.48742" />
      <trkpt lat="48.920163" lon="-124.487435" />
      <trkpt lat="48.920449" lon="-124.487304" />
      <trkpt lat="48.920987" lon="-124.486971" />
      <trkpt lat="48.92188" lon="-124.486575" />
      <trkpt lat="48.922247" lon="-124.486231" />
      <trkpt lat="48.922368" lon="-124.486075" />
      <trkpt lat="48.922443" lon="-124.485927" />
      <trkpt lat="48.922535" lon="-124.485651" />
      <trkpt lat="48.922582" lon="-124.485365" />
      <trkpt lat="48.922598" lon="-124.485102" />
      <trkpt lat="48.922616" lon="-124.484563" />
      <trkpt lat="48.922626" lon="-124.483834" />
      <trkpt lat="48.922627" lon="-124.483131" />
      <trkpt lat="48.922622" lon="-124.482356" />
      <trkpt lat="48.922628" lon="-124.481307" />
      <trkpt lat="48.922668" lon="-124.479655" />
      <trkpt lat="48.922675" lon="-124.479365" />
      <trkpt lat="48.922676" lon="-124.47821" />
      <trkpt lat="48.922627" lon="-124.47707" />
      <trkpt lat="48.922271" lon="-124.471591" />
      <trkpt lat="48.922371" lon="-124.471147" />
      <trkpt lat="48.922472" lon="-124.470803" />
      <trkpt lat="48.922524" lon="-124.470661" />
      <trkpt lat="48.922598" lon="-124.470504" />
      <trkpt lat="48.922672" lon="-124.470388" />
      <trkpt lat="48.922758" lon="-124.470264" />
      <trkpt lat="48.922869" lon="-124.470138" />
      <trkpt lat="48.922959" lon="-124.470057" />
      <trkpt lat="48.923062" lon="-124.469976" />
      <trkpt lat="48.923161" lon="-124.469908" />
      <trkpt lat="48.923262" lon="-124.469857" />
      <trkpt lat="48.923378" lon="-124.469814" />
      <trkpt lat="48.923503" lon="-124.469781" />
      <trkpt lat="48.923641" lon="-124.469731" />
      <trkpt lat="48.923759" lon="-124.469685" />
      <trkpt lat="48.923865" lon="-124.469621" />
      <trkpt lat="48.924017" lon="-124.469504" />
      <trkpt lat="48.924168" lon="-124.469392" />
      <trkpt lat="48.924308" lon="-124.469274" />
      <trkpt lat="48.924436" lon="-124.46914" />
      <trkpt lat="48.92453" lon="-124.469033" />
      <trkpt lat="48.924635" lon="-124.468922" />
      <trkpt lat="48.924779" lon="-124.46879" />
      <trkpt lat="48.924942" lon="-124.468635" />
      <trkpt lat="48.925078" lon="-124.4685" />
      <trkpt lat="48.925187" lon="-124.468379" />
      <trkpt lat="48.925272" lon="-124.468257" />
      <trkpt lat="48.925343" lon="-124.468119" />
      <trkpt lat="48.925419" lon="-124.46794" />
      <trkpt lat="48.925485" lon="-124.467758" />
      <trkpt lat="48.925543" lon="-124.467542" />
      <trkpt lat="48.925587" lon="-124.467315" />
      <trkpt lat="48.92562" lon="-124.467107" />
      <trkpt lat="48.925644" lon="-124.466925" />
      <trkpt lat="48.925662" lon="-124.466709" />
      <trkpt lat="48.925673" lon="-124.466484" />
      <trkpt lat="48.925672" lon="-124.466295" />
      <trkpt lat="48.925663" lon="-124.466111" />
      <trkpt lat="48.92565" lon="-124.465921" />
      <trkpt lat="48.925622" lon="-124.465698" />
      <trkpt lat="48.925589" lon="-124.465451" />
      <trkpt lat="48.925551" lon="-124.465211" />
      <trkpt lat="48.9255" lon="-124.464972" />
      <trkpt lat="48.925435" lon="-124.464743" />
      <trkpt lat="48.925327" lon="-124.464479" />
      <trkpt lat="48.925189" lon="-124.464146" />
      <trkpt lat="48.924973" lon="-124.463669" />
      <trkpt lat="48.924799" lon="-124.463261" />
      <trkpt lat="48.924659" lon="-124.462958" />
      <trkpt lat="48.924423" lon="-124.462444" />
      <trkpt lat="48.924317" lon="-124.462212" />
      <trkpt lat="48.92421" lon="-124.461972" />
      <trkpt lat="48.924094" lon="-124.461662" />
      <trkpt lat="48.923974" lon="-124.461288" />
      <trkpt lat="48.92387" lon="-124.460966" />
      <trkpt lat="48.923832" lon="-124.460822" />
      <trkpt lat="48.9238" lon="-124.460657" />
      <trkpt lat="48.923784" lon="-124.460516" />
      <trkpt lat="48.923776" lon="-124.460346" />
      <trkpt lat="48.923779" lon="-124.459438" />
      <trkpt lat="48.923768" lon="-124.458841" />
      <trkpt lat="48.923744" lon="-124.457973" />
      <trkpt lat="48.92371" lon="-124.457022" />
      <trkpt lat="48.923676" lon="-124.456122" />
      <trkpt lat="48.923664" lon="-124.455398" />
      <trkpt lat="48.923661" lon="-124.455214" />
      <trkpt lat="48.923636" lon="-124.454158" />
      <trkpt lat="48.923615" lon="-124.453712" />
      <trkpt lat="48.923577" lon="-124.452668" />
      <trkpt lat="48.923549" lon="-124.452378" />
      <trkpt lat="48.923495" lon="-124.452005" />
      <trkpt lat="48.923435" lon="-124.451639" />
      <trkpt lat="48.923372" lon="-124.451329" />
      <trkpt lat="48.923336" lon="-124.451119" />
      <trkpt lat="48.923319" lon="-124.450967" />
      <trkpt lat="48.923314" lon="-124.4508" />
      <trkpt lat="48.92332" lon="-124.450529" />
      <trkpt lat="48.923312" lon="-124.45018" />
      <trkpt lat="48.92328" lon="-124.449901" />
      <trkpt lat="48.923212" lon="-124.449581" />
      <trkpt lat="48.923142" lon="-124.449255" />
      <trkpt lat="48.923116" lon="-124.449115" />
      <trkpt lat="48.923096" lon="-124.448955" />
      <trkpt lat="48.923091" lon="-124.448761" />
      <trkpt lat="48.923103" lon="-124.44838" />
      <trkpt lat="48.923103" lon="-124.448123" />
      <trkpt lat="48.923091" lon="-124.447817" />
      <trkpt lat="48.923051" lon="-124.447075" />
      <trkpt lat="48.92299" lon="-124.446311" />
      <trkpt lat="48.922972" lon="-124.44596" />
      <trkpt lat="48.922951" lon="-124.445596" />
      <trkpt lat="48.922927" lon="-124.445354" />
      <trkpt lat="48.922865" lon="-124.444922" />
      <trkpt lat="48.922775" lon="-124.444418" />
      <trkpt lat="48.922746" lon="-124.444193" />
      <trkpt lat="48.922731" lon="-124.443972" />
      <trkpt lat="48.922725" lon="-124.443411" />
      <trkpt lat="48.922724" lon="-124.442766" />
      <trkpt lat="48.922716" lon="-124.442389" />
      <trkpt lat="48.922695" lon="-124.442101" />
      <trkpt lat="48.922638" lon="-124.441714" />
      <trkpt lat="48.922519" lon="-124.440953" />
      <trkpt lat="48.922465" lon="-124.440567" />
      <trkpt lat="48.922367" lon="-124.439825" />
      <trkpt lat="48.922317" lon="-124.439503" />
      <trkpt lat="48.922256" lon="-124.43921" />
      <trkpt lat="48.922164" lon="-124.438809" />
      <trkpt lat="48.92208" lon="-124.438453" />
      <trkpt lat="48.922026" lon="-124.438138" />
      <trkpt lat="48.921972" lon="-124.437766" />
      <trkpt lat="48.921905" lon="-124.43722" />
      <trkpt lat="48.921867" lon="-124.436863" />
      <trkpt lat="48.921825" lon="-124.436533" />
      <trkpt lat="48.921788" lon="-124.436296" />
      <trkpt lat="48.921741" lon="-124.436066" />
      <trkpt lat="48.921673" lon="-124.435775" />
      <trkpt lat="48.921628" lon="-124.435518" />
      <trkpt lat="48.921588" lon="-124.435218" />
      <trkpt lat="48.92157" lon="-124.434996" />
      <trkpt lat="48.921549" lon="-124.43474" />
      <trkpt lat="48.921538" lon="-124.434382" />
      <trkpt lat="48.92153" lon="-124.434207" />
      <trkpt lat="48.92151" lon="-124.434057" />
      <trkpt lat="48.921476" lon="-124.433907" />
      <trkpt lat="48.921405" lon="-124.433645" />
      <trkpt lat="48.92137" lon="-124.433468" />
      <trkpt lat="48.921323" lon="-124.433119" />
      <trkpt lat="48.921291" lon="-124.432818" />
      <trkpt lat="48.921272" lon="-124.432536" />
      <trkpt lat="48.921262" lon="-124.432103" />
      <trkpt lat="48.921263" lon="-124.431605" />
      <trkpt lat="48.921277" lon="-124.431311" />
      <trkpt lat="48.921301" lon="-124.431026" />
      <trkpt lat="48.921355" lon="-124.43069" />
      <trkpt lat="48.921446" lon="-124.430265" />
      <trkpt lat="48.921527" lon="-124.429853" />
      <trkpt lat="48.921585" lon="-124.429535" />
      <trkpt lat="48.921622" lon="-124.429295" />
      <trkpt lat="48.921637" lon="-124.429054" />
      <trkpt lat="48.92165" lon="-124.42875" />
      <trkpt lat="48.921659" lon="-124.428325" />
      <trkpt lat="48.921667" lon="-124.427852" />
      <trkpt lat="48.921665" lon="-124.427584" />
      <trkpt lat="48.921656" lon="-124.427271" />
      <trkpt lat="48.921659" lon="-124.426935" />
      <trkpt lat="48.921667" lon="-124.426441" />
      <trkpt lat="48.921697" lon="-124.425654" />
      <trkpt lat="48.921723" lon="-124.425103" />
      <trkpt lat="48.921732" lon="-124.424618" />
      <trkpt lat="48.921733" lon="-124.424353" />
      <trkpt lat="48.921725" lon="-124.424121" />
      <trkpt lat="48.92171" lon="-124.423935" />
      <trkpt lat="48.921694" lon="-124.423794" />
      <trkpt lat="48.92166" lon="-124.42363" />
      <trkpt lat="48.921589" lon="-124.42341" />
      <trkpt lat="48.921325" lon="-124.422604" />
      <trkpt lat="48.92126" lon="-124.422379" />
      <trkpt lat="48.921197" lon="-124.42213" />
      <trkpt lat="48.921122" lon="-124.421789" />
      <trkpt lat="48.921081" lon="-124.421542" />
      <trkpt lat="48.921057" lon="-124.421286" />
      <trkpt lat="48.921044" lon="-124.420992" />
      <trkpt lat="48.921042" lon="-124.420741" />
      <trkpt lat="48.921044" lon="-124.42063" />
      <trkpt lat="48.921051" lon="-124.420387" />
      <trkpt lat="48.92107" lon="-124.419968" />
      <trkpt lat="48.921121" lon="-124.419623" />
      <trkpt lat="48.921187" lon="-124.419219" />
      <trkpt lat="48.92129" lon="-124.418669" />
      <trkpt lat="48.921417" lon="-124.4181" />
      <trkpt lat="48.921453" lon="-124.417885" />
      <trkpt lat="48.92147" lon="-124.417711" />
      <trkpt lat="48.921466" lon="-124.417503" />
      <trkpt lat="48.921451" lon="-124.417147" />
      <trkpt lat="48.921417" lon="-124.41687" />
      <trkpt lat="48.921363" lon="-124.416614" />
      <trkpt lat="48.921293" lon="-124.416402" />
      <trkpt lat="48.921137" lon="-124.416027" />
      <trkpt lat="48.920915" lon="-124.415527" />
      <trkpt lat="48.920807" lon="-124.415318" />
      <trkpt lat="48.920713" lon="-124.415088" />
      <trkpt lat="48.920634" lon="-124.414845" />
      <trkpt lat="48.920586" lon="-124.414641" />
      <trkpt lat="48.920549" lon="-124.414404" />
      <trkpt lat="48.920524" lon="-124.414139" />
      <trkpt lat="48.92051" lon="-124.413888" />
      <trkpt lat="48.920507" lon="-124.41362" />
      <trkpt lat="48.920514" lon="-124.413367" />
      <trkpt lat="48.920722" lon="-124.410681" />
      <trkpt lat="48.920801" lon="-124.409967" />
      <trkpt lat="48.920886" lon="-124.409176" />
      <trkpt lat="48.920946" lon="-124.40867" />
      <trkpt lat="48.920994" lon="-124.408386" />
      <trkpt lat="48.921059" lon="-124.408079" />
      <trkpt lat="48.921161" lon="-124.407717" />
      <trkpt lat="48.92144" lon="-124.407039" />
      <trkpt lat="48.921692" lon="-124.406523" />
      <trkpt lat="48.922092" lon="-124.405701" />
      <trkpt lat="48.922587" lon="-124.40467" />
      <trkpt lat="48.922851" lon="-124.404094" />
      <trkpt lat="48.922988" lon="-124.403768" />
      <trkpt lat="48.923131" lon="-124.403413" />
      <trkpt lat="48.923309" lon="-124.402909" />
      <trkpt lat="48.923377" lon="-124.402658" />
      <trkpt lat="48.923435" lon="-124.402404" />
      <trkpt lat="48.923513" lon="-124.402025" />
      <trkpt lat="48.923589" lon="-124.401602" />
      <trkpt lat="48.92366" lon="-124.401141" />
      <trkpt lat="48.923707" lon="-124.400736" />
      <trkpt lat="48.923733" lon="-124.400367" />
      <trkpt lat="48.923755" lon="-124.400019" />
      <trkpt lat="48.923758" lon="-124.399643" />
      <trkpt lat="48.923738" lon="-124.399242" />
      <trkpt lat="48.923707" lon="-124.398753" />
      <trkpt lat="48.923691" lon="-124.398451" />
      <trkpt lat="48.92367" lon="-124.397946" />
      <trkpt lat="48.92339" lon="-124.393796" />
      <trkpt lat="48.923376" lon="-124.393592" />
      <trkpt lat="48.923348" lon="-124.3932" />
      <trkpt lat="48.923299" lon="-124.392694" />
      <trkpt lat="48.923243" lon="-124.392061" />
      <trkpt lat="48.923119" lon="-124.39036" />
      <trkpt lat="48.923092" lon="-124.389992" />
      <trkpt lat="48.92304" lon="-124.389201" />
      <trkpt lat="48.92294" lon="-124.387678" />
      <trkpt lat="48.922898" lon="-124.387107" />
      <trkpt lat="48.922831" lon="-124.386206" />
      <trkpt lat="48.922773" lon="-124.385225" />
      <trkpt lat="48.922742" lon="-124.384491" />
      <trkpt lat="48.922714" lon="-124.384108" />
      <trkpt lat="48.922649" lon="-124.383504" />
      <trkpt lat="48.922596" lon="-124.382895" />
      <trkpt lat="48.922536" lon="-124.382166" />
      <trkpt lat="48.922493" lon="-124.381326" />
      <trkpt lat="48.922438" lon="-124.380398" />
      <trkpt lat="48.922367" lon="-124.379436" />
      <trkpt lat="48.922252" lon="-124.377986" />
      <trkpt lat="48.922172" lon="-124.376942" />
      <trkpt lat="48.922102" lon="-124.375928" />
      <trkpt lat="48.922078" lon="-124.37572" />
      <trkpt lat="48.922027" lon="-124.375413" />
      <trkpt lat="48.921928" lon="-124.374945" />
      <trkpt lat="48.921838" lon="-124.374583" />
      <trkpt lat="48.921729" lon="-124.374202" />
      <trkpt lat="48.92163" lon="-124.373901" />
      <trkpt lat="48.9214" lon="-124.373276" />
      <trkpt lat="48.92129" lon="-124.37297" />
      <trkpt lat="48.92114" lon="-124.372547" />
      <trkpt lat="48.920937" lon="-124.372004" />
      <trkpt lat="48.920793" lon="-124.371619" />
      <trkpt lat="48.920674" lon="-124.371277" />
      <trkpt lat="48.920573" lon="-124.370961" />
      <trkpt lat="48.920491" lon="-124.37065" />
      <trkpt lat="48.920401" lon="-124.370289" />
      <trkpt lat="48.920307" lon="-124.369878" />
      <trkpt lat="48.920137" lon="-124.369127" />
      <trkpt lat="48.920099" lon="-124.368957" />
      <trkpt lat="48.92001" lon="-124.368508" />
      <trkpt lat="48.919949" lon="-124.368193" />
      <trkpt lat="48.919917" lon="-124.368028" />
      <trkpt lat="48.919806" lon="-124.367448" />
      <trkpt lat="48.919708" lon="-124.366875" />
      <trkpt lat="48.919631" lon="-124.366405" />
      <trkpt lat="48.919582" lon="-124.366067" />
      <trkpt lat="48.919548" lon="-124.365717" />
      <trkpt lat="48.919522" lon="-124.365224" />
      <trkpt lat="48.919493" lon="-124.364647" />
      <trkpt lat="48.919465" lon="-124.364243" />
      <trkpt lat="48.919428" lon="-124.363897" />
      <trkpt lat="48.919373" lon="-124.363451" />
      <trkpt lat="48.919316" lon="-124.363038" />
      <trkpt lat="48.919259" lon="-124.362657" />
      <trkpt lat="48.919216" lon="-124.36241" />
      <trkpt lat="48.919172" lon="-124.362224" />
      <trkpt lat="48.919107" lon="-124.362006" />
      <trkpt lat="48.919038" lon="-124.361783" />
      <trkpt lat="48.918944" lon="-124.361562" />
      <trkpt lat="48.918837" lon="-124.361322" />
      <trkpt lat="48.918735" lon="-124.361139" />
      <trkpt lat="48.918596" lon="-124.360916" />
      <trkpt lat="48.918344" lon="-124.36057" />
      <trkpt lat="48.917992" lon="-124.360091" />
      <trkpt lat="48.917783" lon="-124.359808" />
      <trkpt lat="48.917587" lon="-124.359544" />
      <trkpt lat="48.917442" lon="-124.359327" />
      <trkpt lat="48.917294" lon="-124.35908" />
      <trkpt lat="48.917169" lon="-124.358839" />
      <trkpt lat="48.91708" lon="-124.35865" />
      <trkpt lat="48.917014" lon="-124.358489" />
      <trkpt lat="48.916886" lon="-124.358184" />
      <trkpt lat="48.91671" lon="-124.357731" />
      <trkpt lat="48.916557" lon="-124.357307" />
      <trkpt lat="48.916468" lon="-124.357048" />
      <trkpt lat="48.916397" lon="-124.356787" />
      <trkpt lat="48.916323" lon="-124.356468" />
      <trkpt lat="48.916249" lon="-124.356097" />
      <trkpt lat="48.916191" lon="-124.355738" />
      <trkpt lat="48.916135" lon="-124.355328" />
      <trkpt lat="48.916081" lon="-124.354839" />
      <trkpt lat="48.916059" lon="-124.354536" />
      <trkpt lat="48.916049" lon="-124.354284" />
      <trkpt lat="48.916052" lon="-124.354025" />
      <trkpt lat="48.916066" lon="-124.353674" />
      <trkpt lat="48.916075" lon="-124.353388" />
      <trkpt lat="48.916072" lon="-124.353184" />
      <trkpt lat="48.916053" lon="-124.352936" />
      <trkpt lat="48.91601" lon="-124.352573" />
      <trkpt lat="48.91597" lon="-124.352337" />
      <trkpt lat="48.915915" lon="-124.352104" />
      <trkpt lat="48.915828" lon="-124.351793" />
      <trkpt lat="48.915525" lon="-124.350861" />
      <trkpt lat="48.915311" lon="-124.350203" />
      <trkpt lat="48.915178" lon="-124.349786" />
      <trkpt lat="48.915028" lon="-124.349293" />
      <trkpt lat="48.914913" lon="-124.348896" />
      <trkpt lat="48.91481" lon="-124.348475" />
      <trkpt lat="48.914725" lon="-124.348117" />
      <trkpt lat="48.914667" lon="-124.347823" />
      <trkpt lat="48.914434" lon="-124.346344" />
      <trkpt lat="48.914228" lon="-124.345004" />
      <trkpt lat="48.914169" lon="-124.34465" />
      <trkpt lat="48.914115" lon="-124.344392" />
      <trkpt lat="48.914039" lon="-124.344065" />
      <trkpt lat="48.913887" lon="-124.343437" />
      <trkpt lat="48.913689" lon="-124.342637" />
      <trkpt lat="48.913621" lon="-124.342399" />
      <trkpt lat="48.913545" lon="-124.342185" />
      <trkpt lat="48.913471" lon="-124.342003" />
      <trkpt lat="48.913291" lon="-124.341579" />
      <trkpt lat="48.913169" lon="-124.34127" />
      <trkpt lat="48.912965" lon="-124.340735" />
      <trkpt lat="48.912754" lon="-124.340188" />
      <trkpt lat="48.912439" lon="-124.339391" />
      <trkpt lat="48.912371" lon="-124.339194" />
      <trkpt lat="48.912304" lon="-124.338955" />
      <trkpt lat="48.912204" lon="-124.33858" />
      <trkpt lat="48.912078" lon="-124.338108" />
      <trkpt lat="48.911962" lon="-124.337534" />
      <trkpt lat="48.911881" lon="-124.337056" />
      <trkpt lat="48.911856" lon="-124.336881" />
      <trkpt lat="48.911821" lon="-124.33658" />
      <trkpt lat="48.911796" lon="-124.336205" />
      <trkpt lat="48.911766" lon="-124.335745" />
      <trkpt lat="48.911743" lon="-124.335139" />
      <trkpt lat="48.911717" lon="-124.334815" />
      <trkpt lat="48.911681" lon="-124.334457" />
      <trkpt lat="48.911635" lon="-124.334145" />
      <trkpt lat="48.911591" lon="-124.333909" />
      <trkpt lat="48.911516" lon="-124.333591" />
      <trkpt lat="48.91145" lon="-124.333365" />
      <trkpt lat="48.911309" lon="-124.332934" />
      <trkpt lat="48.911208" lon="-124.332654" />
      <trkpt lat="48.911118" lon="-124.332418" />
      <trkpt lat="48.911002" lon="-124.332161" />
      <trkpt lat="48.910847" lon="-124.33177" />
      <trkpt lat="48.910748" lon="-124.331499" />
      <trkpt lat="48.910691" lon="-124.331319" />
      <trkpt lat="48.910658" lon="-124.331168" />
      <trkpt lat="48.910619" lon="-124.330934" />
      <trkpt lat="48.910584" lon="-124.33071" />
      <trkpt lat="48.910552" lon="-124.330447" />
      <trkpt lat="48.910524" lon="-124.330178" />
      <trkpt lat="48.910499" lon="-124.329845" />
      <trkpt lat="48.910476" lon="-124.329388" />
      <trkpt lat="48.910444" lon="-124.328618" />
      <trkpt lat="48.910424" lon="-124.328221" />
      <trkpt lat="48.910402" lon="-124.327873" />
      <trkpt lat="48.910377" lon="-124.327592" />
      <trkpt lat="48.910341" lon="-124.327311" />
      <trkpt lat="48.910297" lon="-124.327067" />
      <trkpt lat="48.910229" lon="-124.326773" />
      <trkpt lat="48.910106" lon="-124.326295" />
      <trkpt lat="48.91001" lon="-124.325962" />
      <trkpt lat="48.909897" lon="-124.325645" />
      <trkpt lat="48.909607" lon="-124.324821" />
      <trkpt lat="48.90939" lon="-124.324207" />
      <trkpt lat="48.909209" lon="-124.323717" />
      <trkpt lat="48.90905" lon="-124.323279" />
      <trkpt lat="48.908955" lon="-124.323018" />
      <trkpt lat="48.908738" lon="-124.322489" />
      <trkpt lat="48.90857" lon="-124.32208" />
      <trkpt lat="48.908474" lon="-124.321836" />
      <trkpt lat="48.9084" lon="-124.321623" />
      <trkpt lat="48.908344" lon="-124.321449" />
      <trkpt lat="48.908275" lon="-124.32121" />
      <trkpt lat="48.908214" lon="-124.320968" />
      <trkpt lat="48.908159" lon="-124.320679" />
      <trkpt lat="48.908106" lon="-124.320357" />
      <trkpt lat="48.908059" lon="-124.32001" />
      <trkpt lat="48.908042" lon="-124.319738" />
      <trkpt lat="48.908035" lon="-124.319416" />
      <trkpt lat="48.90804" lon="-124.319071" />
      <trkpt lat="48.908054" lon="-124.318839" />
      <trkpt lat="48.908081" lon="-124.318627" />
      <trkpt lat="48.908114" lon="-124.318433" />
      <trkpt lat="48.908168" lon="-124.318205" />
      <trkpt lat="48.908372" lon="-124.317502" />
      <trkpt lat="48.908452" lon="-124.317199" />
      <trkpt lat="48.908517" lon="-124.316928" />
      <trkpt lat="48.908595" lon="-124.316587" />
      <trkpt lat="48.908714" lon="-124.316029" />
      <trkpt lat="48.908741" lon="-124.315869" />
      <trkpt lat="48.908788" lon="-124.315597" />
      <trkpt lat="48.908846" lon="-124.315229" />
      <trkpt lat="48.908882" lon="-124.314971" />
      <trkpt lat="48.908899" lon="-124.314761" />
      <trkpt lat="48.908903" lon="-124.314557" />
      <trkpt lat="48.908899" lon="-124.314295" />
      <trkpt lat="48.908876" lon="-124.314024" />
      <trkpt lat="48.908843" lon="-124.313764" />
      <trkpt lat="48.908799" lon="-124.313489" />
      <trkpt lat="48.908757" lon="-124.313276" />
      <trkpt lat="48.908699" lon="-124.313059" />
      <trkpt lat="48.908621" lon="-124.312804" />
      <trkpt lat="48.908536" lon="-124.312553" />
      <trkpt lat="48.908447" lon="-124.312333" />
      <trkpt lat="48.908353" lon="-124.312133" />
      <trkpt lat="48.908239" lon="-124.311927" />
      <trkpt lat="48.908108" lon="-124.311711" />
      <trkpt lat="48.907972" lon="-124.311507" />
      <trkpt lat="48.907575" lon="-124.310991" />
      <trkpt lat="48.907101" lon="-124.310358" />
      <trkpt lat="48.906861" lon="-124.310034" />
      <trkpt lat="48.906654" lon="-124.309745" />
      <trkpt lat="48.905905" lon="-124.308734" />
      <trkpt lat="48.905804" lon="-124.308594" />
      <trkpt lat="48.90579" lon="-124.308576" />
      <trkpt lat="48.90547" lon="-124.308137" />
      <trkpt lat="48.904951" lon="-124.307452" />
      <trkpt lat="48.904633" lon="-124.307027" />
      <trkpt lat="48.904471" lon="-124.306808" />
      <trkpt lat="48.904328" lon="-124.306593" />
      <trkpt lat="48.904236" lon="-124.306435" />
      <trkpt lat="48.904131" lon="-124.306234" />
      <trkpt lat="48.904049" lon="-124.306062" />
      <trkpt lat="48.903961" lon="-124.305841" />
      <trkpt lat="48.903876" lon="-124.305598" />
      <trkpt lat="48.903817" lon="-124.30541" />
      <trkpt lat="48.903762" lon="-124.305195" />
      <trkpt lat="48.90372" lon="-124.304975" />
      <trkpt lat="48.903685" lon="-124.304764" />
      <trkpt lat="48.903664" lon="-124.304583" />
      <trkpt lat="48.90365" lon="-124.304387" />
      <trkpt lat="48.903645" lon="-124.304132" />
      <trkpt lat="48.903649" lon="-124.303893" />
      <trkpt lat="48.903667" lon="-124.303514" />
      <trkpt lat="48.90373" lon="-124.302861" />
      <trkpt lat="48.90385" lon="-124.301633" />
      <trkpt lat="48.903877" lon="-124.301232" />
      <trkpt lat="48.903867" lon="-124.300806" />
      <trkpt lat="48.903839" lon="-124.300333" />
      <trkpt lat="48.903794" lon="-124.29982" />
      <trkpt lat="48.903717" lon="-124.299228" />
      <trkpt lat="48.903627" lon="-124.298627" />
      <trkpt lat="48.903522" lon="-124.297971" />
      <trkpt lat="48.903392" lon="-124.297298" />
      <trkpt lat="48.90321" lon="-124.296442" />
      <trkpt lat="48.90293" lon="-124.295008" />
      <trkpt lat="48.902876" lon="-124.294778" />
      <trkpt lat="48.902799" lon="-124.294521" />
      <trkpt lat="48.902698" lon="-124.294231" />
      <trkpt lat="48.902582" lon="-124.293937" />
      <trkpt lat="48.902391" lon="-124.293497" />
      <trkpt lat="48.902181" lon="-124.293049" />
      <trkpt lat="48.901917" lon="-124.292479" />
      <trkpt lat="48.901654" lon="-124.291959" />
      <trkpt lat="48.901387" lon="-124.291459" />
      <trkpt lat="48.90121" lon="-124.291137" />
      <trkpt lat="48.901085" lon="-124.290942" />
      <trkpt lat="48.900954" lon="-124.290756" />
      <trkpt lat="48.900784" lon="-124.29052" />
      <trkpt lat="48.900636" lon="-124.290362" />
      <trkpt lat="48.900488" lon="-124.290217" />
      <trkpt lat="48.900283" lon="-124.290029" />
      <trkpt lat="48.899971" lon="-124.28978" />
      <trkpt lat="48.899795" lon="-124.289635" />
      <trkpt lat="48.899629" lon="-124.289486" />
      <trkpt lat="48.899468" lon="-124.289328" />
      <trkpt lat="48.899289" lon="-124.289147" />
      <trkpt lat="48.899113" lon="-124.288942" />
      <trkpt lat="48.898861" lon="-124.288603" />
      <trkpt lat="48.898543" lon="-124.288169" />
      <trkpt lat="48.897982" lon="-124.287329" />
      <trkpt lat="48.897607" lon="-124.286803" />
      <trkpt lat="48.897213" lon="-124.286219" />
      <trkpt lat="48.896564" lon="-124.285303" />
      <trkpt lat="48.896011" lon="-124.284513" />
      <trkpt lat="48.895456" lon="-124.283695" />
      <trkpt lat="48.895135" lon="-124.283241" />
      <trkpt lat="48.894949" lon="-124.282962" />
      <trkpt lat="48.894848" lon="-124.282806" />
      <trkpt lat="48.894717" lon="-124.282519" />
      <trkpt lat="48.894593" lon="-124.282207" />
      <trkpt lat="48.894472" lon="-124.281882" />
      <trkpt lat="48.894397" lon="-124.28163" />
      <trkpt lat="48.89433" lon="-124.281288" />
      <trkpt lat="48.89426" lon="-124.280896" />
      <trkpt lat="48.894201" lon="-124.28041" />
      <trkpt lat="48.894157" lon="-124.280018" />
      <trkpt lat="48.894138" lon="-124.279732" />
      <trkpt lat="48.894134" lon="-124.279526" />
      <trkpt lat="48.894135" lon="-124.277509" />
      <trkpt lat="48.894121" lon="-124.276414" />
      <trkpt lat="48.894108" lon="-124.275737" />
      <trkpt lat="48.894097" lon="-124.27538" />
      <trkpt lat="48.894084" lon="-124.275111" />
      <trkpt lat="48.894055" lon="-124.274823" />
      <trkpt lat="48.894016" lon="-124.274487" />
      <trkpt lat="48.893974" lon="-124.274201" />
      <trkpt lat="48.89392" lon="-124.273919" />
      <trkpt lat="48.893854" lon="-124.273636" />
      <trkpt lat="48.893786" lon="-124.273401" />
      <trkpt lat="48.893704" lon="-124.273149" />
      <trkpt lat="48.893605" lon="-124.272881" />
      <trkpt lat="48.893488" lon="-124.272608" />
      <trkpt lat="48.89339" lon="-124.272379" />
      <trkpt lat="48.893269" lon="-124.272121" />
      <trkpt lat="48.893039" lon="-124.271694" />
      <trkpt lat="48.89271" lon="-124.271053" />
      <trkpt lat="48.892483" lon="-124.270625" />
      <trkpt lat="48.892237" lon="-124.27011" />
      <trkpt lat="48.89181" lon="-124.269281" />
      <trkpt lat="48.891454" lon="-124.268584" />
      <trkpt lat="48.891318" lon="-124.268306" />
      <trkpt lat="48.891201" lon="-124.268047" />
      <trkpt lat="48.891088" lon="-124.267774" />
      <trkpt lat="48.890923" lon="-124.267339" />
      <trkpt lat="48.890781" lon="-124.26696" />
      <trkpt lat="48.890651" lon="-124.266573" />
      <trkpt lat="48.890398" lon="-124.265781" />
      <trkpt lat="48.890148" lon="-124.265" />
      <trkpt lat="48.889957" lon="-124.264393" />
      <trkpt lat="48.889783" lon="-124.263797" />
      <trkpt lat="48.889622" lon="-124.263321" />
      <trkpt lat="48.8895" lon="-124.262988" />
      <trkpt lat="48.88938" lon="-124.262611" />
      <trkpt lat="48.889179" lon="-124.261954" />
      <trkpt lat="48.889109" lon="-124.261744" />
      <trkpt lat="48.888973" lon="-124.261369" />
      <trkpt lat="48.888853" lon="-124.261043" />
      <trkpt lat="48.888729" lon="-124.2607" />
      <trkpt lat="48.888642" lon="-124.260483" />
      <trkpt lat="48.888559" lon="-124.260296" />
      <trkpt lat="48.888417" lon="-124.260024" />
      <trkpt lat="48.888312" lon="-124.259832" />
      <trkpt lat="48.888187" lon="-124.259628" />
      <trkpt lat="48.888033" lon="-124.259392" />
      <trkpt lat="48.887877" lon="-124.259164" />
      <trkpt lat="48.887705" lon="-124.258893" />
      <trkpt lat="48.887629" lon="-124.258757" />
      <trkpt lat="48.887577" lon="-124.258638" />
      <trkpt lat="48.887534" lon="-124.258512" />
      <trkpt lat="48.887492" lon="-124.258362" />
      <trkpt lat="48.887465" lon="-124.258246" />
      <trkpt lat="48.887443" lon="-124.258116" />
      <trkpt lat="48.887425" lon="-124.257945" />
      <trkpt lat="48.887417" lon="-124.257772" />
      <trkpt lat="48.887424" lon="-124.257538" />
      <trkpt lat="48.887489" lon="-124.256577" />
      <trkpt lat="48.887505" lon="-124.256217" />
      <trkpt lat="48.887508" lon="-124.255905" />
      <trkpt lat="48.887505" lon="-124.255608" />
      <trkpt lat="48.887491" lon="-124.255326" />
      <trkpt lat="48.887458" lon="-124.254812" />
      <trkpt lat="48.887418" lon="-124.254446" />
      <trkpt lat="48.887384" lon="-124.254164" />
      <trkpt lat="48.887335" lon="-124.253817" />
      <trkpt lat="48.887277" lon="-124.253441" />
      <trkpt lat="48.887117" lon="-124.25243" />
      <trkpt lat="48.88699" lon="-124.251652" />
      <trkpt lat="48.886924" lon="-124.251232" />
      <trkpt lat="48.886887" lon="-124.251027" />
      <trkpt lat="48.886777" lon="-124.250452" />
      <trkpt lat="48.886711" lon="-124.250122" />
      <trkpt lat="48.886673" lon="-124.249903" />
      <trkpt lat="48.88664" lon="-124.249681" />
      <trkpt lat="48.886612" lon="-124.24948" />
      <trkpt lat="48.886588" lon="-124.24924" />
      <trkpt lat="48.886574" lon="-124.249056" />
      <trkpt lat="48.886566" lon="-124.248865" />
      <trkpt lat="48.886566" lon="-124.248596" />
      <trkpt lat="48.886574" lon="-124.247817" />
      <trkpt lat="48.886571" lon="-124.247369" />
      <trkpt lat="48.886558" lon="-124.246838" />
      <trkpt lat="48.886537" lon="-124.246261" />
      <trkpt lat="48.886524" lon="-124.245928" />
      <trkpt lat="48.886509" lon="-124.245683" />
      <trkpt lat="48.886483" lon="-124.245412" />
      <trkpt lat="48.886421" lon="-124.244853" />
      <trkpt lat="48.886386" lon="-124.244508" />
      <trkpt lat="48.88636" lon="-124.244166" />
      <trkpt lat="48.886346" lon="-124.243918" />
      <trkpt lat="48.886336" lon="-124.243679" />
      <trkpt lat="48.886334" lon="-124.243477" />
      <trkpt lat="48.886335" lon="-124.243264" />
      <trkpt lat="48.886343" lon="-124.243057" />
      <trkpt lat="48.886362" lon="-124.242815" />
      <trkpt lat="48.886392" lon="-124.24251" />
      <trkpt lat="48.886434" lon="-124.242166" />
      <trkpt lat="48.886465" lon="-124.241956" />
      <trkpt lat="48.886497" lon="-124.241803" />
      <trkpt lat="48.886528" lon="-124.241687" />
      <trkpt lat="48.886563" lon="-124.241577" />
      <trkpt lat="48.886611" lon="-124.241469" />
      <trkpt lat="48.886718" lon="-124.241276" />
      <trkpt lat="48.886841" lon="-124.241088" />
      <trkpt lat="48.886995" lon="-124.240867" />
      <trkpt lat="48.887106" lon="-124.240683" />
      <trkpt lat="48.887216" lon="-124.240489" />
      <trkpt lat="48.887357" lon="-124.24022" />
      <trkpt lat="48.887433" lon="-124.24006" />
      <trkpt lat="48.887474" lon="-124.23994" />
      <trkpt lat="48.887511" lon="-124.239822" />
      <trkpt lat="48.887526" lon="-124.239723" />
      <trkpt lat="48.887532" lon="-124.239612" />
      <trkpt lat="48.887529" lon="-124.239524" />
      <trkpt lat="48.887516" lon="-124.239442" />
      <trkpt lat="48.887491" lon="-124.23936" />
      <trkpt lat="48.887449" lon="-124.239261" />
      <trkpt lat="48.887395" lon="-124.239174" />
      <trkpt lat="48.887326" lon="-124.239084" />
      <trkpt lat="48.887226" lon="-124.238981" />
      <trkpt lat="48.887129" lon="-124.238892" />
      <trkpt lat="48.887047" lon="-124.238825" />
      <trkpt lat="48.886966" lon="-124.238772" />
      <trkpt lat="48.8868" lon="-124.238677" />
      <trkpt lat="48.88655" lon="-124.238537" />
      <trkpt lat="48.885943" lon="-124.238245" />
      <trkpt lat="48.885314" lon="-124.237948" />
      <trkpt lat="48.885084" lon="-124.237828" />
      <trkpt lat="48.884839" lon="-124.237699" />
      <trkpt lat="48.88458" lon="-124.237553" />
      <trkpt lat="48.884305" lon="-124.237398" />
      <trkpt lat="48.884128" lon="-124.237273" />
      <trkpt lat="48.88399" lon="-124.237164" />
      <trkpt lat="48.883868" lon="-124.237045" />
      <trkpt lat="48.883722" lon="-124.23688" />
      <trkpt lat="48.883513" lon="-124.236639" />
      <trkpt lat="48.883254" lon="-124.236352" />
      <trkpt lat="48.883119" lon="-124.236181" />
      <trkpt lat="48.882963" lon="-124.235955" />
      <trkpt lat="48.882726" lon="-124.235574" />
      <trkpt lat="48.882499" lon="-124.23519" />
      <trkpt lat="48.88238" lon="-124.23501" />
      <trkpt lat="48.882219" lon="-124.234782" />
      <trkpt lat="48.882022" lon="-124.234504" />
      <trkpt lat="48.881792" lon="-124.23419" />
      <trkpt lat="48.881566" lon="-124.233886" />
      <trkpt lat="48.881287" lon="-124.233506" />
      <trkpt lat="48.881048" lon="-124.233177" />
      <trkpt lat="48.88081" lon="-124.232851" />
      <trkpt lat="48.880568" lon="-124.232513" />
      <trkpt lat="48.880419" lon="-124.232301" />
      <trkpt lat="48.880333" lon="-124.232166" />
      <trkpt lat="48.880274" lon="-124.232063" />
      <trkpt lat="48.880233" lon="-124.231976" />
      <trkpt lat="48.880198" lon="-124.231884" />
      <trkpt lat="48.880166" lon="-124.231778" />
      <trkpt lat="48.880139" lon="-124.231657" />
      <trkpt lat="48.880124" lon="-124.231538" />
      <trkpt lat="48.880115" lon="-124.231422" />
      <trkpt lat="48.880114" lon="-124.231283" />
      <trkpt lat="48.880121" lon="-124.231125" />
      <trkpt lat="48.880143" lon="-124.230909" />
      <trkpt lat="48.880208" lon="-124.230377" />
      <trkpt lat="48.880272" lon="-124.229878" />
      <trkpt lat="48.880329" lon="-124.229408" />
      <trkpt lat="48.880356" lon="-124.229149" />
      <trkpt lat="48.880366" lon="-124.228942" />
      <trkpt lat="48.880372" lon="-124.22876" />
      <trkpt lat="48.88037" lon="-124.228589" />
      <trkpt lat="48.88036" lon="-124.228357" />
      <trkpt lat="48.880357" lon="-124.2282" />
      <trkpt lat="48.880358" lon="-124.228074" />
      <trkpt lat="48.880361" lon="-124.227978" />
      <trkpt lat="48.880373" lon="-124.227865" />
      <trkpt lat="48.880431" lon="-124.227426" />
      <trkpt lat="48.880476" lon="-124.227064" />
      <trkpt lat="48.880537" lon="-124.226514" />
      <trkpt lat="48.880579" lon="-124.226118" />
      <trkpt lat="48.880605" lon="-124.225818" />
      <trkpt lat="48.880615" lon="-124.225583" />
      <trkpt lat="48.880619" lon="-124.225357" />
      <trkpt lat="48.880611" lon="-124.225138" />
      <trkpt lat="48.880587" lon="-124.224617" />
      <trkpt lat="48.880563" lon="-124.224353" />
      <trkpt lat="48.880536" lon="-124.224124" />
      <trkpt lat="48.880505" lon="-124.223935" />
      <trkpt lat="48.880457" lon="-124.223698" />
      <trkpt lat="48.88041" lon="-124.223512" />
      <trkpt lat="48.880354" lon="-124.223311" />
      <trkpt lat="48.880282" lon="-124.22312" />
      <trkpt lat="48.88018" lon="-124.222861" />
      <trkpt lat="48.880009" lon="-124.222457" />
      <trkpt lat="48.87995" lon="-124.222335" />
      <trkpt lat="48.879883" lon="-124.222202" />
      <trkpt lat="48.879792" lon="-124.222047" />
      <trkpt lat="48.879711" lon="-124.221921" />
      <trkpt lat="48.879398" lon="-124.221432" />
      <trkpt lat="48.879207" lon="-124.221125" />
      <trkpt lat="48.879042" lon="-124.220846" />
      <trkpt lat="48.878987" lon="-124.220749" />
      <trkpt lat="48.878942" lon="-124.220669" />
      <trkpt lat="48.878831" lon="-124.220494" />
      <trkpt lat="48.878734" lon="-124.220351" />
      <trkpt lat="48.878618" lon="-124.220186" />
      <trkpt lat="48.87845" lon="-124.219958" />
      <trkpt lat="48.878281" lon="-124.219732" />
      <trkpt lat="48.878175" lon="-124.219589" />
      <trkpt lat="48.878051" lon="-124.219431" />
      <trkpt lat="48.877879" lon="-124.219212" />
      <trkpt lat="48.877792" lon="-124.219102" />
      <trkpt lat="48.877715" lon="-124.219017" />
      <trkpt lat="48.877568" lon="-124.218889" />
      <trkpt lat="48.876915" lon="-124.218344" />
      <trkpt lat="48.876845" lon="-124.218272" />
      <trkpt lat="48.876794" lon="-124.218209" />
      <trkpt lat="48.876555" lon="-124.217915" />
      <trkpt lat="48.87601" lon="-124.217064" />
      <trkpt lat="48.875698" lon="-124.216459" />
      <trkpt lat="48.875587" lon="-124.216045" />
      <trkpt lat="48.875399" lon="-124.215288" />
      <trkpt lat="48.875206" lon="-124.214495" />
      <trkpt lat="48.875191" lon="-124.214415" />
      <trkpt lat="48.875165" lon="-124.214274" />
      <trkpt lat="48.875141" lon="-124.214098" />
      <trkpt lat="48.87513" lon="-124.213808" />
      <trkpt lat="48.875102" lon="-124.210923" />
      <trkpt lat="48.875101" lon="-124.210731" />
      <trkpt lat="48.875084" lon="-124.210088" />
      <trkpt lat="48.875056" lon="-124.209766" />
      <trkpt lat="48.875001" lon="-124.209495" />
      <trkpt lat="48.87483" lon="-124.208921" />
      <trkpt lat="48.874193" lon="-124.206781" />
      <trkpt lat="48.874165" lon="-124.206686" />
      <trkpt lat="48.874121" lon="-124.20654" />
      <trkpt lat="48.874098" lon="-124.206479" />
      <trkpt lat="48.873988" lon="-124.206194" />
      <trkpt lat="48.873859" lon="-124.205861" />
      <trkpt lat="48.873671" lon="-124.205384" />
      <trkpt lat="48.873583" lon="-124.205027" />
      <trkpt lat="48.873278" lon="-124.203146" />
      <trkpt lat="48.873197" lon="-124.202652" />
      <trkpt lat="48.87278" lon="-124.200005" />
      <trkpt lat="48.872193" lon="-124.19632" />
      <trkpt lat="48.872102" lon="-124.19574" />
      <trkpt lat="48.87203" lon="-124.19533" />
      <trkpt lat="48.871971" lon="-124.195017" />
      <trkpt lat="48.871649" lon="-124.193612" />
      <trkpt lat="48.871427" lon="-124.192781" />
      <trkpt lat="48.871415" lon="-124.192748" />
      <trkpt lat="48.871295" lon="-124.192394" />
      <trkpt lat="48.871266" lon="-124.192332" />
      <trkpt lat="48.871134" lon="-124.192049" />
      <trkpt lat="48.870965" lon="-124.191704" />
      <trkpt lat="48.870609" lon="-124.190915" />
      <trkpt lat="48.870507" lon="-124.190657" />
      <trkpt lat="48.87008" lon="-124.189294" />
      <trkpt lat="48.870036" lon="-124.189095" />
      <trkpt lat="48.869644" lon="-124.187338" />
      <trkpt lat="48.869533" lon="-124.18684" />
      <trkpt lat="48.869466" lon="-124.186543" />
      <trkpt lat="48.869299" lon="-124.18546" />
      <trkpt lat="48.869184" lon="-124.185069" />
      <trkpt lat="48.869128" lon="-124.184924" />
      <trkpt lat="48.868524" lon="-124.183233" />
      <trkpt lat="48.8681" lon="-124.181897" />
      <trkpt lat="48.867944" lon="-124.181342" />
    </trkseg>
  </trk>
</gpx>
